order_id,product_id,quantity,unit_price,line_total
1,12,3,6156.74,18470.22
1,4,3,1743.13,5229.39
2,14,2,702.12,1404.24
2,11,3,5472.81,16418.43
2,5,2,875.73,1751.46
3,15,3,238.64,715.92
3,12,2,6061.57,12123.14
3,6,3,2253.11,6759.33
3,13,3,4545.81,13637.43
4,12,2,6755.73,13511.46
4,11,1,4665.44,4665.44
5,12,2,6235.65,12471.3
5,14,3,659.29,1977.87
5,5,3,984.08,2952.24
6,9,3,1813.62,5440.86
6,10,2,4850.17,9700.34
6,14,2,630.83,1261.66
7,11,3,4791.48,14374.44
7,12,2,6722.04,13444.08
7,13,2,3858.33,7716.66
7,7,3,3140.4,9421.2
8,7,3,2894.92,8684.76
8,3,2,2667.47,5334.94
9,7,1,3013.89,3013.89
9,4,3,1893.61,5680.83
10,5,1,898.37,898.37
10,14,1,641.83,641.83
11,5,3,983.12,2949.36
12,5,1,957.83,957.83
12,12,3,6811.08,20433.24
12,10,1,4461.94,4461.94
12,9,1,1960.17,1960.17
13,7,3,2880.35,8641.05
13,2,2,26506.07,53012.14
14,8,2,940.77,1881.54
14,11,3,4534.87,13604.61
14,7,2,3197.22,6394.44
14,6,2,2257.5,4515.0
15,6,3,2044.85,6134.55
15,8,3,869.53,2608.59
15,15,3,267.62,802.86
16,11,2,5199.83,10399.66
17,2,2,26074.21,52148.42
17,14,3,676.76,2030.28
17,4,2,1656.66,3313.32
18,13,2,4258.66,8517.32
18,11,3,5332.48,15997.44
18,6,3,2220.15,6660.45
18,9,2,1705.82,3411.64
19,15,3,240.26,720.78
19,4,2,1956.15,3912.3
19,5,3,883.65,2650.95
20,7,2,2870.42,5740.84
20,6,2,2369.72,4739.44
21,10,2,4160.11,8320.22
21,14,2,650.14,1300.28
22,1,1,51640.12,51640.12
22,5,2,917.35,1834.7
22,6,2,2227.22,4454.44
22,10,2,4561.47,9122.94
23,9,2,1648.42,3296.84
23,6,1,2048.03,2048.03
23,14,2,661.56,1323.12
24,11,3,4718.09,14154.27
24,1,2,58408.7,116817.4
25,8,3,961.73,2885.19
25,12,1,6321.2,6321.2
26,13,2,4188.89,8377.78
26,5,2,922.3,1844.6
26,3,3,2497.99,7493.97
27,6,3,2339.74,7019.22
27,9,1,1666.17,1666.17
27,1,1,54266.51,54266.51
27,3,1,2466.24,2466.24
28,8,1,940.56,940.56
28,2,1,25424.1,25424.1
29,13,3,4006.56,12019.68
29,9,2,1688.53,3377.06
29,12,3,6071.0,18213.0
30,4,3,1712.41,5137.23
30,15,1,257.96,257.96
30,2,1,25339.6,25339.6
30,10,2,4153.18,8306.36
31,15,1,253.27,253.27
31,9,1,1795.02,1795.02
32,12,3,5859.27,17577.81
33,11,2,5095.01,10190.02
33,7,2,2910.12,5820.24
33,3,1,2359.09,2359.09
34,6,2,2172.32,4344.64
34,13,2,4279.87,8559.74
34,10,2,4728.04,9456.08
34,14,3,726.2,2178.6
35,6,2,2150.39,4300.78
35,1,1,53864.16,53864.16
35,4,1,1746.52,1746.52
36,11,1,4778.87,4778.87
36,5,3,908.43,2725.29
36,15,1,254.99,254.99
36,9,2,1974.99,3949.98
37,5,2,950.55,1901.1
37,14,3,674.97,2024.91
37,11,1,4572.59,4572.59
37,7,3,2794.02,8382.06
38,12,3,6148.99,18446.97
39,1,2,59241.43,118482.86
39,12,3,6295.3,18885.9
39,2,3,24056.3,72168.9
39,13,2,4359.93,8719.86
40,11,1,4588.64,4588.64
41,5,2,957.56,1915.12
41,9,1,1718.65,1718.65
42,6,2,2248.49,4496.98
42,3,2,2619.67,5239.34
43,5,2,981.97,1963.94
44,15,1,272.61,272.61
44,5,3,875.02,2625.06
44,3,1,2315.4,2315.4
45,2,2,25145.11,50290.22
45,8,2,942.11,1884.22
46,7,1,3265.59,3265.59
46,12,3,6798.35,20395.05
47,11,3,4959.13,14877.39
47,10,2,4074.95,8149.9
47,6,2,2300.28,4600.56
47,5,1,941.59,941.59
48,8,1,964.47,964.47
48,12,2,6056.49,12112.98
48,15,3,267.03,801.09
48,13,2,4084.87,8169.74
49,12,1,5947.3,5947.3
50,4,3,1918.97,5756.91
50,10,2,4557.5,9115.0
50,6,2,2247.91,4495.82
51,9,2,1934.64,3869.28
51,11,3,4961.01,14883.03
52,6,3,2045.55,6136.65
53,8,2,987.95,1975.9
53,9,2,1950.82,3901.64
54,4,1,1802.22,1802.22
54,5,1,837.31,837.31
54,9,1,1825.02,1825.02
54,11,1,5042.93,5042.93
55,12,1,6767.34,6767.34
56,3,1,2689.06,2689.06
56,6,2,2007.73,4015.46
56,9,2,1979.54,3959.08
56,10,2,4766.94,9533.88
57,1,1,59179.84,59179.84
58,6,2,2021.84,4043.68
58,15,1,264.64,264.64
59,2,3,22875.96,68627.88
59,10,2,4481.65,8963.3
60,5,2,962.12,1924.24
60,3,1,2701.7,2701.7
61,2,2,25634.86,51269.72
61,4,3,1678.8,5036.4
62,2,1,24695.52,24695.52
62,5,2,843.32,1686.64
63,14,3,632.47,1897.41
64,9,2,1683.03,3366.06
65,3,2,2354.15,4708.3
65,15,2,233.07,466.14
65,1,2,52439.72,104879.44
66,11,1,5013.59,5013.59
66,10,2,4296.62,8593.24
66,2,1,26071.32,26071.32
66,13,2,4540.18,9080.36
67,4,2,1760.78,3521.56
67,15,2,273.32,546.64
67,13,2,4501.58,9003.16
68,7,1,2754.04,2754.04
68,6,2,2049.93,4099.86
68,3,1,2453.37,2453.37
68,5,2,979.66,1959.32
69,9,1,1762.41,1762.41
69,1,2,59981.56,119963.12
69,8,2,811.41,1622.82
69,15,3,253.93,761.79
70,10,2,4873.63,9747.26
70,2,3,26404.13,79212.39
71,14,3,683.92,2051.76
71,3,2,2557.45,5114.9
72,3,1,2717.43,2717.43
73,9,3,1958.74,5876.22
74,6,2,2147.49,4294.98
75,2,2,25590.11,51180.22
75,10,2,4731.44,9462.88
76,6,1,2289.59,2289.59
76,3,1,2411.62,2411.62
76,8,1,823.79,823.79
77,5,1,864.9,864.9
77,8,3,925.42,2776.26
77,3,2,2599.7,5199.4
78,6,3,2047.16,6141.48
78,4,1,1783.35,1783.35
78,11,3,4820.82,14462.46
79,13,2,4279.7,8559.4
80,6,2,2256.96,4513.92
80,4,2,1916.44,3832.88
80,14,1,633.37,633.37
80,12,2,6988.98,13977.96
81,5,3,969.65,2908.95
81,12,3,6935.49,20806.47
82,7,2,3215.84,6431.68
82,15,1,252.62,252.62
83,9,1,1826.12,1826.12
83,15,2,266.16,532.32
83,2,3,26697.36,80092.08
83,13,1,4526.83,4526.83
84,14,3,720.96,2162.88
85,14,3,697.78,2093.34
86,15,1,273.56,273.56
87,2,3,26055.62,78166.86
87,7,3,3238.84,9716.52
87,14,2,717.19,1434.38
87,6,2,2202.55,4405.1
88,12,3,7039.68,21119.04
89,7,2,3066.55,6133.1
89,3,1,2611.84,2611.84
90,13,2,4390.48,8780.96
90,12,1,6495.19,6495.19
90,10,1,4386.26,4386.26
90,11,2,4637.49,9274.98
91,4,2,1861.51,3723.02
91,9,1,1886.92,1886.92
92,13,3,3930.12,11790.36
92,6,2,2367.87,4735.74
92,11,2,5318.11,10636.22
93,10,1,4730.05,4730.05
94,2,3,25853.44,77560.32
94,4,3,1666.65,4999.95
94,6,3,2415.69,7247.07
94,9,1,1747.77,1747.77
95,6,2,2080.13,4160.26
96,14,1,685.98,685.98
96,2,3,24931.43,74794.29
96,11,2,4864.44,9728.88
97,10,3,4583.41,13750.23
98,10,3,4204.97,12614.91
99,8,1,910.78,910.78
99,3,1,2400.8,2400.8
99,14,1,654.63,654.63
99,10,1,4543.69,4543.69
100,3,3,2280.49,6841.47
100,1,3,51139.46,153418.38
100,14,3,664.21,1992.63
101,8,3,913.88,2741.64
101,12,3,6021.07,18063.21
102,13,3,4243.29,12729.87
103,14,3,671.78,2015.34
103,13,2,4501.63,9003.26
104,11,2,4838.93,9677.86
105,9,2,1775.54,3551.08
105,7,3,3299.82,9899.46
106,4,1,1630.9,1630.9
106,11,1,5278.58,5278.58
106,5,2,857.96,1715.92
107,12,1,6016.5,6016.5
107,2,1,25853.48,25853.48
107,1,3,53449.25,160347.75
108,8,1,865.05,865.05
109,12,2,6840.65,13681.3
109,8,1,859.64,859.64
109,9,3,1883.6,5650.8
109,2,2,27107.63,54215.26
110,11,1,5089.44,5089.44
111,9,1,1698.22,1698.22
111,7,2,2802.47,5604.94
111,5,2,947.51,1895.02
112,11,3,5039.52,15118.56
112,15,1,261.99,261.99
113,3,3,2700.21,8100.63
113,5,3,889.56,2668.68
113,14,1,755.51,755.51
114,2,3,24145.49,72436.47
114,1,2,50909.7,101819.4
115,11,1,5017.47,5017.47
115,6,3,2244.31,6732.93
115,14,1,690.67,690.67
115,9,2,1675.11,3350.22
116,15,3,226.38,679.14
117,7,2,3099.74,6199.48
118,13,1,4125.06,4125.06
118,6,1,2200.07,2200.07
118,5,3,972.14,2916.42
118,2,3,26527.41,79582.23
119,2,3,25788.62,77365.86
119,5,1,844.37,844.37
119,15,3,258.63,775.89
119,3,1,2739.9,2739.9
120,1,1,54983.58,54983.58
121,10,2,4505.73,9011.46
121,13,2,4074.5,8149.0
121,4,1,1977.9,1977.9
121,3,2,2545.11,5090.22
122,6,2,2203.1,4406.2
122,2,1,26834.72,26834.72
122,15,2,231.85,463.7
123,4,2,1726.37,3452.74
124,15,3,236.82,710.46
124,12,1,6881.76,6881.76
124,1,3,53077.48,159232.44
124,7,1,2829.51,2829.51
125,11,1,4954.92,4954.92
125,8,3,840.8,2522.4
126,8,2,907.77,1815.54
126,4,2,1838.92,3677.84
126,14,1,636.26,636.26
127,5,2,943.54,1887.08
127,10,2,4341.48,8682.96
127,4,3,1818.29,5454.87
128,7,3,2834.27,8502.81
128,1,3,57107.92,171323.76
128,5,2,937.95,1875.9
129,1,1,50850.13,50850.13
129,9,1,1840.03,1840.03
129,15,1,233.18,233.18
130,11,1,4676.43,4676.43
130,10,2,4863.19,9726.38
131,6,3,2206.83,6620.49
131,2,2,26335.77,52671.54
131,8,3,965.14,2895.42
132,15,3,238.26,714.78
132,9,1,1968.14,1968.14
132,8,2,960.38,1920.76
132,3,3,2599.85,7799.55
133,9,2,1900.76,3801.52
133,4,1,1910.36,1910.36
133,12,3,6933.57,20800.71
134,8,2,891.73,1783.46
134,10,2,4874.77,9749.54
135,6,1,2279.95,2279.95
136,9,3,1665.63,4996.89
136,5,1,928.74,928.74
136,13,1,3983.17,3983.17
137,15,2,264.22,528.44
138,6,3,2307.08,6921.24
139,6,2,2186.89,4373.78
139,13,2,4361.22,8722.44
140,1,3,58470.97,175412.91
140,5,2,897.94,1795.88
141,3,1,2471.95,2471.95
142,3,3,2611.76,7835.28
142,8,1,907.47,907.47
142,5,1,856.56,856.56
143,4,1,1846.83,1846.83
144,5,1,939.17,939.17
145,9,2,1764.99,3529.98
145,14,3,727.86,2183.58
145,11,3,5388.33,16164.99
145,8,3,839.1,2517.3
146,1,2,53351.78,106703.56
146,4,2,1656.23,3312.46
147,5,3,957.85,2873.55
147,12,2,6313.09,12626.18
148,6,2,2268.18,4536.36
149,1,3,57008.36,171025.08
150,8,1,899.92,899.92
150,15,2,235.94,471.88
151,7,2,2961.56,5923.12
151,5,3,845.84,2537.52
151,8,3,939.21,2817.63
152,3,1,2568.31,2568.31
152,9,3,1872.6,5617.8
153,13,3,4334.56,13003.68
154,1,3,52216.66,156649.98
154,12,1,6708.04,6708.04
154,5,3,835.25,2505.75
155,4,3,1760.69,5282.07
156,12,3,6831.94,20495.82
157,6,1,2383.18,2383.18
157,15,2,271.72,543.44
157,9,2,1975.06,3950.12
157,13,3,3951.94,11855.82
158,14,1,633.56,633.56
158,8,2,949.23,1898.46
158,2,3,23401.17,70203.51
158,1,3,56184.94,168554.82
159,1,2,49932.95,99865.9
160,12,1,6095.36,6095.36
161,10,3,4639.62,13918.86
161,6,3,2074.79,6224.37
162,9,1,1669.66,1669.66
162,8,2,865.4,1730.8
163,14,2,679.58,1359.16
164,10,2,4212.04,8424.08
164,1,2,49996.74,99993.48
165,7,2,2878.6,5757.2
165,9,3,1849.7,5549.1
165,6,1,2161.49,2161.49
165,15,3,250.84,752.52
166,14,2,761.39,1522.78
166,15,1,233.65,233.65
166,7,3,3127.15,9381.45
166,13,2,4367.15,8734.3
167,5,3,954.38,2863.14
167,10,3,4273.8,12821.4
167,4,3,1850.0,5550.0
168,9,2,1815.59,3631.18
169,9,2,1782.2,3564.4
169,14,3,729.79,2189.37
169,7,3,3139.03,9417.09
170,12,2,6407.61,12815.22
170,1,2,49741.81,99483.62
170,9,3,1639.54,4918.62
171,12,1,7139.54,7139.54
171,9,2,1925.87,3851.74
171,7,1,2877.51,2877.51
171,2,1,24565.28,24565.28
172,9,3,1757.86,5273.58
173,9,1,1963.18,1963.18
174,15,3,231.26,693.78
174,4,3,1978.92,5936.76
174,14,3,703.33,2109.99
175,7,3,2840.62,8521.86
175,8,2,885.44,1770.88
175,2,2,27106.84,54213.68
176,14,3,740.68,2222.04
177,6,1,2155.96,2155.96
177,10,1,4947.43,4947.43
177,4,3,1844.78,5534.34
178,11,2,4881.54,9763.08
178,12,1,5857.32,5857.32
179,14,2,751.25,1502.5
179,9,1,1647.22,1647.22
179,1,1,50198.76,50198.76
179,12,1,6967.39,6967.39
180,15,1,242.43,242.43
180,9,2,1962.69,3925.38
180,3,1,2575.08,2575.08
180,11,2,5034.22,10068.44
181,9,1,1736.23,1736.23
181,8,3,821.55,2464.65
181,6,3,2235.98,6707.94
182,10,3,4347.82,13043.46
183,6,2,1985.6,3971.2
183,15,3,225.24,675.72
183,10,2,4831.76,9663.52
183,4,2,1780.19,3560.38
184,15,3,257.48,772.44
185,2,2,26833.92,53667.84
185,15,1,227.67,227.67
185,6,3,2021.3,6063.9
185,9,3,1812.48,5437.44
186,14,1,738.19,738.19
186,8,2,951.25,1902.5
187,14,3,752.25,2256.75
188,15,3,234.6,703.8
189,12,1,6975.95,6975.95
189,8,3,826.49,2479.47
189,11,2,5182.08,10364.16
190,6,1,2409.22,2409.22
190,15,3,226.61,679.83
190,14,3,674.7,2024.1
191,11,2,4655.51,9311.02
192,3,3,2707.28,8121.84
193,9,2,1878.94,3757.88
194,10,3,4072.93,12218.79
194,12,3,6387.54,19162.62
194,8,3,942.83,2828.49
194,11,1,5018.35,5018.35
195,12,2,5986.1,11972.2
195,10,3,4152.82,12458.46
195,14,2,657.39,1314.78
196,9,3,1857.62,5572.86
196,8,3,944.13,2832.39
196,13,3,4112.39,12337.17
197,1,1,54800.8,54800.8
198,7,2,3131.35,6262.7
199,1,3,51306.43,153919.29
200,10,1,4856.73,4856.73
200,6,1,2189.54,2189.54
200,15,3,254.91,764.73
200,1,3,50362.27,151086.81
201,3,1,2512.42,2512.42
201,14,2,743.32,1486.64
202,2,3,24308.14,72924.42
202,4,2,1667.72,3335.44
202,9,1,1933.48,1933.48
203,11,2,4646.17,9292.34
203,4,2,1775.23,3550.46
203,10,3,4672.06,14016.18
203,12,3,6646.05,19938.15
204,14,2,718.09,1436.18
204,1,1,50873.72,50873.72
205,9,2,1732.01,3464.02
205,12,1,6001.98,6001.98
206,12,1,7077.87,7077.87
206,10,1,4088.47,4088.47
206,13,1,4574.25,4574.25
206,5,2,846.67,1693.34
207,9,2,1836.45,3672.9
207,1,3,50338.4,151015.2
207,12,1,6277.31,6277.31
207,10,3,4399.42,13198.26
208,1,1,53121.07,53121.07
208,3,3,2682.03,8046.09
208,11,1,5200.39,5200.39
208,6,1,2055.9,2055.9
209,2,3,24932.97,74798.91
209,13,1,4377.41,4377.41
209,3,3,2331.57,6994.71
209,4,1,1754.53,1754.53
210,11,2,4552.48,9104.96
210,4,1,1974.06,1974.06
210,6,2,2197.27,4394.54
210,9,2,1853.57,3707.14
211,3,3,2689.91,8069.73
212,4,1,1783.16,1783.16
212,1,2,52528.79,105057.58
212,11,2,5189.07,10378.14
212,6,2,2234.52,4469.04
213,12,3,6659.39,19978.17
214,3,1,2264.91,2264.91
215,1,1,54982.48,54982.48
215,6,3,2188.01,6564.03
215,4,1,1803.75,1803.75
216,12,2,6058.62,12117.24
216,8,3,862.36,2587.08
216,13,3,3914.04,11742.12
216,9,3,1976.66,5929.98
217,7,2,2844.62,5689.24
217,11,3,4584.39,13753.17
218,13,3,4538.56,13615.68
218,10,1,4746.13,4746.13
218,15,2,260.16,520.32
219,15,3,249.28,747.84
220,5,3,972.25,2916.75
221,6,3,2075.54,6226.62
221,3,3,2322.43,6967.29
221,7,3,2737.33,8211.99
222,13,1,3857.62,3857.62
222,4,1,1777.81,1777.81
222,9,2,1944.77,3889.54
223,13,2,4548.39,9096.78
223,8,1,945.76,945.76
223,14,1,646.78,646.78
223,15,3,264.87,794.61
224,15,1,238.98,238.98
224,9,3,1897.04,5691.12
224,7,2,3013.16,6026.32
225,2,3,25110.42,75331.26
225,6,2,2015.49,4030.98
225,3,2,2701.49,5402.98
226,9,3,1837.59,5512.77
227,7,2,2903.74,5807.48
228,2,3,22789.26,68367.78
229,8,3,896.78,2690.34
230,4,3,1943.85,5831.55
230,15,3,273.61,820.83
230,9,2,1629.62,3259.24
231,5,3,901.78,2705.34
232,10,2,4688.44,9376.88
232,7,2,3003.85,6007.7
233,12,3,6894.15,20682.45
233,1,3,60124.07,180372.21
233,15,3,270.29,810.87
234,9,2,1857.97,3715.94
235,9,2,1802.6,3605.2
235,2,1,26466.21,26466.21
236,1,3,56628.89,169886.67
236,3,2,2548.61,5097.22
237,5,2,948.12,1896.24
238,10,3,4748.88,14246.64
238,13,3,4199.16,12597.48
238,15,1,272.66,272.66
238,1,2,59307.43,118614.86
239,4,1,1945.97,1945.97
239,14,2,665.25,1330.5
239,10,1,4935.46,4935.46
239,6,3,2121.54,6364.62
240,9,1,1648.04,1648.04
240,5,3,851.99,2555.97
240,10,2,4825.96,9651.92
240,13,3,4603.03,13809.09
241,4,1,1910.57,1910.57
241,13,3,3955.01,11865.03
242,12,1,7035.64,7035.64
242,5,1,899.48,899.48
243,6,1,2143.63,2143.63
243,2,3,26782.13,80346.39
244,15,3,268.92,806.76
244,5,3,844.59,2533.77
244,7,3,2753.97,8261.91
244,13,2,3982.2,7964.4
245,8,2,824.33,1648.66
245,9,3,1854.57,5563.71
245,1,1,50270.39,50270.39
246,6,3,2148.54,6445.62
246,13,2,3930.9,7861.8
246,11,3,5279.14,15837.42
247,10,1,4446.12,4446.12
247,9,1,1711.61,1711.61
247,2,2,27241.04,54482.08
247,12,1,6345.55,6345.55
248,4,2,1702.86,3405.72
248,13,3,4471.02,13413.06
249,7,2,2836.11,5672.22
249,12,1,6810.45,6810.45
249,2,3,23219.43,69658.29
250,10,3,4819.13,14457.39
251,13,2,4058.02,8116.04
251,6,3,2102.73,6308.19
251,1,3,53452.05,160356.15
252,9,1,1807.41,1807.41
252,8,1,862.33,862.33
252,3,1,2554.53,2554.53
252,5,3,969.59,2908.77
253,12,2,7125.62,14251.24
253,8,2,976.17,1952.34
253,10,1,4106.68,4106.68
254,8,2,851.92,1703.84
254,5,2,964.2,1928.4
254,14,1,646.01,646.01
254,11,2,4901.26,9802.52
255,1,2,53625.65,107251.3
255,7,2,3103.88,6207.76
255,14,2,691.42,1382.84
255,12,2,6439.13,12878.26
256,10,3,4257.73,12773.19
257,14,2,753.63,1507.26
257,15,3,245.84,737.52
258,13,1,4373.36,4373.36
258,15,3,241.51,724.53
258,8,1,940.24,940.24
258,9,1,1879.63,1879.63
259,6,3,2215.85,6647.55
259,14,3,718.69,2156.07
260,13,1,3919.3,3919.3
260,7,3,2814.96,8444.88
261,14,1,750.34,750.34
261,5,3,927.09,2781.27
261,12,3,6662.53,19987.59
261,3,2,2640.72,5281.44
262,13,1,4528.69,4528.69
262,4,2,1868.04,3736.08
262,3,1,2671.93,2671.93
263,11,3,4983.69,14951.07
264,8,1,929.16,929.16
264,4,1,1837.04,1837.04
264,9,2,1962.36,3924.72
264,1,1,50209.64,50209.64
265,8,2,883.79,1767.58
265,3,2,2330.9,4661.8
265,13,1,4599.09,4599.09
266,13,1,4078.1,4078.1
266,3,2,2339.31,4678.62
266,10,1,4647.5,4647.5
267,9,2,1913.69,3827.38
268,5,3,940.32,2820.96
268,15,1,230.07,230.07
268,9,1,1877.27,1877.27
269,6,1,2004.69,2004.69
269,2,1,22565.13,22565.13
269,9,1,1959.26,1959.26
270,10,3,4510.55,13531.65
270,1,3,59235.71,177707.13
270,13,2,4421.41,8842.82
271,8,1,933.23,933.23
272,9,1,1672.62,1672.62
273,9,1,1735.72,1735.72
273,7,2,2962.42,5924.84
273,12,3,6913.39,20740.17
273,4,3,1719.28,5157.84
274,2,1,24721.94,24721.94
274,6,1,2244.24,2244.24
274,5,3,861.99,2585.97
274,9,1,1746.41,1746.41
275,7,2,3137.96,6275.92
276,11,1,4668.11,4668.11
276,1,1,51592.05,51592.05
277,11,2,4577.71,9155.42
277,4,3,1852.88,5558.64
277,12,2,6669.93,13339.86
277,2,1,24335.65,24335.65
278,13,3,4207.56,12622.68
279,14,1,637.64,637.64
280,8,2,986.65,1973.3
281,12,2,6650.64,13301.28
281,4,1,1743.08,1743.08
281,10,3,4617.73,13853.19
281,1,1,49920.91,49920.91
282,1,2,54478.1,108956.2
282,5,1,862.47,862.47
282,8,2,848.36,1696.72
282,14,2,732.18,1464.36
283,14,1,708.39,708.39
284,3,2,2484.82,4969.64
285,11,2,5116.3,10232.6
285,9,2,1923.35,3846.7
285,12,1,6326.25,6326.25
285,7,3,2773.22,8319.66
286,6,3,2076.26,6228.78
286,12,2,7023.64,14047.28
286,14,3,739.51,2218.53
286,3,1,2544.63,2544.63
287,1,2,49534.84,99069.68
287,14,2,743.91,1487.82
287,10,1,4495.11,4495.11
288,9,1,1888.49,1888.49
288,3,1,2587.7,2587.7
288,14,2,632.16,1264.32
288,5,1,854.99,854.99
289,14,1,676.12,676.12
290,15,2,270.21,540.42
291,6,3,2169.68,6509.04
291,8,3,893.9,2681.7
291,14,1,759.94,759.94
292,10,3,4834.57,14503.71
292,1,3,56932.81,170798.43
292,7,1,3038.02,3038.02
292,3,3,2463.78,7391.34
293,7,3,3000.83,9002.49
293,8,3,817.24,2451.72
293,15,1,225.74,225.74
293,6,3,2144.93,6434.79
294,3,1,2501.84,2501.84
294,9,2,1960.74,3921.48
295,2,1,22583.56,22583.56
296,10,2,4404.16,8808.32
296,9,1,1633.79,1633.79
296,3,2,2391.96,4783.92
297,11,3,5140.96,15422.88
298,4,1,1912.9,1912.9
298,11,2,5129.06,10258.12
298,1,2,60176.83,120353.66
299,8,2,984.81,1969.62
300,5,2,885.53,1771.06
300,15,2,230.11,460.22
301,2,2,22892.56,45785.12
301,15,2,261.38,522.76
301,8,2,930.46,1860.92
302,7,1,3213.76,3213.76
303,15,1,232.83,232.83
303,2,3,23778.51,71335.53
303,6,1,2343.24,2343.24
304,14,1,661.19,661.19
304,7,1,3190.94,3190.94
305,8,2,901.49,1802.98
305,15,1,274.61,274.61
305,1,1,52155.08,52155.08
306,4,3,1787.92,5363.76
306,13,2,4510.57,9021.14
306,7,3,3031.31,9093.93
306,15,3,236.44,709.32
307,2,1,23164.31,23164.31
307,7,1,2743.57,2743.57
307,3,2,2259.76,4519.52
307,14,1,721.7,721.7
308,12,1,6981.03,6981.03
309,11,3,5104.32,15312.96
309,7,3,2986.93,8960.79
309,9,2,1867.23,3734.46
309,1,3,59374.05,178122.15
310,13,1,4268.53,4268.53
310,14,1,689.21,689.21
311,15,2,264.67,529.34
311,10,3,4398.29,13194.87
311,8,3,812.47,2437.41
312,1,2,51051.56,102103.12
313,14,3,708.75,2126.25
314,2,2,24786.6,49573.2
314,4,2,1736.64,3473.28
314,12,2,6612.0,13224.0
314,3,1,2345.14,2345.14
315,7,3,3204.18,9612.54
315,10,2,4866.62,9733.24
316,14,2,752.04,1504.08
316,7,3,3133.59,9400.77
316,6,3,2272.15,6816.45
317,12,3,6532.08,19596.24
318,5,1,891.15,891.15
318,10,2,4199.31,8398.62
318,1,1,56622.71,56622.71
318,8,2,857.83,1715.66
319,1,1,58281.79,58281.79
319,4,1,1624.06,1624.06
319,6,3,2360.38,7081.14
319,14,2,762.86,1525.72
320,7,2,2755.41,5510.82
320,14,3,654.16,1962.48
320,8,1,902.0,902.0
321,13,1,3879.69,3879.69
321,8,3,936.5,2809.5
321,6,2,2019.84,4039.68
321,7,1,3091.16,3091.16
322,7,2,3146.22,6292.44
323,2,1,25018.72,25018.72
323,5,2,833.19,1666.38
323,7,1,3178.99,3178.99
323,4,3,1674.21,5022.63
324,11,1,5254.43,5254.43
324,9,2,1680.16,3360.32
324,12,1,6499.43,6499.43
324,7,2,2781.04,5562.08
325,12,1,6501.39,6501.39
325,10,1,4543.87,4543.87
326,15,2,274.9,549.8
327,3,3,2735.72,8207.16
327,8,1,922.69,922.69
327,14,3,675.26,2025.78
327,2,1,25850.81,25850.81
328,7,1,2977.74,2977.74
328,5,1,944.14,944.14
328,2,2,23280.07,46560.14
328,15,2,233.45,466.9
329,14,2,746.42,1492.84
329,13,3,4219.38,12658.14
329,12,1,6048.34,6048.34
330,2,3,27303.78,81911.34
330,15,3,271.69,815.07
330,11,2,4810.79,9621.58
331,2,2,23237.67,46475.34
331,3,3,2350.63,7051.89
331,7,1,2743.27,2743.27
332,11,3,5044.55,15133.65
332,1,2,59554.74,119109.48
333,11,1,4894.05,4894.05
333,4,2,1882.35,3764.7
334,7,3,3231.88,9695.64
334,13,2,4263.07,8526.14
334,8,1,854.47,854.47
335,13,3,4503.68,13511.04
336,9,2,1639.0,3278.0
336,12,1,7089.65,7089.65
337,13,1,4042.64,4042.64
337,7,1,3196.01,3196.01
338,11,3,4670.9,14012.7
339,13,1,3903.56,3903.56
339,2,2,25384.86,50769.72
339,6,3,2245.08,6735.24
339,1,3,56574.61,169723.83
340,9,3,1787.21,5361.63
341,6,2,2323.02,4646.04
342,14,3,660.81,1982.43
342,11,2,4675.2,9350.4
342,15,1,238.16,238.16
343,13,2,4155.4,8310.8
343,4,1,1972.78,1972.78
343,15,3,246.71,740.13
343,2,3,24649.96,73949.88
344,5,3,915.07,2745.21
344,13,3,4286.88,12860.64
344,11,1,4598.03,4598.03
344,7,2,3032.41,6064.82
345,11,1,4549.05,4549.05
345,1,2,59668.48,119336.96
345,10,2,4783.15,9566.3
345,5,1,881.58,881.58
346,12,2,6470.11,12940.22
347,2,3,25639.36,76918.08
347,12,2,6618.0,13236.0
347,3,1,2617.04,2617.04
347,15,3,238.54,715.62
348,12,2,6049.79,12099.58
348,14,2,762.69,1525.38
348,7,3,2965.36,8896.08
348,13,2,4343.34,8686.68
349,6,2,2103.45,4206.9
349,5,2,961.27,1922.54
349,9,2,1696.67,3393.34
349,11,1,5035.4,5035.4
350,8,1,901.86,901.86
350,3,1,2366.85,2366.85
350,11,1,5151.59,5151.59
350,15,1,233.89,233.89
351,10,2,4378.48,8756.96
352,2,2,24467.33,48934.66
352,3,2,2386.87,4773.74
352,7,2,3284.7,6569.4
352,1,3,51495.47,154486.41
353,2,1,25723.48,25723.48
354,2,3,25787.77,77363.31
354,5,1,881.72,881.72
354,8,2,862.63,1725.26
354,14,2,756.3,1512.6
355,7,1,3150.64,3150.64
355,8,1,922.95,922.95
355,5,3,812.99,2438.97
356,8,3,900.73,2702.19
357,5,1,903.69,903.69
357,11,1,5247.52,5247.52
358,11,1,5411.03,5411.03
358,10,2,4535.09,9070.18
358,15,3,239.54,718.62
358,14,3,723.69,2171.07
359,7,1,2957.86,2957.86
359,11,2,4836.79,9673.58
359,12,1,5984.77,5984.77
360,9,2,1881.47,3762.94
360,6,2,1981.18,3962.36
361,11,3,4551.48,13654.44
361,2,2,27498.28,54996.56
362,8,3,949.47,2848.41
362,9,1,1657.44,1657.44
362,11,3,4760.09,14280.27
363,9,1,1627.88,1627.88
364,10,1,4732.36,4732.36
364,13,1,4066.68,4066.68
364,3,3,2290.73,6872.19
364,1,1,58194.05,58194.05
365,2,3,25066.69,75200.07
365,12,1,5926.88,5926.88
365,9,3,1833.94,5501.82
366,9,3,1780.47,5341.41
366,11,2,5450.43,10900.86
366,3,2,2339.52,4679.04
366,6,3,2222.81,6668.43
367,8,3,889.55,2668.65
368,4,3,1680.86,5042.58
368,12,3,7037.36,21112.08
368,10,3,4740.31,14220.93
368,5,3,870.18,2610.54
369,15,2,252.52,505.04
370,5,2,840.99,1681.98
370,11,1,5485.48,5485.48
371,8,2,933.0,1866.0
371,6,1,2288.64,2288.64
372,2,3,27075.5,81226.5
373,12,2,6637.29,13274.58
374,7,1,3179.87,3179.87
375,6,3,2105.16,6315.48
375,10,1,4487.39,4487.39
375,11,3,5200.8,15602.4
376,5,1,910.22,910.22
376,12,1,6776.19,6776.19
376,7,3,2863.01,8589.03
377,8,1,823.69,823.69
377,9,1,1714.59,1714.59
377,12,3,6097.02,18291.06
378,2,1,26091.21,26091.21
378,8,3,892.19,2676.57
379,6,2,2358.98,4717.96
379,8,2,870.82,1741.64
379,10,3,4605.25,13815.75
380,2,2,23753.21,47506.42
380,8,2,858.48,1716.96
381,2,3,24078.84,72236.52
381,1,2,50193.29,100386.58
381,8,1,899.69,899.69
382,10,2,4745.85,9491.7
382,15,2,272.71,545.42
383,15,3,240.24,720.72
384,6,1,2133.63,2133.63
384,1,1,50360.64,50360.64
384,4,1,1899.12,1899.12
385,2,3,22819.14,68457.42
385,12,3,6364.48,19093.44
385,6,3,2056.19,6168.57
385,10,1,4519.72,4519.72
386,7,1,3167.54,3167.54
387,9,1,1945.54,1945.54
387,12,3,6379.55,19138.65
387,3,1,2711.16,2711.16
387,8,2,888.42,1776.84
388,7,1,3066.75,3066.75
389,2,3,24650.12,73950.36
389,11,1,5426.36,5426.36
389,1,1,57639.0,57639.0
389,14,2,728.8,1457.6
390,8,2,946.94,1893.88
391,10,2,4688.18,9376.36
392,2,1,22740.06,22740.06
392,9,2,1758.48,3516.96
393,13,2,4569.59,9139.18
393,2,3,26917.6,80752.8
393,3,2,2716.71,5433.42
393,4,2,1905.08,3810.16
394,12,2,6921.63,13843.26
395,5,3,937.95,2813.85
395,7,2,2807.02,5614.04
396,5,1,947.14,947.14
396,15,1,250.7,250.7
396,9,3,1622.03,4866.09
396,1,2,54305.0,108610.0
397,12,3,7020.13,21060.39
397,9,3,1738.44,5215.32
398,12,1,6362.88,6362.88
399,10,1,4867.88,4867.88
399,4,1,1842.7,1842.7
400,15,1,260.67,260.67
400,4,3,1793.84,5381.52
400,7,1,3230.35,3230.35
401,11,3,4675.14,14025.42
401,14,2,746.03,1492.06
402,15,3,249.73,749.19
403,2,1,24005.83,24005.83
403,14,2,661.33,1322.66
403,7,1,3032.12,3032.12
404,8,3,925.97,2777.91
404,12,3,6519.86,19559.58
404,11,3,4714.52,14143.56
404,14,1,768.75,768.75
405,8,2,860.84,1721.68
405,1,3,59401.7,178205.1
406,14,2,654.55,1309.1
407,8,2,859.49,1718.98
408,11,2,5268.71,10537.42
408,5,3,865.0,2595.0
408,10,2,4633.3,9266.6
408,2,1,23614.33,23614.33
409,6,1,2279.35,2279.35
409,11,3,4630.57,13891.71
409,12,3,6734.82,20204.46
410,1,3,59254.4,177763.2
410,15,1,268.38,268.38
410,8,1,880.86,880.86
411,8,2,890.7,1781.4
411,9,2,1735.38,3470.76
412,5,3,847.82,2543.46
413,9,2,1623.92,3247.84
413,8,3,896.54,2689.62
413,3,3,2477.96,7433.88
413,12,1,6252.56,6252.56
414,11,3,4520.48,13561.44
415,8,1,816.9,816.9
416,2,2,27232.79,54465.58
416,9,3,1790.53,5371.59
416,1,3,56012.03,168036.09
416,13,1,4418.58,4418.58
417,14,3,707.21,2121.63
417,15,1,235.99,235.99
417,12,3,6835.63,20506.89
417,2,1,27023.85,27023.85
418,15,1,274.93,274.93
418,7,2,2749.42,5498.84
418,6,1,2201.62,2201.62
419,9,1,1630.13,1630.13
419,8,2,827.1,1654.2
419,14,2,637.92,1275.84
420,15,3,264.87,794.61
420,6,3,2155.68,6467.04
420,10,2,4946.76,9893.52
420,4,3,1733.05,5199.15
421,8,1,929.5,929.5
422,9,1,1691.66,1691.66
423,11,1,4846.8,4846.8
423,1,2,57611.11,115222.22
423,9,1,1721.73,1721.73
423,8,2,818.28,1636.56
424,2,3,24673.16,74019.48
424,9,3,1911.99,5735.97
424,8,2,895.14,1790.28
424,7,1,3272.63,3272.63
425,4,3,1757.73,5273.19
425,12,2,6538.39,13076.78
425,13,3,3944.66,11833.98
426,3,2,2543.86,5087.72
427,14,3,651.83,1955.49
427,9,3,1904.24,5712.72
428,3,2,2486.68,4973.36
428,6,1,2163.17,2163.17
428,4,1,1708.25,1708.25
428,11,2,4829.12,9658.24
429,2,3,27089.14,81267.42
429,11,2,4913.36,9826.72
429,3,1,2722.9,2722.9
430,1,2,52952.93,105905.86
430,7,1,2968.16,2968.16
431,14,1,759.73,759.73
431,1,3,51721.27,155163.81
431,12,1,6388.28,6388.28
431,7,2,3207.77,6415.54
432,9,1,1956.31,1956.31
432,6,1,2218.93,2218.93
432,15,3,247.45,742.35
432,7,3,2812.7,8438.1
433,7,2,3113.85,6227.7
433,2,3,24762.44,74287.32
433,4,1,1958.98,1958.98
434,2,1,23452.95,23452.95
435,4,2,1877.0,3754.0
435,13,2,3934.26,7868.52
436,4,3,1729.1,5187.3
436,6,2,2266.68,4533.36
436,13,3,4312.6,12937.8
436,11,2,5326.29,10652.58
437,9,1,1956.44,1956.44
437,6,2,2206.52,4413.04
437,10,3,4832.5,14497.5
438,4,2,1963.17,3926.34
438,1,3,57023.77,171071.31
439,11,1,5309.25,5309.25
439,8,3,951.75,2855.25
439,10,2,4822.25,9644.5
439,4,1,1741.43,1741.43
440,1,1,59387.74,59387.74
440,3,2,2291.52,4583.04
440,7,1,2892.14,2892.14
440,2,3,23857.55,71572.65
441,7,2,3178.47,6356.94
442,7,1,2885.25,2885.25
443,12,2,5959.8,11919.6
443,13,1,4049.39,4049.39
443,14,2,671.25,1342.5
444,3,1,2280.21,2280.21
444,12,3,7053.6,21160.8
444,1,1,60256.81,60256.81
445,13,2,3840.5,7681.0
446,15,2,268.2,536.4
446,7,1,2768.03,2768.03
446,8,3,921.84,2765.52
447,10,1,4551.6,4551.6
447,15,1,232.97,232.97
448,1,1,57350.79,57350.79
448,12,3,5858.17,17574.51
449,13,3,4441.16,13323.48
449,15,3,225.23,675.69
449,12,1,6766.03,6766.03
449,7,1,2772.16,2772.16
450,10,3,4372.58,13117.74
450,9,3,1824.18,5472.54
450,11,2,5018.23,10036.46
450,4,3,1765.08,5295.24
451,4,2,1893.86,3787.72
451,9,3,1860.99,5582.97
452,1,2,57541.73,115083.46
453,6,3,2348.7,7046.1
453,1,1,57770.79,57770.79
453,10,3,4269.8,12809.4
453,7,2,3093.6,6187.2
454,8,1,906.54,906.54
454,2,1,26350.06,26350.06
454,11,2,4750.13,9500.26
455,14,1,648.77,648.77
455,1,1,59716.7,59716.7
456,1,1,56116.13,56116.13
456,11,1,4903.36,4903.36
457,12,1,6292.37,6292.37
457,9,1,1960.01,1960.01
458,1,1,57995.03,57995.03
459,9,1,1684.09,1684.09
459,3,2,2498.08,4996.16
460,12,1,6142.5,6142.5
460,6,2,2300.56,4601.12
460,4,1,1661.22,1661.22
461,4,1,1689.63,1689.63
461,7,3,2787.51,8362.53
461,12,3,5860.61,17581.83
462,10,1,4357.53,4357.53
462,3,2,2345.02,4690.04
462,11,3,4723.77,14171.31
462,15,1,227.53,227.53
463,5,1,983.03,983.03
463,4,3,1825.93,5477.79
463,8,1,952.78,952.78
464,8,2,835.59,1671.18
464,15,1,270.13,270.13
464,13,3,3841.95,11525.85
464,7,2,3230.31,6460.62
465,6,3,2031.95,6095.85
466,8,1,835.38,835.38
466,5,2,907.31,1814.62
466,13,1,4316.89,4316.89
466,7,3,3279.53,9838.59
467,8,1,824.31,824.31
467,5,3,975.72,2927.16
467,9,3,1817.41,5452.23
468,5,2,987.85,1975.7
468,9,1,1936.1,1936.1
469,10,2,4549.94,9099.88
469,8,1,921.76,921.76
469,12,3,6556.28,19668.84
470,15,2,231.41,462.82
470,2,1,25051.07,25051.07
471,1,1,58149.49,58149.49
471,12,3,6108.62,18325.86
471,14,1,674.23,674.23
471,4,3,1969.32,5907.96
472,14,3,747.97,2243.91
472,15,3,273.59,820.77
473,4,3,1675.82,5027.46
473,14,1,754.25,754.25
473,11,2,5266.78,10533.56
473,12,2,6361.21,12722.42
474,13,1,4189.58,4189.58
474,7,2,3269.04,6538.08
474,14,3,731.81,2195.43
475,14,2,696.96,1393.92
475,11,1,5017.33,5017.33
476,9,3,1965.08,5895.24
476,8,3,988.87,2966.61
476,11,3,4915.64,14746.92
477,4,1,1885.78,1885.78
478,8,2,942.78,1885.56
478,2,1,27129.2,27129.2
479,12,1,7082.26,7082.26
480,1,3,52242.9,156728.7
480,15,3,226.4,679.2
480,4,3,1692.23,5076.69
481,12,3,6266.27,18798.81
481,11,1,5367.02,5367.02
481,13,1,3846.72,3846.72
481,10,3,4756.58,14269.74
482,9,1,1775.14,1775.14
482,6,1,2074.89,2074.89
482,2,2,27494.61,54989.22
483,14,2,727.05,1454.1
483,3,2,2495.66,4991.32
483,2,2,22721.95,45443.9
484,7,2,3214.43,6428.86
485,11,3,4795.04,14385.12
485,7,2,3250.26,6500.52
485,13,1,4057.13,4057.13
486,10,3,4566.0,13698.0
486,8,2,843.05,1686.1
486,5,3,890.97,2672.91
487,5,2,876.66,1753.32
487,4,3,1759.67,5279.01
487,14,2,742.13,1484.26
488,11,3,5414.36,16243.08
488,1,2,52583.19,105166.38
489,3,2,2715.42,5430.84
490,2,2,23594.32,47188.64
491,11,1,4520.58,4520.58
491,5,3,843.29,2529.87
491,7,3,3079.15,9237.45
491,2,2,24810.8,49621.6
492,9,3,1872.99,5618.97
492,6,2,2259.62,4519.24
493,4,3,1960.57,5881.71
493,10,1,4827.43,4827.43
493,11,1,4521.93,4521.93
494,10,3,4579.24,13737.72
494,1,3,54013.42,162040.26
494,13,1,3974.42,3974.42
494,12,1,6381.0,6381.0
495,10,1,4724.74,4724.74
496,11,1,4831.54,4831.54
496,3,1,2630.46,2630.46
496,1,1,50051.16,50051.16
496,2,1,24473.39,24473.39
497,10,1,4852.56,4852.56
498,15,1,229.29,229.29
498,12,3,6803.06,20409.18
499,13,3,3996.22,11988.66
500,11,2,4876.11,9752.22
500,1,3,59991.48,179974.44
500,12,1,7056.29,7056.29
501,13,2,4587.54,9175.08
502,1,3,52422.37,157267.11
502,6,2,2332.72,4665.44
502,3,1,2369.59,2369.59
503,12,1,5984.51,5984.51
503,1,3,57048.48,171145.44
503,13,1,4482.19,4482.19
504,2,3,23536.23,70608.69
504,11,1,4692.38,4692.38
504,14,2,764.27,1528.54
505,12,1,6901.22,6901.22
506,2,2,22688.1,45376.2
507,1,3,60273.68,180821.04
507,12,3,6973.74,20921.22
507,13,3,3819.0,11457.0
508,14,3,652.66,1957.98
508,5,3,863.77,2591.31
508,12,3,6103.02,18309.06
508,2,1,25451.58,25451.58
509,6,3,2298.87,6896.61
509,8,1,842.05,842.05
510,2,3,23978.55,71935.65
510,14,3,677.72,2033.16
511,2,2,24037.03,48074.06
511,6,1,2299.15,2299.15
512,4,1,1955.07,1955.07
512,5,1,934.4,934.4
512,12,3,5854.5,17563.5
512,14,1,658.04,658.04
513,10,2,4222.83,8445.66
513,4,2,1816.1,3632.2
513,2,2,23636.22,47272.44
513,7,3,3003.37,9010.11
514,14,3,662.52,1987.56
514,4,2,1725.23,3450.46
515,12,3,6794.22,20382.66
516,10,2,4378.85,8757.7
516,13,2,4201.74,8403.48
516,11,3,5125.88,15377.64
516,2,1,25778.1,25778.1
517,4,1,1976.25,1976.25
518,5,3,893.75,2681.25
518,12,2,6701.58,13403.16
518,14,2,691.39,1382.78
518,13,1,4291.06,4291.06
519,4,2,1893.75,3787.5
519,9,2,1703.63,3407.26
519,8,1,912.66,912.66
519,11,2,4931.04,9862.08
520,6,1,2080.52,2080.52
520,9,2,1756.08,3512.16
520,11,2,4822.34,9644.68
521,2,1,26236.63,26236.63
521,7,2,2729.83,5459.66
521,14,3,652.75,1958.25
521,12,1,5925.44,5925.44
522,4,1,1690.19,1690.19
522,1,2,60498.04,120996.08
522,14,2,667.91,1335.82
522,8,2,866.02,1732.04
523,11,2,5151.08,10302.16
524,12,1,5931.12,5931.12
525,12,1,7123.27,7123.27
525,14,1,693.66,693.66
525,4,2,1741.12,3482.24
526,6,2,2253.37,4506.74
527,5,2,854.82,1709.64
527,12,2,6626.62,13253.24
527,9,3,1727.32,5181.96
528,14,1,652.32,652.32
529,13,3,4259.51,12778.53
529,1,3,57531.04,172593.12
529,14,3,642.68,1928.04
530,1,1,56164.03,56164.03
531,6,2,2410.58,4821.16
532,2,1,26542.78,26542.78
533,10,1,4803.37,4803.37
533,5,3,935.4,2806.2
534,4,2,1811.27,3622.54
534,12,2,6504.69,13009.38
534,3,3,2672.24,8016.72
534,11,3,5481.65,16444.95
535,13,2,4526.28,9052.56
535,7,3,2741.14,8223.42
535,5,2,840.42,1680.84
535,2,2,23446.82,46893.64
536,15,2,244.99,489.98
536,8,2,849.51,1699.02
536,2,2,26168.99,52337.98
536,14,1,736.99,736.99
537,1,1,57384.78,57384.78
537,13,3,4587.95,13763.85
538,13,1,4098.12,4098.12
538,6,1,2181.33,2181.33
539,11,3,5305.59,15916.77
539,9,3,1920.54,5761.62
540,13,2,4253.85,8507.7
541,15,3,240.84,722.52
541,3,1,2515.99,2515.99
542,15,3,229.63,688.89
542,7,1,3019.88,3019.88
543,8,2,865.74,1731.48
543,5,1,980.72,980.72
544,13,1,4021.17,4021.17
544,9,2,1778.47,3556.94
544,14,1,693.8,693.8
544,12,2,6821.15,13642.3
545,12,1,6175.63,6175.63
545,5,2,953.19,1906.38
545,13,1,4489.36,4489.36
545,10,3,4798.55,14395.65
546,13,1,4475.32,4475.32
546,10,1,4695.45,4695.45
547,12,3,6863.26,20589.78
547,11,3,5213.38,15640.14
547,5,3,986.81,2960.43
547,8,1,813.64,813.64
548,7,2,2742.97,5485.94
549,4,2,1877.79,3755.58
549,6,1,2214.94,2214.94
549,2,3,22896.33,68688.99
550,6,3,2038.22,6114.66
550,12,1,6096.34,6096.34
551,5,3,972.27,2916.81
552,3,2,2646.59,5293.18
553,11,1,5412.63,5412.63
553,5,3,881.12,2643.36
554,4,2,1872.76,3745.52
554,12,3,6208.27,18624.81
554,3,2,2435.35,4870.7
554,1,2,58773.16,117546.32
555,9,3,1755.26,5265.78
555,4,1,1750.18,1750.18
555,2,2,22564.81,45129.62
556,3,1,2734.57,2734.57
556,14,3,639.97,1919.91
556,11,1,4717.82,4717.82
557,1,3,56678.93,170036.79
557,6,2,2084.89,4169.78
558,6,3,2322.4,6967.2
558,10,1,4240.23,4240.23
558,12,2,6041.36,12082.72
558,5,2,917.48,1834.96
559,5,1,941.42,941.42
559,14,1,643.72,643.72
559,2,1,23966.64,23966.64
560,14,3,654.79,1964.37
560,1,1,51616.9,51616.9
561,1,1,55343.45,55343.45
562,10,2,4309.36,8618.72
562,14,3,684.95,2054.85
563,1,1,58186.64,58186.64
563,6,2,2200.83,4401.66
564,4,2,1807.05,3614.1
564,7,2,2827.28,5654.56
564,13,3,4176.12,12528.36
565,15,3,253.2,759.6
565,4,3,1939.28,5817.84
565,6,3,1984.53,5953.59
565,8,1,866.61,866.61
566,4,1,1677.93,1677.93
567,11,1,5384.92,5384.92
567,10,2,4208.43,8416.86
567,4,1,1717.43,1717.43
568,12,2,6425.9,12851.8
568,3,2,2681.94,5363.88
568,11,2,4939.76,9879.52
569,14,1,681.86,681.86
570,4,1,1659.25,1659.25
571,4,2,1926.38,3852.76
571,1,2,57944.28,115888.56
571,3,3,2615.25,7845.75
572,14,1,747.65,747.65
572,2,1,26846.94,26846.94
573,1,3,51454.0,154362.0
574,8,1,839.45,839.45
575,9,1,1740.02,1740.02
575,6,2,2404.94,4809.88
575,3,1,2603.86,2603.86
575,11,1,4700.58,4700.58
576,2,1,26053.0,26053.0
576,11,1,4798.92,4798.92
576,10,2,4514.08,9028.16
576,6,2,2275.02,4550.04
577,14,3,691.59,2074.77
577,3,2,2637.21,5274.42
577,9,3,1700.42,5101.26
578,6,2,2022.0,4044.0
578,1,2,58647.45,117294.9
578,4,2,1829.35,3658.7
579,6,1,2355.68,2355.68
580,11,2,4945.1,9890.2
580,5,1,988.66,988.66
581,14,2,668.78,1337.56
582,3,3,2700.74,8102.22
582,11,2,4832.01,9664.02
582,2,1,26576.11,26576.11
583,6,2,2075.7,4151.4
583,7,3,3121.81,9365.43
583,11,1,5027.28,5027.28
584,2,3,23284.09,69852.27
584,4,3,1658.38,4975.14
584,8,1,957.94,957.94
585,14,2,708.24,1416.48
585,1,2,57206.38,114412.76
585,6,2,1988.7,3977.4
585,7,2,2749.09,5498.18
586,15,2,272.48,544.96
586,1,1,50290.77,50290.77
586,5,3,834.11,2502.33
586,2,2,24368.97,48737.94
587,9,1,1820.47,1820.47
587,2,1,25912.68,25912.68
588,11,2,5051.97,10103.94
589,2,1,22522.47,22522.47
589,6,3,2160.82,6482.46
589,1,2,56170.69,112341.38
590,8,2,840.92,1681.84
590,14,1,636.95,636.95
590,6,3,2226.47,6679.41
591,2,2,25012.01,50024.02
591,10,1,4793.85,4793.85
592,2,3,27259.19,81777.57
593,15,1,242.23,242.23
593,13,2,4343.58,8687.16
594,4,3,1779.66,5338.98
595,7,3,2828.81,8486.43
595,1,3,59978.1,179934.3
596,3,3,2389.74,7169.22
596,1,1,52555.11,52555.11
597,6,2,2227.43,4454.86
598,12,3,6329.66,18988.98
598,4,1,1735.23,1735.23
598,1,3,53366.68,160100.04
598,14,3,764.61,2293.83
599,13,1,4231.35,4231.35
599,10,1,4783.13,4783.13
600,2,2,27231.43,54462.86
600,5,3,941.78,2825.34
600,11,1,4579.17,4579.17
601,4,3,1682.57,5047.71
601,15,3,243.85,731.55
602,7,2,3036.54,6073.08
602,1,1,56107.09,56107.09
603,14,3,763.68,2291.04
603,10,3,4188.32,12564.96
603,1,1,56849.58,56849.58
603,8,1,905.14,905.14
604,5,1,974.49,974.49
604,15,1,266.2,266.2
605,8,2,833.35,1666.7
605,12,2,7136.6,14273.2
605,11,3,4807.66,14422.98
605,14,2,741.56,1483.12
606,2,3,23849.71,71549.13
606,9,3,1689.42,5068.26
606,11,1,4789.03,4789.03
607,8,1,895.6,895.6
607,13,1,4552.61,4552.61
607,4,3,1849.81,5549.43
607,15,2,225.36,450.72
608,13,1,4403.43,4403.43
608,1,2,53095.33,106190.66
608,3,3,2488.81,7466.43
608,14,2,726.75,1453.5
609,12,2,6864.3,13728.6
610,7,1,3227.32,3227.32
610,3,1,2594.0,2594.0
610,9,3,1679.27,5037.81
610,12,1,6893.48,6893.48
611,2,3,23352.3,70056.9
611,10,1,4862.27,4862.27
611,13,1,4041.13,4041.13
611,1,2,51826.19,103652.38
612,1,2,57258.21,114516.42
613,12,1,6184.67,6184.67
613,7,1,3150.88,3150.88
614,2,1,23970.1,23970.1
614,14,1,756.82,756.82
615,8,3,889.18,2667.54
615,4,3,1823.54,5470.62
616,5,3,950.5,2851.5
616,2,3,24661.33,73983.99
616,12,3,6187.49,18562.47
616,9,3,1911.07,5733.21
617,10,2,4117.77,8235.54
617,4,2,1918.01,3836.02
617,2,3,24395.66,73186.98
618,13,2,4321.57,8643.14
619,9,2,1631.17,3262.34
619,13,1,4108.03,4108.03
620,11,2,5257.99,10515.98
620,1,2,50572.23,101144.46
621,8,1,903.72,903.72
622,4,1,1769.95,1769.95
622,8,2,976.36,1952.72
622,12,1,6176.53,6176.53
622,6,3,2395.43,7186.29
623,4,2,1888.47,3776.94
623,10,2,4478.83,8957.66
623,7,1,3123.89,3123.89
623,12,2,6213.5,12427.0
624,11,3,5483.88,16451.64
624,12,3,5857.24,17571.72
624,13,3,4581.82,13745.46
625,10,2,4492.67,8985.34
625,5,2,886.1,1772.2
625,9,1,1659.94,1659.94
626,4,1,1773.04,1773.04
626,8,1,845.88,845.88
627,12,3,6750.36,20251.08
627,6,1,2036.58,2036.58
627,15,3,246.42,739.26
627,9,1,1624.32,1624.32
628,2,1,22813.28,22813.28
628,13,3,3818.55,11455.65
628,15,3,246.71,740.13
628,7,3,3160.43,9481.29
629,9,1,1707.0,1707.0
629,13,1,3797.3,3797.3
630,6,1,2024.74,2024.74
630,11,2,5140.57,10281.14
630,4,1,1849.33,1849.33
631,9,1,1893.38,1893.38
631,6,2,2158.12,4316.24
631,7,3,2882.58,8647.74
631,13,1,4529.84,4529.84
632,14,3,674.7,2024.1
633,5,1,813.81,813.81
633,8,2,987.4,1974.8
634,13,1,3794.69,3794.69
634,3,1,2407.72,2407.72
635,13,1,4329.06,4329.06
635,2,1,22768.17,22768.17
635,10,3,4156.16,12468.48
635,1,2,56177.9,112355.8
636,6,2,1988.38,3976.76
636,5,3,895.3,2685.9
636,14,3,669.09,2007.27
637,1,1,58193.52,58193.52
637,7,3,2941.15,8823.45
637,3,2,2505.15,5010.3
637,8,1,869.32,869.32
638,2,3,25861.75,77585.25
638,6,3,2393.54,7180.62
639,1,2,49795.47,99590.94
639,9,3,1679.95,5039.85
639,14,2,665.7,1331.4
640,11,1,4531.17,4531.17
640,9,2,1915.61,3831.22
640,12,2,6878.26,13756.52
641,7,2,2954.32,5908.64
641,1,3,60421.66,181264.98
641,15,3,227.55,682.65
641,8,3,838.13,2514.39
642,4,1,1908.93,1908.93
643,4,3,1942.02,5826.06
644,15,3,234.07,702.21
645,14,3,716.41,2149.23
646,7,1,3179.35,3179.35
646,14,1,655.37,655.37
647,7,3,3056.0,9168.0
647,4,3,1623.6,4870.8
648,15,3,226.75,680.25
649,3,1,2334.57,2334.57
649,8,2,982.55,1965.1
649,15,2,235.3,470.6
650,4,1,1799.13,1799.13
650,12,2,6161.78,12323.56
650,2,2,24345.81,48691.62
651,6,2,2153.41,4306.82
651,11,3,4502.51,13507.53
651,8,2,946.05,1892.1
651,10,3,4827.19,14481.57
652,1,1,52545.47,52545.47
652,4,3,1863.41,5590.23
652,8,1,907.93,907.93
652,5,2,881.36,1762.72
653,8,3,902.57,2707.71
653,14,2,714.02,1428.04
654,15,2,267.56,535.12
655,4,3,1964.19,5892.57
655,8,2,911.11,1822.22
655,14,3,766.84,2300.52
656,9,2,1795.42,3590.84
657,10,2,4330.54,8661.08
657,9,3,1624.86,4874.58
657,14,1,754.68,754.68
657,3,2,2684.56,5369.12
658,1,2,51839.56,103679.12
659,10,2,4428.1,8856.2
659,6,2,2200.7,4401.4
659,1,2,57854.35,115708.7
660,14,1,697.49,697.49
661,5,3,969.98,2909.94
661,14,3,756.48,2269.44
661,1,3,50978.96,152936.88
661,10,3,4574.97,13724.91
662,6,2,2274.96,4549.92
662,15,2,245.56,491.12
662,3,1,2439.05,2439.05
663,8,3,888.47,2665.41
663,7,2,3056.52,6113.04
663,14,2,764.95,1529.9
664,11,3,4590.6,13771.8
664,15,2,272.6,545.2
664,7,3,3020.64,9061.92
665,15,3,225.01,675.03
665,5,2,816.1,1632.2
665,12,2,6943.23,13886.46
665,9,1,1700.53,1700.53
666,14,1,669.17,669.17
666,4,2,1713.41,3426.82
666,12,3,6834.6,20503.8
667,8,3,855.48,2566.44
667,6,2,2090.37,4180.74
668,14,2,665.92,1331.84
668,13,2,4372.35,8744.7
668,11,3,4847.86,14543.58
668,10,1,4916.66,4916.66
669,12,2,7120.65,14241.3
669,6,2,2094.03,4188.06
670,12,2,6289.22,12578.44
670,7,2,3144.75,6289.5
670,4,3,1663.39,4990.17
671,11,2,4616.53,9233.06
671,6,3,2355.22,7065.66
671,14,2,724.95,1449.9
672,13,1,4402.03,4402.03
672,1,3,49877.15,149631.45
672,14,3,647.47,1942.41
673,15,1,255.93,255.93
673,14,3,713.77,2141.31
673,9,1,1759.36,1759.36
673,10,1,4250.35,4250.35
674,10,3,4303.2,12909.6
675,11,3,5119.02,15357.06
676,5,3,869.23,2607.69
676,1,2,51163.64,102327.28
677,14,3,639.98,1919.94
678,8,3,936.61,2809.83
678,2,3,26470.41,79411.23
678,9,1,1756.59,1756.59
679,9,2,1745.64,3491.28
679,8,1,958.01,958.01
679,10,3,4675.84,14027.52
679,11,3,4947.11,14841.33
680,8,2,929.36,1858.72
681,4,1,1891.74,1891.74
681,5,3,985.42,2956.26
681,10,1,4532.96,4532.96
682,11,2,4818.8,9637.6
682,1,1,57148.84,57148.84
682,5,3,817.79,2453.37
683,8,2,871.35,1742.7
683,6,2,2206.68,4413.36
684,12,2,6468.41,12936.82
684,10,3,4699.63,14098.89
684,1,1,57789.14,57789.14
684,13,2,4565.84,9131.68
685,13,3,3780.99,11342.97
685,3,1,2601.94,2601.94
685,15,1,237.18,237.18
685,4,1,1760.56,1760.56
686,14,1,702.3,702.3
686,13,2,4337.51,8675.02
686,2,2,23730.94,47461.88
687,8,1,950.52,950.52
687,3,3,2460.83,7382.49
687,13,1,3961.0,3961.0
688,4,1,1905.76,1905.76
688,3,1,2716.07,2716.07
688,6,3,2071.58,6214.74
689,13,3,4233.49,12700.47
690,10,1,4396.93,4396.93
691,5,3,961.24,2883.72
691,1,2,52778.82,105557.64
692,9,2,1974.81,3949.62
692,4,3,1643.57,4930.71
692,10,1,4715.83,4715.83
692,6,1,2123.57,2123.57
693,9,3,1847.82,5543.46
693,13,3,3818.92,11456.76
693,4,3,1851.49,5554.47
694,11,2,5116.15,10232.3
694,1,1,54191.09,54191.09
694,10,2,4391.32,8782.64
695,2,3,25649.07,76947.21
696,10,3,4224.24,12672.72
696,1,2,52220.68,104441.36
696,6,1,2170.93,2170.93
696,2,2,24312.45,48624.9
697,13,1,4599.6,4599.6
697,3,1,2379.1,2379.1
697,2,2,23181.44,46362.88
698,5,3,976.03,2928.09
698,15,3,232.32,696.96
698,14,2,653.87,1307.74
698,6,1,2025.07,2025.07
699,10,2,4446.16,8892.32
699,12,2,6625.38,13250.76
699,4,2,1832.88,3665.76
699,7,3,2995.1,8985.3
700,3,1,2357.31,2357.31
700,11,3,5144.43,15433.29
700,9,2,1833.78,3667.56
700,5,1,881.77,881.77
701,4,3,1833.14,5499.42
701,13,3,3883.05,11649.15
701,8,2,871.3,1742.6
701,3,1,2703.25,2703.25
702,6,1,2268.79,2268.79
703,9,2,1707.49,3414.98
704,12,1,6742.95,6742.95
704,10,3,4828.79,14486.37
705,4,3,1940.69,5822.07
706,9,1,1891.92,1891.92
706,3,3,2299.93,6899.79
706,15,3,254.07,762.21
707,10,2,4248.56,8497.12
707,14,2,688.8,1377.6
707,12,3,6462.52,19387.56
708,3,2,2269.59,4539.18
709,7,3,2854.72,8564.16
710,12,3,6080.07,18240.21
710,4,3,1857.2,5571.6
711,3,3,2662.15,7986.45
711,12,2,7084.12,14168.24
711,10,2,4654.83,9309.66
711,11,3,4701.45,14104.35
712,1,1,54260.65,54260.65
712,2,3,27427.43,82282.29
712,7,2,3087.16,6174.32
713,10,2,4753.85,9507.7
713,14,1,723.2,723.2
713,1,3,55748.51,167245.53
713,4,1,1857.45,1857.45
714,15,2,233.54,467.08
714,6,2,2086.3,4172.6
715,1,2,59466.64,118933.28
715,4,1,1860.81,1860.81
715,3,3,2675.47,8026.41
716,6,1,2155.43,2155.43
716,9,3,1806.58,5419.74
716,4,1,1875.83,1875.83
717,9,2,1855.05,3710.1
717,11,2,4513.85,9027.7
717,12,3,6425.16,19275.48
717,4,1,1900.66,1900.66
718,3,2,2287.24,4574.48
719,8,1,840.16,840.16
719,13,3,3780.71,11342.13
719,10,2,4641.11,9282.22
720,9,3,1746.11,5238.33
721,9,2,1790.2,3580.4
722,3,2,2332.68,4665.36
722,11,3,5345.4,16036.2
722,2,2,27472.32,54944.64
723,12,3,6887.27,20661.81
723,7,1,2876.87,2876.87
723,3,2,2674.94,5349.88
723,4,2,1710.44,3420.88
724,14,1,749.3,749.3
724,8,1,971.42,971.42
724,15,1,250.64,250.64
725,4,3,1636.71,4910.13
725,5,1,831.18,831.18
725,2,3,23088.9,69266.7
725,14,1,679.46,679.46
726,15,3,252.41,757.23
726,4,1,1620.09,1620.09
726,14,2,639.35,1278.7
727,3,2,2662.56,5325.12
728,9,2,1678.86,3357.72
728,3,1,2549.07,2549.07
729,13,1,4433.72,4433.72
729,15,2,236.38,472.76
730,8,3,958.99,2876.97
731,13,1,4418.89,4418.89
731,4,3,1688.55,5065.65
731,10,1,4681.31,4681.31
731,8,3,901.45,2704.35
732,12,1,7122.92,7122.92
733,15,3,267.0,801.0
733,3,3,2561.56,7684.68
733,9,2,1781.2,3562.4
733,10,3,4343.59,13030.77
734,3,1,2428.58,2428.58
735,9,1,1894.43,1894.43
736,12,3,6350.67,19052.01
736,9,1,1637.52,1637.52
737,11,3,4878.45,14635.35
737,7,1,3073.9,3073.9
737,13,1,4508.37,4508.37
737,1,3,55319.93,165959.79
738,14,2,725.65,1451.3
738,4,1,1652.43,1652.43
739,7,1,3243.71,3243.71
740,9,3,1861.07,5583.21
740,5,3,973.16,2919.48
740,11,1,4942.68,4942.68
740,12,2,5961.09,11922.18
741,6,1,2244.97,2244.97
741,10,3,4083.21,12249.63
741,3,1,2287.11,2287.11
742,6,3,2397.73,7193.19
743,13,1,4104.18,4104.18
743,8,2,833.75,1667.5
744,7,1,3164.91,3164.91
744,1,1,55639.77,55639.77
744,6,2,2296.1,4592.2
744,12,3,6866.38,20599.14
745,12,1,6147.21,6147.21
745,8,1,912.12,912.12
745,9,2,1821.74,3643.48
746,5,2,973.65,1947.3
747,10,2,4892.15,9784.3
748,3,2,2393.1,4786.2
748,2,2,23102.83,46205.66
748,4,1,1922.99,1922.99
748,7,3,3100.09,9300.27
749,2,2,24230.63,48461.26
749,3,3,2521.59,7564.77
750,12,2,6066.04,12132.08
750,2,2,23517.27,47034.54
750,1,1,56110.23,56110.23
751,10,1,4171.28,4171.28
752,1,2,58161.37,116322.74
752,4,1,1735.79,1735.79
752,5,3,936.92,2810.76
753,6,2,2328.12,4656.24
753,13,1,3837.99,3837.99
753,1,2,54773.74,109547.48
754,15,3,265.19,795.57
755,5,3,964.05,2892.15
755,11,1,5339.59,5339.59
755,15,2,226.67,453.34
755,8,2,833.55,1667.1
756,12,1,7029.54,7029.54
756,14,1,704.03,704.03
756,8,2,915.77,1831.54
757,5,2,976.28,1952.56
757,4,3,1865.66,5596.98
757,8,1,909.95,909.95
758,9,1,1960.63,1960.63
758,6,2,2242.98,4485.96
759,14,1,768.17,768.17
760,5,2,959.73,1919.46
760,14,1,648.52,648.52
761,12,3,7126.89,21380.67
761,10,2,4354.8,8709.6
761,7,2,2874.36,5748.72
762,11,3,5359.05,16077.15
762,7,1,2991.14,2991.14
762,2,2,23605.53,47211.06
762,12,1,6325.86,6325.86
763,13,1,4408.85,4408.85
764,5,2,927.2,1854.4
764,6,2,2252.41,4504.82
765,9,3,1651.44,4954.32
766,15,1,237.02,237.02
767,5,1,944.9,944.9
767,11,1,5407.8,5407.8
767,9,1,1931.53,1931.53
768,5,1,815.2,815.2
768,13,3,4217.54,12652.62
768,7,3,2821.83,8465.49
768,10,1,4804.57,4804.57
769,10,2,4173.06,8346.12
769,11,1,4848.89,4848.89
769,14,3,676.89,2030.67
770,11,3,4778.08,14334.24
771,3,1,2502.11,2502.11
772,5,3,841.5,2524.5
772,11,2,5160.87,10321.74
772,14,3,651.48,1954.44
773,15,2,239.55,479.1
774,2,2,26902.29,53804.58
774,9,3,1782.98,5348.94
774,10,3,4165.17,12495.51
774,4,2,1820.56,3641.12
775,13,1,4304.22,4304.22
775,9,2,1813.56,3627.12
775,11,3,4877.65,14632.95
775,15,3,261.2,783.6
776,3,1,2317.2,2317.2
776,9,2,1947.98,3895.96
776,4,2,1795.81,3591.62
777,8,1,839.08,839.08
777,15,3,260.98,782.94
777,14,2,703.24,1406.48
778,4,1,1627.06,1627.06
778,13,1,3806.97,3806.97
778,7,2,3137.79,6275.58
779,3,2,2387.55,4775.1
779,9,2,1935.62,3871.24
779,8,1,816.45,816.45
780,5,1,977.98,977.98
781,7,1,2882.86,2882.86
782,6,2,2118.51,4237.02
782,5,2,977.09,1954.18
782,13,3,4363.02,13089.06
783,15,3,257.33,771.99
783,7,1,3175.82,3175.82
783,9,3,1825.04,5475.12
783,6,1,2043.89,2043.89
784,10,2,4092.7,8185.4
784,5,3,877.95,2633.85
784,3,2,2361.96,4723.92
784,2,3,26284.48,78853.44
785,2,3,24700.75,74102.25
786,8,2,877.49,1754.98
787,8,2,974.96,1949.92
787,11,3,5133.06,15399.18
787,1,2,54058.48,108116.96
788,12,1,6768.02,6768.02
788,10,1,4076.56,4076.56
788,4,2,1736.73,3473.46
789,3,2,2610.06,5220.12
790,9,3,1869.03,5607.09
791,1,1,57844.48,57844.48
791,14,2,639.56,1279.12
791,9,1,1900.13,1900.13
791,7,3,2708.33,8124.99
792,4,2,1903.04,3806.08
792,9,2,1946.59,3893.18
792,7,3,2962.4,8887.2
793,9,2,1624.01,3248.02
793,14,3,630.61,1891.83
793,5,2,823.86,1647.72
794,3,2,2281.78,4563.56
795,2,2,26976.21,53952.42
796,9,2,1894.48,3788.96
797,1,3,57207.31,171621.93
797,14,3,648.57,1945.71
797,13,1,3930.66,3930.66
797,12,3,6351.97,19055.91
798,4,1,1933.68,1933.68
798,7,1,2949.87,2949.87
798,13,1,4429.19,4429.19
798,3,2,2277.78,4555.56
799,14,3,643.0,1929.0
800,14,2,672.34,1344.68
800,13,3,3904.49,11713.47
800,11,3,4764.98,14294.94
800,7,2,2790.46,5580.92
801,13,3,3987.52,11962.56
801,6,2,2340.92,4681.84
801,12,2,6648.8,13297.6
802,8,3,888.98,2666.94
802,15,2,243.96,487.92
803,1,2,51481.56,102963.12
803,13,3,4020.13,12060.39
803,7,1,2801.53,2801.53
803,9,1,1875.0,1875.0
804,15,2,243.76,487.52
804,12,2,6039.81,12079.62
804,3,2,2738.98,5477.96
804,5,3,829.16,2487.48
805,1,2,55059.68,110119.36
805,13,2,3891.84,7783.68
805,6,1,2235.9,2235.9
805,3,1,2675.21,2675.21
806,1,1,56134.43,56134.43
806,12,1,6897.94,6897.94
807,7,1,3138.45,3138.45
808,12,3,6672.91,20018.73
809,13,2,4412.55,8825.1
809,2,2,26064.8,52129.6
809,9,3,1739.48,5218.44
810,9,1,1917.27,1917.27
810,3,3,2362.35,7087.05
811,9,3,1659.58,4978.74
811,1,2,59780.92,119561.84
811,13,2,4329.48,8658.96
811,3,2,2324.08,4648.16
812,14,1,687.32,687.32
812,11,1,4788.32,4788.32
812,9,1,1672.39,1672.39
813,13,3,4180.99,12542.97
814,4,2,1934.88,3869.76
814,13,3,4378.19,13134.57
814,10,1,4920.29,4920.29
815,4,1,1739.19,1739.19
815,1,3,51631.03,154893.09
816,14,2,675.73,1351.46
816,7,3,3137.93,9413.79
816,9,3,1946.03,5838.09
816,10,3,4907.83,14723.49
817,12,3,7040.79,21122.37
818,11,1,4655.93,4655.93
818,3,2,2387.09,4774.18
818,5,1,970.29,970.29
818,10,3,4385.32,13155.96
819,9,2,1630.95,3261.9
819,4,2,1878.4,3756.8
819,12,1,6735.42,6735.42
820,11,2,4790.39,9580.78
820,3,2,2391.59,4783.18
820,4,1,1802.1,1802.1
820,6,2,2280.15,4560.3
821,12,2,6268.57,12537.14
822,6,2,2301.83,4603.66
822,5,1,941.12,941.12
822,15,3,262.98,788.94
823,9,1,1682.61,1682.61
823,4,2,1842.02,3684.04
823,10,1,4855.76,4855.76
824,14,1,749.35,749.35
825,8,1,920.13,920.13
825,12,3,5991.27,17973.81
825,1,1,53200.84,53200.84
825,4,2,1977.14,3954.28
826,15,3,269.01,807.03
826,6,1,2094.17,2094.17
826,5,3,830.47,2491.41
826,14,2,693.96,1387.92
827,12,3,6388.86,19166.58
827,3,3,2464.93,7394.79
827,9,1,1716.3,1716.3
827,8,2,881.77,1763.54
828,3,3,2415.15,7245.45
828,5,2,826.92,1653.84
828,13,3,4283.58,12850.74
829,7,1,3256.06,3256.06
829,13,2,4309.16,8618.32
830,7,2,2901.33,5802.66
830,2,3,23076.84,69230.52
831,6,1,2021.12,2021.12
831,7,3,2871.76,8615.28
831,15,3,259.07,777.21
832,8,2,898.58,1797.16
832,10,2,4385.0,8770.0
832,3,2,2582.78,5165.56
833,13,2,3993.11,7986.22
833,2,3,26040.61,78121.83
833,14,1,677.27,677.27
834,12,2,6614.88,13229.76
835,1,1,60212.96,60212.96
835,11,3,4732.29,14196.87
836,12,2,6584.85,13169.7
836,2,1,25230.54,25230.54
836,4,3,1870.12,5610.36
837,2,1,23968.97,23968.97
837,5,1,979.83,979.83
838,6,3,2244.89,6734.67
838,5,2,949.67,1899.34
839,10,3,4446.62,13339.86
839,8,3,873.56,2620.68
840,7,2,2827.76,5655.52
840,8,2,815.62,1631.24
841,2,2,23225.11,46450.22
841,14,3,691.36,2074.08
842,11,2,5151.24,10302.48
842,4,1,1726.97,1726.97
842,14,1,703.49,703.49
842,5,2,914.42,1828.84
843,3,1,2595.19,2595.19
843,6,2,2167.47,4334.94
843,2,2,24264.22,48528.44
843,13,3,4590.93,13772.79
844,6,2,2300.81,4601.62
844,8,3,866.19,2598.57
844,11,2,4696.47,9392.94
845,12,1,6133.14,6133.14
845,7,3,2841.93,8525.79
845,15,2,266.34,532.68
845,14,1,732.21,732.21
846,3,1,2700.47,2700.47
847,3,1,2446.14,2446.14
847,7,1,2834.89,2834.89
848,12,1,6951.21,6951.21
848,6,3,2331.05,6993.15
848,2,3,23821.65,71464.95
848,7,1,3270.38,3270.38
849,6,2,2379.44,4758.88
849,5,3,825.29,2475.87
849,15,1,232.82,232.82
850,11,3,4771.46,14314.38
850,2,3,25923.18,77769.54
851,3,3,2338.56,7015.68
851,12,2,6136.42,12272.84
851,15,2,243.33,486.66
851,11,2,4554.4,9108.8
852,2,2,26586.61,53173.22
853,6,3,2185.18,6555.54
853,2,3,23057.6,69172.8
853,9,3,1851.95,5555.85
854,2,1,26825.6,26825.6
854,14,3,658.13,1974.39
854,12,2,6033.79,12067.58
854,15,1,242.25,242.25
855,11,2,5397.36,10794.72
855,1,2,50781.8,101563.6
855,10,2,4803.3,9606.6
856,13,2,4419.12,8838.24
856,5,3,887.99,2663.97
856,1,1,59949.1,59949.1
856,10,1,4170.81,4170.81
857,6,1,2145.29,2145.29
857,11,1,5090.03,5090.03
857,15,1,227.71,227.71
858,8,1,953.75,953.75
858,12,1,6047.72,6047.72
858,13,2,4120.57,8241.14
859,14,2,688.18,1376.36
859,3,1,2603.69,2603.69
860,2,2,25274.51,50549.02
861,6,2,2379.52,4759.04
861,14,3,649.45,1948.35
862,10,1,4665.19,4665.19
862,14,3,636.1,1908.3
863,3,3,2640.02,7920.06
863,6,3,2215.55,6646.65
864,9,3,1689.23,5067.69
864,12,3,6416.41,19249.23
864,4,3,1640.51,4921.53
864,8,3,831.08,2493.24
865,15,1,270.22,270.22
865,2,3,24578.49,73735.47
866,5,1,920.73,920.73
866,14,3,741.04,2223.12
866,6,1,2332.31,2332.31
866,9,3,1757.53,5272.59
867,11,1,5195.14,5195.14
867,8,2,980.28,1960.56
867,15,2,257.25,514.5
867,9,1,1671.69,1671.69
868,2,1,26961.54,26961.54
869,13,1,4317.45,4317.45
869,2,2,24219.93,48439.86
870,6,1,2317.19,2317.19
871,9,2,1721.5,3443.0
871,14,3,730.52,2191.56
871,15,2,266.37,532.74
872,9,2,1941.58,3883.16
872,2,1,24703.89,24703.89
872,13,2,4332.1,8664.2
872,10,1,4305.12,4305.12
873,5,1,921.01,921.01
873,14,1,648.13,648.13
873,3,2,2697.57,5395.14
874,6,1,1986.07,1986.07
874,8,3,822.46,2467.38
874,3,3,2693.99,8081.97
874,5,2,889.14,1778.28
875,6,2,2221.46,4442.92
875,1,1,57694.29,57694.29
876,14,3,683.76,2051.28
877,3,1,2499.62,2499.62
878,5,2,936.89,1873.78
878,3,2,2604.75,5209.5
878,4,1,1684.2,1684.2
878,15,3,253.58,760.74
879,10,1,4384.56,4384.56
879,4,3,1779.75,5339.25
880,5,3,947.52,2842.56
880,15,3,265.84,797.52
880,2,3,25101.58,75304.74
880,14,2,639.76,1279.52
881,3,2,2748.97,5497.94
881,4,1,1780.6,1780.6
882,2,2,26565.72,53131.44
882,13,2,4598.88,9197.76
882,9,3,1692.37,5077.11
882,1,2,56477.2,112954.4
883,7,3,3223.13,9669.39
884,13,1,4524.07,4524.07
884,6,3,2003.76,6011.28
884,4,2,1719.5,3439.0
885,12,3,6740.47,20221.41
886,11,3,4728.57,14185.71
886,4,1,1910.55,1910.55
886,6,3,2058.07,6174.21
886,12,2,6829.7,13659.4
887,4,2,1761.55,3523.1
887,7,3,2909.73,8729.19
888,5,3,895.04,2685.12
889,14,3,755.88,2267.64
889,9,3,1738.52,5215.56
889,8,1,956.26,956.26
890,2,2,26634.6,53269.2
890,13,1,4359.02,4359.02
890,8,1,872.48,872.48
891,12,1,6512.59,6512.59
891,6,3,2093.83,6281.49
891,1,2,53096.2,106192.4
892,1,2,51289.91,102579.82
892,3,2,2739.92,5479.84
893,8,3,928.88,2786.64
893,2,3,24869.75,74609.25
893,5,3,986.4,2959.2
894,15,2,271.4,542.8
894,5,2,893.53,1787.06
894,11,1,5447.47,5447.47
894,7,3,2787.39,8362.17
895,12,2,7001.08,14002.16
895,7,1,2967.31,2967.31
895,5,2,881.78,1763.56
895,8,1,816.12,816.12
896,1,3,56939.26,170817.78
897,2,2,25145.76,50291.52
898,8,1,982.47,982.47
898,4,3,1690.92,5072.76
898,6,1,2163.41,2163.41
898,13,1,3989.61,3989.61
899,7,1,3149.42,3149.42
899,14,1,636.58,636.58
899,10,1,4381.21,4381.21
899,4,3,1831.47,5494.41
900,6,3,2372.68,7118.04
900,8,2,970.13,1940.26
901,5,3,983.68,2951.04
901,8,1,926.48,926.48
901,13,2,3966.06,7932.12
901,3,1,2513.28,2513.28
902,13,1,3845.37,3845.37
903,12,3,6197.22,18591.66
903,7,1,3027.32,3027.32
903,8,2,842.67,1685.34
903,10,2,4281.82,8563.64
904,8,1,858.97,858.97
905,7,1,2843.19,2843.19
905,8,3,968.81,2906.43
905,9,1,1700.66,1700.66
905,6,2,1986.65,3973.3
906,3,3,2560.43,7681.29
906,1,1,56167.84,56167.84
906,11,2,5168.13,10336.26
906,14,1,710.21,710.21
907,8,3,963.69,2891.07
907,14,1,767.24,767.24
908,1,2,57825.68,115651.36
908,9,2,1800.45,3600.9
908,11,2,5080.05,10160.1
908,15,2,258.39,516.78
909,12,1,6818.04,6818.04
909,2,1,25485.92,25485.92
909,10,1,4494.06,4494.06
909,13,1,4104.71,4104.71
910,15,3,251.91,755.73
910,13,3,4376.85,13130.55
910,10,3,4329.23,12987.69
910,7,1,3117.13,3117.13
911,1,3,60051.62,180154.86
911,6,1,2139.02,2139.02
912,11,1,4895.04,4895.04
912,7,3,2701.96,8105.88
912,13,3,4053.45,12160.35
913,3,3,2357.42,7072.26
914,4,2,1773.08,3546.16
914,1,1,53120.95,53120.95
914,11,2,4972.15,9944.3
915,11,3,4890.23,14670.69
916,9,3,1804.61,5413.83
917,6,2,2296.88,4593.76
917,1,3,51860.69,155582.07
918,9,3,1739.09,5217.27
918,10,3,4308.14,12924.42
918,2,2,26751.04,53502.08
919,8,1,869.56,869.56
919,2,1,22572.44,22572.44
919,12,2,6079.41,12158.82
920,2,1,25867.34,25867.34
920,8,1,986.45,986.45
921,15,1,263.02,263.02
921,4,3,1897.05,5691.15
922,2,3,23627.9,70883.7
922,7,2,2709.21,5418.42
922,13,1,4206.53,4206.53
922,6,3,2341.76,7025.28
923,12,3,6798.68,20396.04
924,15,3,228.25,684.75
924,12,1,6300.3,6300.3
924,1,3,53761.43,161284.29
924,10,3,4145.97,12437.91
925,3,1,2424.33,2424.33
926,4,2,1768.66,3537.32
926,5,1,963.25,963.25
926,7,2,3149.55,6299.1
926,8,2,907.61,1815.22
927,15,1,268.6,268.6
928,10,3,4601.65,13804.95
929,14,1,673.84,673.84
929,10,1,4281.99,4281.99
929,1,1,58170.83,58170.83
930,10,2,4789.57,9579.14
931,12,1,6198.26,6198.26
932,10,3,4868.49,14605.47
933,5,2,949.3,1898.6
933,4,2,1904.31,3808.62
933,15,1,256.16,256.16
933,2,2,25079.41,50158.82
934,15,1,257.98,257.98
935,10,2,4756.83,9513.66
936,10,1,4773.45,4773.45
936,4,2,1713.94,3427.88
936,9,2,1927.29,3854.58
936,5,3,889.61,2668.83
937,13,3,4613.04,13839.12
937,15,1,238.22,238.22
937,1,1,58126.16,58126.16
937,14,3,693.84,2081.52
938,13,2,4297.15,8594.3
939,3,1,2560.3,2560.3
940,10,2,4771.41,9542.82
940,2,3,25840.75,77522.25
940,13,1,4488.84,4488.84
940,5,1,900.72,900.72
941,14,1,750.45,750.45
941,6,3,2012.89,6038.67
941,9,3,1865.48,5596.44
941,2,1,24411.49,24411.49
942,12,2,6712.79,13425.58
942,4,2,1768.23,3536.46
942,15,1,245.47,245.47
942,9,1,1714.61,1714.61
943,13,3,3948.28,11844.84
943,11,1,4574.32,4574.32
943,2,3,24494.39,73483.17
943,8,2,820.32,1640.64
944,10,2,4873.17,9746.34
944,6,1,2289.52,2289.52
945,9,1,1874.02,1874.02
946,15,3,261.72,785.16
946,12,2,6377.64,12755.28
946,4,2,1919.52,3839.04
946,2,3,23982.56,71947.68
947,12,3,6469.13,19407.39
947,3,2,2549.73,5099.46
948,1,2,52608.2,105216.4
948,13,2,4519.09,9038.18
948,2,1,25399.96,25399.96
948,11,3,5116.25,15348.75
949,4,3,1950.97,5852.91
950,7,2,2939.51,5879.02
951,3,3,2710.51,8131.53
951,12,3,6372.56,19117.68
952,2,3,26618.93,79856.79
952,4,3,1823.73,5471.19
953,11,1,5497.14,5497.14
954,8,3,919.39,2758.17
954,5,3,943.53,2830.59
954,4,2,1713.84,3427.68
955,2,3,27219.8,81659.4
956,10,3,4856.06,14568.18
956,13,1,3892.82,3892.82
956,8,2,877.38,1754.76
957,4,2,1791.2,3582.4
957,15,3,263.67,791.01
957,13,1,4011.37,4011.37
958,1,1,50413.05,50413.05
958,14,2,737.46,1474.92
959,2,1,25379.14,25379.14
959,6,3,2415.71,7247.13
960,13,3,4011.09,12033.27
961,8,3,866.78,2600.34
961,12,1,6895.38,6895.38
961,1,2,57128.48,114256.96
962,10,2,4542.2,9084.4
962,9,1,1967.28,1967.28
962,6,2,2296.64,4593.28
962,11,2,5442.21,10884.42
963,1,3,59111.98,177335.94
963,12,2,5907.26,11814.52
963,6,1,2265.26,2265.26
964,9,3,1651.92,4955.76
965,10,3,4295.35,12886.05
965,14,2,640.12,1280.24
966,15,1,264.38,264.38
966,4,2,1808.46,3616.92
966,3,3,2718.74,8156.22
967,12,1,5861.45,5861.45
967,15,3,272.64,817.92
967,11,3,5461.78,16385.34
967,7,2,2973.76,5947.52
968,1,2,55686.6,111373.2
968,10,3,4466.33,13398.99
968,9,3,1906.88,5720.64
969,3,2,2565.9,5131.8
970,7,3,2971.13,8913.39
971,15,2,230.02,460.04
971,11,2,4745.86,9491.72
972,15,1,274.96,274.96
972,12,3,6787.07,20361.21
972,6,3,2203.15,6609.45
973,11,1,5470.1,5470.1
974,1,1,55813.41,55813.41
974,8,1,893.3,893.3
975,15,2,271.69,543.38
976,1,1,54378.72,54378.72
976,12,1,6047.96,6047.96
977,14,3,686.34,2059.02
977,8,2,916.15,1832.3
977,15,1,247.71,247.71
977,3,2,2674.84,5349.68
978,3,2,2284.8,4569.6
979,7,2,3166.65,6333.3
980,3,3,2657.38,7972.14
980,7,2,2886.75,5773.5
980,4,2,1875.07,3750.14
980,9,3,1703.28,5109.84
981,10,2,4526.99,9053.98
981,8,2,930.72,1861.44
981,14,1,739.0,739.0
981,12,1,6642.04,6642.04
982,7,1,2818.61,2818.61
982,15,1,262.99,262.99
983,9,1,1904.22,1904.22
984,9,3,1952.67,5858.01
985,13,2,4469.75,8939.5
985,7,2,2704.65,5409.3
985,12,2,5878.59,11757.18
986,15,1,227.64,227.64
986,8,1,912.15,912.15
986,4,1,1904.83,1904.83
987,6,1,2027.41,2027.41
988,6,2,2385.55,4771.1
988,8,3,868.72,2606.16
988,10,3,4120.77,12362.31
989,15,3,239.8,719.4
989,1,1,59760.68,59760.68
989,4,2,1908.79,3817.58
989,12,3,6600.24,19800.72
990,10,3,4571.0,13713.0
990,15,1,241.18,241.18
991,5,2,963.03,1926.06
991,2,3,27323.87,81971.61
992,5,2,852.17,1704.34
993,11,1,4533.99,4533.99
993,2,2,25582.73,51165.46
993,12,2,5935.86,11871.72
993,9,3,1696.28,5088.84
994,11,1,4962.71,4962.71
995,8,2,818.82,1637.64
995,13,2,4187.5,8375.0
995,6,2,2177.29,4354.58
996,11,2,4785.24,9570.48
996,3,2,2746.31,5492.62
996,13,1,4170.82,4170.82
996,8,2,811.27,1622.54
997,12,3,6384.18,19152.54
997,3,3,2545.76,7637.28
997,4,2,1674.57,3349.14
997,14,3,730.23,2190.69
998,12,1,6569.22,6569.22
998,11,2,5429.32,10858.64
998,5,3,970.71,2912.13
998,13,1,4342.12,4342.12
999,6,3,2343.85,7031.55
999,3,3,2685.15,8055.45
999,8,3,824.76,2474.28
999,13,3,4087.96,12263.88
1000,4,3,1857.66,5572.98
1000,11,3,4767.44,14302.32
1000,12,3,5876.54,17629.62
1000,9,2,1902.95,3805.9
1001,7,1,3120.09,3120.09
1001,6,3,2104.58,6313.74
1002,11,2,5108.51,10217.02
1003,4,2,1750.8,3501.6
1003,3,2,2407.91,4815.82
1003,13,2,4085.25,8170.5
1003,5,2,846.55,1693.1
1004,4,2,1710.77,3421.54
1004,8,3,973.93,2921.79
1004,10,1,4568.07,4568.07
1004,15,3,269.06,807.18
1005,13,1,4200.34,4200.34
1005,2,2,25709.67,51419.34
1005,8,3,954.66,2863.98
1005,4,2,1759.78,3519.56
1006,6,1,2317.56,2317.56
1006,7,1,3286.6,3286.6
1006,9,1,1736.02,1736.02
1006,5,3,832.89,2498.67
1007,5,2,947.07,1894.14
1007,10,3,4588.29,13764.87
1007,1,2,55267.16,110534.32
1007,4,1,1915.4,1915.4
1008,7,3,3098.37,9295.11
1009,8,1,829.68,829.68
1009,1,2,50484.01,100968.02
1009,10,2,4085.44,8170.88
1010,9,2,1954.86,3909.72
1011,11,3,5465.6,16396.8
1011,6,2,2218.74,4437.48
1011,5,1,870.27,870.27
1011,4,1,1937.86,1937.86
1012,7,2,3272.8,6545.6
1013,15,1,247.12,247.12
1014,12,1,6780.01,6780.01
1014,4,1,1652.87,1652.87
1014,7,1,2856.95,2856.95
1015,4,1,1976.11,1976.11
1015,10,2,4320.21,8640.42
1015,12,1,5974.59,5974.59
1015,13,2,4251.45,8502.9
1016,1,2,57486.16,114972.32
1016,7,2,2784.35,5568.7
1016,15,3,238.82,716.46
1017,14,2,703.34,1406.68
1017,5,3,892.28,2676.84
1017,2,1,23789.13,23789.13
1018,8,2,915.24,1830.48
1018,10,1,4507.75,4507.75
1019,9,2,1640.43,3280.86
1020,14,3,633.13,1899.39
1020,10,3,4417.92,13253.76
1021,3,2,2696.97,5393.94
1021,7,2,3030.15,6060.3
1022,13,3,4426.78,13280.34
1022,5,1,962.92,962.92
1023,12,1,6018.02,6018.02
1024,9,2,1707.39,3414.78
1025,6,1,2255.19,2255.19
1026,13,2,3838.68,7677.36
1027,6,3,2140.82,6422.46
1027,7,2,3281.19,6562.38
1028,3,2,2374.25,4748.5
1028,4,3,1891.17,5673.51
1029,8,3,854.59,2563.77
1029,2,3,25134.01,75402.03
1030,6,2,2230.32,4460.64
1031,7,3,3114.05,9342.15
1032,9,2,1703.17,3406.34
1032,5,1,872.09,872.09
1032,3,2,2348.6,4697.2
1032,1,3,53513.34,160540.02
1033,8,3,864.41,2593.23
1034,1,3,58677.53,176032.59
1035,11,2,5214.41,10428.82
1036,2,3,23926.5,71779.5
1037,4,3,1695.16,5085.48
1037,8,2,972.83,1945.66
1037,3,3,2671.65,8014.95
1038,11,2,4993.55,9987.1
1039,1,2,56730.73,113461.46
1040,10,3,4866.31,14598.93
1040,7,1,2864.97,2864.97
1040,15,3,229.74,689.22
1041,10,3,4684.37,14053.11
1041,9,3,1765.7,5297.1
1042,8,2,918.65,1837.3
1042,12,1,5893.97,5893.97
1042,5,1,931.98,931.98
1042,13,2,4394.63,8789.26
1043,6,2,2241.78,4483.56
1043,11,1,4742.98,4742.98
1043,14,1,736.97,736.97
1044,12,3,6751.02,20253.06
1044,9,1,1792.56,1792.56
1045,10,1,4454.15,4454.15
1046,7,1,2854.77,2854.77
1046,8,2,839.41,1678.82
1046,15,1,270.23,270.23
1047,10,2,4176.93,8353.86
1048,3,1,2365.35,2365.35
1048,9,1,1877.68,1877.68
1048,6,3,2047.13,6141.39
1048,10,1,4525.59,4525.59
1049,1,2,56823.79,113647.58
1049,13,2,4523.48,9046.96
1050,11,1,5499.7,5499.7
1050,15,2,256.38,512.76
1050,5,3,967.14,2901.42
1051,13,3,3961.75,11885.25
1052,4,3,1660.93,4982.79
1052,14,1,693.69,693.69
1052,13,1,4449.03,4449.03
1053,11,3,5445.19,16335.57
1053,5,3,929.25,2787.75
1054,1,3,50265.85,150797.55
1055,9,1,1789.4,1789.4
1056,10,3,4349.02,13047.06
1056,4,1,1960.55,1960.55
1056,5,1,940.4,940.4
1057,5,3,864.02,2592.06
1057,12,2,6193.13,12386.26
1057,4,3,1673.66,5020.98
1057,2,2,25678.21,51356.42
1058,11,3,4542.36,13627.08
1058,13,1,4534.39,4534.39
1059,13,2,4371.08,8742.16
1059,4,2,1965.64,3931.28
1059,5,1,954.6,954.6
1059,7,2,2757.88,5515.76
1060,1,3,60471.4,181414.2
1060,11,3,5134.05,15402.15
1060,3,3,2436.35,7309.05
1061,6,2,2016.1,4032.2
1061,12,2,6232.62,12465.24
1061,7,2,3103.97,6207.94
1062,10,2,4404.86,8809.72
1062,11,2,5461.42,10922.84
1062,14,3,657.34,1972.02
1062,7,1,2936.26,2936.26
1063,6,3,2058.13,6174.39
1063,7,2,2947.79,5895.58
1064,14,3,674.56,2023.68
1064,7,3,3087.63,9262.89
1064,6,1,2079.36,2079.36
1064,3,1,2311.34,2311.34
1065,4,3,1807.1,5421.3
1065,9,1,1979.52,1979.52
1066,10,1,4727.44,4727.44
1067,9,1,1930.42,1930.42
1067,5,2,903.61,1807.22
1068,10,1,4736.77,4736.77
1068,11,2,5153.45,10306.9
1069,13,1,4436.27,4436.27
1069,3,1,2415.9,2415.9
1069,7,3,2943.6,8830.8
1069,10,2,4077.21,8154.42
1070,1,1,55454.57,55454.57
1070,10,2,4334.16,8668.32
1071,8,3,854.87,2564.61
1071,7,3,2879.75,8639.25
1071,10,2,4831.23,9662.46
1072,11,1,4752.4,4752.4
1072,4,2,1727.04,3454.08
1072,10,1,4829.38,4829.38
1072,8,2,970.35,1940.7
1073,6,3,2054.43,6163.29
1073,7,3,2756.0,8268.0
1074,4,1,1778.56,1778.56
1074,8,1,815.19,815.19
1075,12,3,6644.1,19932.3
1075,6,1,2157.23,2157.23
1076,11,2,4630.16,9260.32
1076,8,3,971.48,2914.44
1076,14,2,631.79,1263.58
1076,9,1,1788.99,1788.99
1077,1,2,56497.3,112994.6
1077,7,3,3065.14,9195.42
1078,15,2,264.74,529.48
1078,2,1,23746.36,23746.36
1079,5,2,910.34,1820.68
1079,8,2,950.28,1900.56
1079,1,2,57780.64,115561.28
1080,7,2,3037.07,6074.14
1081,12,3,6351.89,19055.67
1081,10,1,4350.94,4350.94
1081,4,2,1881.15,3762.3
1081,8,1,949.48,949.48
1082,2,1,23173.14,23173.14
1083,9,2,1861.63,3723.26
1083,13,2,4579.25,9158.5
1084,10,3,4883.15,14649.45
1084,1,2,57958.96,115917.92
1084,14,3,688.55,2065.65
1084,11,3,4535.88,13607.64
1085,3,1,2686.14,2686.14
1085,10,2,4903.19,9806.38
1085,15,1,237.9,237.9
1086,14,2,726.62,1453.24
1087,3,2,2338.48,4676.96
1087,2,2,23693.0,47386.0
1087,14,1,717.95,717.95
1088,15,1,248.26,248.26
1088,2,2,24129.13,48258.26
1088,12,1,6483.12,6483.12
1089,15,1,230.11,230.11
1089,3,2,2562.87,5125.74
1089,9,1,1685.95,1685.95
1090,13,2,4610.63,9221.26
1090,12,3,6521.01,19563.03
1091,8,1,827.94,827.94
1092,7,1,3097.42,3097.42
1093,6,2,2390.85,4781.7
1094,13,1,3844.62,3844.62
1094,8,2,958.43,1916.86
1095,14,2,707.71,1415.42
1095,15,2,248.06,496.12
1096,8,3,974.69,2924.07
1096,2,2,26133.65,52267.3
1096,5,1,929.9,929.9
1096,10,2,4891.29,9782.58
1097,1,2,51815.32,103630.64
1097,6,2,2042.8,4085.6
1097,5,2,896.39,1792.78
1098,6,1,2204.91,2204.91
1099,15,3,240.47,721.41
1099,9,3,1721.54,5164.62
1099,12,1,6864.97,6864.97
1100,2,3,24719.16,74157.48
1100,10,2,4826.46,9652.92
1100,9,2,1823.65,3647.3
1101,9,1,1656.21,1656.21
1101,3,3,2524.13,7572.39
1101,13,2,4366.51,8733.02
1102,11,1,5126.43,5126.43
1102,9,3,1976.19,5928.57
1103,5,2,920.35,1840.7
1103,11,3,4745.55,14236.65
1103,8,3,859.35,2578.05
1104,10,1,4101.47,4101.47
1104,9,2,1851.39,3702.78
1104,5,2,920.98,1841.96
1104,15,3,259.81,779.43
1105,1,2,57188.68,114377.36
1105,9,3,1710.98,5132.94
1105,10,1,4785.09,4785.09
1105,6,2,2162.39,4324.78
1106,6,1,2024.5,2024.5
1106,9,2,1924.67,3849.34
1106,7,3,3245.47,9736.41
1107,15,3,270.3,810.9
1107,8,2,892.83,1785.66
1108,6,1,2106.43,2106.43
1108,13,1,4463.71,4463.71
1109,15,1,265.97,265.97
1109,14,1,730.34,730.34
1109,10,2,4767.52,9535.04
1110,14,2,703.59,1407.18
1110,8,1,916.55,916.55
1110,1,3,50746.75,152240.25
1110,7,3,3217.36,9652.08
1111,1,3,49863.32,149589.96
1112,15,2,235.95,471.9
1112,1,1,52994.79,52994.79
1112,5,2,849.54,1699.08
1112,3,3,2700.15,8100.45
1113,4,1,1919.67,1919.67
1114,5,1,870.87,870.87
1114,2,1,27355.55,27355.55
1115,9,2,1863.74,3727.48
1115,5,3,946.57,2839.71
1115,12,1,7061.02,7061.02
1115,7,3,3069.85,9209.55
1116,9,2,1620.17,3240.34
1117,3,2,2476.76,4953.52
1117,12,1,6636.29,6636.29
1118,6,2,2352.32,4704.64
1118,4,1,1922.81,1922.81
1118,15,1,227.97,227.97
1119,5,2,935.64,1871.28
1120,5,1,876.4,876.4
1120,3,3,2564.04,7692.12
1120,11,2,4705.54,9411.08
1120,2,1,23042.12,23042.12
1121,13,1,3963.16,3963.16
1121,2,1,26154.58,26154.58
1121,3,3,2699.55,8098.65
1122,8,1,989.56,989.56
1122,10,3,4204.88,12614.64
1122,14,1,633.93,633.93
1122,12,1,6636.13,6636.13
1123,4,3,1850.08,5550.24
1123,13,3,4058.44,12175.32
1123,8,2,907.91,1815.82
1124,6,3,2087.26,6261.78
1124,12,1,6572.8,6572.8
1125,9,3,1854.11,5562.33
1126,5,2,878.19,1756.38
1127,3,2,2549.03,5098.06
1127,9,3,1730.37,5191.11
1128,13,3,4066.44,12199.32
1129,9,2,1832.81,3665.62
1129,15,3,242.46,727.38
1129,1,2,53591.51,107183.02
1130,14,1,711.11,711.11
1130,2,2,25486.26,50972.52
1130,9,2,1643.49,3286.98
1131,15,3,270.66,811.98
1131,5,1,934.02,934.02
1132,9,3,1933.09,5799.27
1132,10,1,4135.26,4135.26
1132,8,2,957.69,1915.38
1132,4,2,1629.24,3258.48
1133,13,1,4054.86,4054.86
1134,7,3,3093.14,9279.42
1134,11,2,4614.55,9229.1
1134,8,1,988.61,988.61
1135,10,2,4610.18,9220.36
1135,8,2,859.9,1719.8
1135,15,1,255.1,255.1
1136,12,2,6896.19,13792.38
1136,6,3,2397.0,7191.0
1136,13,3,4269.75,12809.25
1137,1,2,58477.31,116954.62
1137,11,2,5064.63,10129.26
1137,8,1,850.71,850.71
1137,10,2,4423.46,8846.92
1138,11,2,5422.32,10844.64
1139,2,3,26387.74,79163.22
1140,1,1,50200.38,50200.38
1140,9,3,1732.08,5196.24
1140,6,2,2073.17,4146.34
1140,14,2,757.35,1514.7
1141,5,2,923.61,1847.22
1142,3,1,2676.29,2676.29
1142,7,1,3084.4,3084.4
1142,9,3,1785.44,5356.32
1142,5,1,864.95,864.95
1143,13,2,4216.45,8432.9
1143,10,2,4676.22,9352.44
1143,11,2,5032.51,10065.02
1144,1,1,53712.67,53712.67
1145,9,2,1970.0,3940.0
1145,8,1,926.75,926.75
1146,15,1,268.25,268.25
1146,14,2,676.58,1353.16
1147,8,1,957.98,957.98
1148,10,3,4168.91,12506.73
1148,4,3,1862.92,5588.76
1148,7,2,3272.47,6544.94
1148,8,2,864.51,1729.02
1149,8,1,917.21,917.21
1149,11,1,4543.26,4543.26
1149,15,1,233.47,233.47
1149,1,1,55352.23,55352.23
1150,3,1,2682.97,2682.97
1151,9,3,1835.44,5506.32
1151,13,2,4530.29,9060.58
1151,4,1,1747.67,1747.67
1152,2,3,26816.33,80448.99
1152,11,3,5136.75,15410.25
1153,15,1,272.02,272.02
1153,14,3,745.76,2237.28
1153,3,3,2531.84,7595.52
1153,2,2,26266.53,52533.06
1154,8,3,913.16,2739.48
1154,11,1,5128.57,5128.57
1154,1,2,54155.62,108311.24
1155,3,3,2288.43,6865.29
1155,4,1,1711.42,1711.42
1156,7,3,2788.94,8366.82
1157,3,2,2676.59,5353.18
1157,12,2,6573.6,13147.2
1157,7,3,3198.61,9595.83
1157,6,1,2182.92,2182.92
1158,2,1,23817.32,23817.32
1158,11,1,5396.92,5396.92
1158,5,1,819.03,819.03
1158,9,2,1656.68,3313.36
1159,2,3,23258.67,69776.01
1160,3,1,2455.5,2455.5
1161,1,2,52801.22,105602.44
1161,3,2,2704.21,5408.42
1161,4,1,1721.3,1721.3
1161,8,2,831.56,1663.12
1162,3,2,2348.99,4697.98
1162,7,3,3032.56,9097.68
1162,8,1,842.85,842.85
1163,12,1,7109.65,7109.65
1164,8,3,856.09,2568.27
1164,14,3,747.47,2242.41
1165,4,2,1945.95,3891.9
1165,11,1,5019.65,5019.65
1166,7,3,3261.57,9784.71
1166,11,1,4843.98,4843.98
1166,5,2,850.87,1701.74
1167,5,1,820.67,820.67
1167,14,3,653.81,1961.43
1168,6,3,2051.16,6153.48
1168,9,2,1743.74,3487.48
1168,10,1,4242.44,4242.44
1168,7,3,3217.16,9651.48
1169,12,2,6055.08,12110.16
1169,11,2,5478.03,10956.06
1169,10,3,4196.39,12589.17
1170,13,2,4371.98,8743.96
1171,9,1,1855.37,1855.37
1172,1,2,58846.25,117692.5
1173,11,2,4527.23,9054.46
1173,3,1,2499.64,2499.64
1173,7,1,3120.26,3120.26
1173,2,2,26889.04,53778.08
1174,6,1,2341.74,2341.74
1175,15,3,265.73,797.19
1175,8,2,866.01,1732.02
1176,6,1,2005.55,2005.55
1176,8,1,863.17,863.17
1176,2,1,24612.27,24612.27
1176,15,3,262.45,787.35
1177,13,1,3885.31,3885.31
1177,4,1,1694.73,1694.73
1177,15,2,250.94,501.88
1178,11,3,5416.03,16248.09
1178,14,1,717.66,717.66
1178,5,2,919.82,1839.64
1179,13,2,4168.18,8336.36
1179,15,2,270.51,541.02
1180,2,2,24396.09,48792.18
1180,5,1,941.43,941.43
1180,3,1,2603.49,2603.49
1181,10,3,4179.81,12539.43
1181,12,3,6720.24,20160.72
1181,4,3,1798.94,5396.82
1181,15,2,258.15,516.3
1182,2,2,24886.48,49772.96
1182,15,3,230.2,690.6
1183,11,2,4551.82,9103.64
1183,13,1,4412.69,4412.69
1184,6,1,2002.42,2002.42
1184,10,2,4336.26,8672.52
1184,12,2,6846.0,13692.0
1184,5,1,867.67,867.67
1185,5,3,989.1,2967.3
1185,3,3,2376.56,7129.68
1186,1,1,55120.34,55120.34
1186,11,3,5372.05,16116.15
1187,8,3,941.76,2825.28
1188,6,2,2353.31,4706.62
1188,3,1,2343.34,2343.34
1188,9,2,1840.15,3680.3
1189,15,2,267.42,534.84
1190,4,1,1832.62,1832.62
1190,3,2,2256.11,4512.22
1190,13,1,3954.51,3954.51
1191,1,3,57820.52,173461.56
1191,14,3,761.19,2283.57
1192,15,3,261.01,783.03
1192,3,3,2573.53,7720.59
1193,14,2,642.63,1285.26
1194,11,3,4503.42,13510.26
1194,1,3,57491.08,172473.24
1194,10,2,4400.93,8801.86
1195,7,1,3147.63,3147.63
1195,5,3,862.34,2587.02
1195,3,2,2393.67,4787.34
1195,8,3,887.06,2661.18
1196,8,1,964.33,964.33
1197,2,2,26822.54,53645.08
1198,13,1,4408.57,4408.57
1199,8,3,880.83,2642.49
1199,15,3,270.79,812.37
1199,9,3,1632.35,4897.05
1200,10,3,4491.18,13473.54
1200,5,3,970.04,2910.12
1201,5,2,822.89,1645.78
1201,2,1,25423.94,25423.94
1201,9,3,1946.85,5840.55
1202,7,3,2929.58,8788.74
1202,9,2,1672.55,3345.1
1202,14,2,696.66,1393.32
1202,3,2,2344.4,4688.8
1203,4,1,1865.81,1865.81
1203,13,2,4050.98,8101.96
1204,13,3,4067.57,12202.71
1204,14,3,651.9,1955.7
1204,12,3,7063.18,21189.54
1205,10,1,4271.55,4271.55
1206,5,3,879.53,2638.59
1206,8,3,954.48,2863.44
1206,1,2,53913.84,107827.68
1207,5,3,877.88,2633.64
1207,4,2,1744.92,3489.84
1207,15,2,253.32,506.64
1207,12,2,6926.03,13852.06
1208,2,2,27466.27,54932.54
1208,14,3,649.75,1949.25
1209,13,1,4211.97,4211.97
1209,15,1,253.35,253.35
1210,1,2,50728.06,101456.12
1211,15,2,242.02,484.04
1211,5,1,845.66,845.66
1211,7,3,3214.56,9643.68
1211,8,1,910.71,910.71
1212,5,1,861.12,861.12
1212,9,2,1973.25,3946.5
1212,13,1,4020.1,4020.1
1213,7,3,2890.9,8672.7
1213,9,3,1682.26,5046.78
1213,12,2,6259.26,12518.52
1213,1,1,50358.87,50358.87
1214,14,3,691.73,2075.19
1215,12,2,7110.41,14220.82
1215,6,1,2170.35,2170.35
1215,11,1,4618.53,4618.53
1216,5,2,921.34,1842.68
1216,3,3,2649.03,7947.09
1216,6,1,2291.72,2291.72
1217,11,2,4901.85,9803.7
1217,15,2,267.64,535.28
1218,4,2,1725.81,3451.62
1218,6,1,2305.33,2305.33
1219,14,1,709.69,709.69
1219,11,3,5161.4,15484.2
1219,13,3,3822.36,11467.08
1220,7,1,2906.38,2906.38
1220,2,1,25073.07,25073.07
1221,11,2,4682.52,9365.04
1221,13,1,4234.99,4234.99
1221,10,3,4223.29,12669.87
1221,6,2,2229.3,4458.6
1222,6,2,2320.5,4641.0
1222,14,3,716.75,2150.25
1222,3,1,2365.98,2365.98
1223,9,3,1711.93,5135.79
1223,2,1,23878.61,23878.61
1224,1,3,51468.05,154404.15
1224,14,3,682.49,2047.47
1224,7,1,2904.08,2904.08
1225,1,2,55526.87,111053.74
1225,6,2,2232.28,4464.56
1225,2,3,26382.21,79146.63
1225,12,3,6895.6,20686.8
1226,11,2,5406.41,10812.82
1226,3,2,2340.9,4681.8
1227,8,3,902.58,2707.74
1227,14,2,663.96,1327.92
1227,5,2,915.61,1831.22
1227,13,1,3905.51,3905.51
1228,11,1,4536.55,4536.55
1228,13,3,4258.53,12775.59
1229,9,3,1678.28,5034.84
1229,12,1,6057.21,6057.21
1229,15,3,272.59,817.77
1229,7,3,3260.35,9781.05
1230,1,2,57131.1,114262.2
1230,6,3,2083.28,6249.84
1230,3,3,2281.72,6845.16
1230,2,1,26349.82,26349.82
1231,15,2,226.08,452.16
1231,1,2,50628.3,101256.6
1231,10,3,4916.91,14750.73
1231,12,1,6727.02,6727.02
1232,6,2,2041.01,4082.02
1232,3,2,2423.7,4847.4
1232,8,2,902.49,1804.98
1232,1,3,52931.23,158793.69
1233,2,2,23832.83,47665.66
1233,10,2,4546.34,9092.68
1233,11,1,5221.75,5221.75
1233,6,3,2053.04,6159.12
1234,7,2,3160.29,6320.58
1235,15,1,225.61,225.61
1236,1,3,50983.04,152949.12
1237,4,3,1819.88,5459.64
1237,2,2,23458.56,46917.12
1238,2,1,25383.96,25383.96
1238,8,2,955.02,1910.04
1238,9,2,1632.22,3264.44
1239,5,1,987.27,987.27
1239,14,2,631.13,1262.26
1240,1,3,52936.27,158808.81
1240,8,3,912.17,2736.51
1240,9,3,1905.02,5715.06
1241,3,2,2694.31,5388.62
1241,7,2,2737.1,5474.2
1241,10,1,4407.45,4407.45
1241,1,2,53163.12,106326.24
1242,8,2,915.96,1831.92
1242,5,2,817.79,1635.58
1242,6,1,2150.52,2150.52
1243,1,2,53538.97,107077.94
1243,2,1,27042.22,27042.22
1244,13,1,4348.8,4348.8
1244,2,3,24469.9,73409.7
1244,8,3,976.17,2928.51
1245,4,1,1752.49,1752.49
1245,9,1,1963.6,1963.6
1245,13,2,4498.01,8996.02
1246,12,3,6190.75,18572.25
1246,9,3,1975.31,5925.93
1247,10,3,4786.78,14360.34
1247,12,2,5920.12,11840.24
1247,6,1,2378.0,2378.0
1248,8,2,826.68,1653.36
1249,2,1,22724.09,22724.09
1250,8,2,951.21,1902.42
1250,13,2,3907.83,7815.66
1250,6,1,2339.49,2339.49
1250,2,1,25967.99,25967.99
1251,10,2,4228.23,8456.46
1251,3,3,2679.53,8038.59
1251,5,3,948.4,2845.2
1252,7,2,2950.04,5900.08
1252,9,2,1623.49,3246.98
1252,1,3,52953.09,158859.27
1252,11,1,4592.22,4592.22
1253,4,3,1712.65,5137.95
1254,14,1,759.68,759.68
1255,14,3,634.05,1902.15
1256,10,3,4536.38,13609.14
1257,15,2,238.32,476.64
1257,11,1,5208.14,5208.14
1258,9,3,1648.1,4944.3
1258,14,1,717.49,717.49
1258,2,2,25464.44,50928.88
1259,12,3,6117.8,18353.4
1259,9,2,1848.08,3696.16
1259,8,3,933.57,2800.71
1260,3,2,2298.52,4597.04
1261,13,2,4229.73,8459.46
1261,5,3,923.2,2769.6
1262,6,1,2301.01,2301.01
1262,1,1,59652.0,59652.0
1262,3,1,2636.78,2636.78
1262,11,2,5072.32,10144.64
1263,5,1,946.7,946.7
1263,8,3,851.08,2553.24
1264,10,3,4946.9,14840.7
1264,13,2,4572.08,9144.16
1264,6,2,2200.26,4400.52
1264,2,1,22962.22,22962.22
1265,2,1,23721.16,23721.16
1265,15,3,241.27,723.81
1266,13,2,4249.7,8499.4
1267,6,2,2232.95,4465.9
1267,8,1,817.66,817.66
1267,2,2,26613.24,53226.48
1268,5,2,833.64,1667.28
1269,2,1,26805.48,26805.48
1270,7,3,3266.6,9799.8
1270,15,2,268.88,537.76
1271,3,3,2575.68,7727.04
1271,10,1,4288.69,4288.69
1271,7,2,2751.15,5502.3
1271,13,1,4271.79,4271.79
1272,8,3,932.0,2796.0
1272,14,2,743.43,1486.86
1273,9,2,1892.71,3785.42
1273,3,2,2461.88,4923.76
1273,10,2,4696.12,9392.24
1274,14,1,656.55,656.55
1274,3,1,2605.53,2605.53
1275,1,1,51372.29,51372.29
1275,11,3,5051.76,15155.28
1275,2,1,23351.24,23351.24
1276,12,2,6479.22,12958.44
1276,6,3,2026.95,6080.85
1276,10,2,4303.58,8607.16
1277,14,3,666.35,1999.05
1277,13,2,4103.9,8207.8
1277,15,1,268.87,268.87
1278,4,1,1732.96,1732.96
1278,5,3,816.84,2450.52
1279,12,1,6777.53,6777.53
1280,1,1,54627.94,54627.94
1281,5,3,876.05,2628.15
1281,1,2,57907.46,115814.92
1282,6,1,2191.48,2191.48
1282,15,3,241.42,724.26
1282,1,2,59277.1,118554.2
1283,5,3,920.07,2760.21
1283,15,3,258.84,776.52
1283,11,3,5079.53,15238.59
1284,9,3,1836.24,5508.72
1284,6,2,2056.51,4113.02
1284,3,3,2699.21,8097.63
1284,7,2,3142.89,6285.78
1285,1,1,51904.04,51904.04
1285,9,2,1635.17,3270.34
1285,3,1,2586.99,2586.99
1285,6,2,2077.77,4155.54
1286,1,1,54743.56,54743.56
1286,15,3,254.9,764.7
1286,9,3,1842.31,5526.93
1286,8,2,886.71,1773.42
1287,3,2,2494.86,4989.72
1288,1,3,51486.71,154460.13
1288,11,3,5232.03,15696.09
1288,5,2,840.67,1681.34
1289,8,2,862.64,1725.28
1289,4,1,1909.96,1909.96
1290,5,1,895.72,895.72
1291,14,3,650.43,1951.29
1291,15,2,232.36,464.72
1291,1,3,57731.11,173193.33
1291,3,1,2476.97,2476.97
1292,5,3,812.56,2437.68
1292,8,3,840.17,2520.51
1292,13,2,4310.03,8620.06
1293,6,2,2031.38,4062.76
1294,2,2,26902.66,53805.32
1295,12,1,6076.86,6076.86
1295,5,1,986.09,986.09
1295,1,3,52910.15,158730.45
1295,7,3,2968.93,8906.79
1296,2,1,24968.5,24968.5
1296,12,2,6329.27,12658.54
1296,14,1,688.45,688.45
1296,11,1,5294.88,5294.88
1297,2,2,26469.42,52938.84
1298,9,3,1684.16,5052.48
1298,4,3,1795.17,5385.51
1298,13,2,3912.77,7825.54
1298,3,3,2667.49,8002.47
1299,9,3,1756.11,5268.33
1299,5,1,873.88,873.88
1299,12,3,7077.08,21231.24
1300,11,1,4516.03,4516.03
1301,3,2,2733.14,5466.28
1301,9,2,1736.58,3473.16
1301,4,2,1901.92,3803.84
1301,14,1,748.06,748.06
1302,15,3,259.03,777.09
1302,7,1,2808.31,2808.31
1302,1,2,54880.13,109760.26
1302,10,1,4410.42,4410.42
1303,11,2,5024.26,10048.52
1303,6,1,2020.03,2020.03
1304,10,3,4883.82,14651.46
1305,14,3,756.87,2270.61
1306,12,2,6704.33,13408.66
1306,13,2,4123.07,8246.14
1307,1,2,54126.42,108252.84
1307,14,3,735.35,2206.05
1307,5,2,858.77,1717.54
1307,8,2,883.44,1766.88
1308,2,2,25085.1,50170.2
1308,12,1,6463.61,6463.61
1308,14,3,662.89,1988.67
1308,4,2,1718.07,3436.14
1309,15,3,230.27,690.81
1309,7,3,3074.05,9222.15
1309,6,3,2022.63,6067.89
1310,5,1,898.14,898.14
1310,4,1,1825.54,1825.54
1310,6,3,2078.38,6235.14
1311,14,2,744.27,1488.54
1311,6,2,2368.08,4736.16
1312,10,3,4417.33,13251.99
1312,7,2,3076.06,6152.12
1312,6,3,2343.18,7029.54
1312,9,3,1929.26,5787.78
1313,13,3,4572.86,13718.58
1314,4,1,1918.51,1918.51
1314,6,1,2151.93,2151.93
1314,10,2,4146.07,8292.14
1315,2,2,24199.19,48398.38
1315,8,1,839.49,839.49
1315,12,1,7019.52,7019.52
1315,3,2,2705.12,5410.24
1316,6,3,2129.58,6388.74
1316,8,3,989.14,2967.42
1316,7,1,2978.49,2978.49
1316,2,2,26831.05,53662.1
1317,4,3,1690.36,5071.08
1317,2,3,25140.15,75420.45
1317,1,1,50877.49,50877.49
1317,9,2,1959.23,3918.46
1318,5,1,984.27,984.27
1318,15,1,259.61,259.61
1318,3,1,2587.53,2587.53
1319,11,2,4585.86,9171.72
1319,1,2,54703.52,109407.04
1320,1,3,54502.96,163508.88
1320,8,3,981.53,2944.59
1321,8,2,892.12,1784.24
1321,15,1,274.17,274.17
1321,11,3,5142.91,15428.73
1321,13,1,4380.94,4380.94
1322,1,3,58463.96,175391.88
1322,6,3,2090.95,6272.85
1323,10,3,4689.31,14067.93
1323,7,2,3202.62,6405.24
1323,5,3,967.15,2901.45
1324,9,3,1861.74,5585.22
1325,1,1,50335.98,50335.98
1325,6,2,2202.48,4404.96
1326,9,1,1936.22,1936.22
1326,15,3,263.83,791.49
1327,10,3,4208.38,12625.14
1327,1,3,56911.55,170734.65
1327,15,2,230.66,461.32
1328,5,3,897.38,2692.14
1329,6,1,2289.82,2289.82
1329,10,2,4161.89,8323.78
1329,4,3,1746.86,5240.58
1330,13,2,3985.91,7971.82
1330,3,2,2381.82,4763.64
1331,4,1,1785.75,1785.75
1332,10,1,4143.8,4143.8
1332,13,1,4018.04,4018.04
1332,12,1,6569.42,6569.42
1332,9,1,1720.3,1720.3
1333,14,3,726.13,2178.39
1333,6,2,2112.82,4225.64
1333,5,2,812.75,1625.5
1334,1,2,53244.85,106489.7
1334,7,1,3016.48,3016.48
1334,4,3,1921.17,5763.51
1334,5,3,973.0,2919.0
1335,13,3,4499.25,13497.75
1335,4,3,1643.61,4930.83
1335,9,1,1927.65,1927.65
1336,12,3,6678.07,20034.21
1337,10,3,4321.76,12965.28
1337,9,3,1622.63,4867.89
1338,5,1,974.44,974.44
1339,15,3,234.45,703.35
1339,9,3,1856.87,5570.61
1340,4,3,1917.41,5752.23
1340,6,2,2281.14,4562.28
1340,12,1,6835.18,6835.18
1340,9,2,1690.09,3380.18
1341,15,1,253.45,253.45
1341,9,3,1740.28,5220.84
1341,12,2,7026.21,14052.42
1342,13,3,3789.52,11368.56
1343,10,2,4130.47,8260.94
1344,8,1,886.77,886.77
1345,8,3,931.97,2795.91
1345,1,1,53031.56,53031.56
1345,7,3,2728.51,8185.53
1345,3,1,2446.98,2446.98
1346,6,1,2249.22,2249.22
1346,13,2,4203.46,8406.92
1346,2,1,25093.52,25093.52
1347,3,3,2725.78,8177.34
1347,14,2,732.61,1465.22
1347,12,3,5869.26,17607.78
1348,9,1,1659.51,1659.51
1348,10,3,4403.2,13209.6
1348,12,1,6521.02,6521.02
1348,3,3,2308.91,6926.73
1349,1,1,54691.29,54691.29
1349,7,3,3027.58,9082.74
1349,8,2,919.43,1838.86
1350,1,2,57391.43,114782.86
1350,13,2,4554.8,9109.6
1350,9,3,1921.47,5764.41
1351,8,2,915.74,1831.48
1351,1,3,60457.14,181371.42
1351,9,3,1927.49,5782.47
1352,11,2,5442.94,10885.88
1353,3,1,2487.04,2487.04
1354,14,3,693.23,2079.69
1355,7,3,3116.36,9349.08
1355,3,1,2744.95,2744.95
1356,5,1,975.45,975.45
1356,12,1,6949.81,6949.81
1356,4,1,1918.21,1918.21
1357,8,2,939.45,1878.9
1357,10,3,4654.81,13964.43
1358,8,1,820.11,820.11
1359,1,1,52984.82,52984.82
1359,14,3,743.62,2230.86
1359,9,3,1715.17,5145.51
1359,15,3,250.79,752.37
1360,12,3,7004.54,21013.62
1360,11,2,4980.25,9960.5
1360,13,3,4186.31,12558.93
1361,8,3,960.53,2881.59
1361,9,2,1643.07,3286.14
1362,1,1,51653.47,51653.47
1362,7,1,2944.42,2944.42
1362,4,3,1925.64,5776.92
1363,2,3,22658.33,67974.99
1363,8,3,872.21,2616.63
1363,14,2,764.57,1529.14
1364,15,1,239.95,239.95
1365,7,3,3200.17,9600.51
1366,7,1,3286.02,3286.02
1366,13,3,3888.88,11666.64
1367,10,1,4743.83,4743.83
1367,2,2,25152.14,50304.28
1367,8,3,879.7,2639.1
1368,13,2,4230.14,8460.28
1368,11,1,5187.71,5187.71
1369,1,2,51235.16,102470.32
1369,7,3,2767.01,8301.03
1369,8,1,976.81,976.81
1370,10,3,4285.24,12855.72
1371,9,2,1888.78,3777.56
1371,12,3,6865.45,20596.35
1372,8,2,839.28,1678.56
1372,13,2,4177.68,8355.36
1373,8,1,978.86,978.86
1373,3,1,2401.83,2401.83
1373,6,3,2186.44,6559.32
1374,4,1,1743.0,1743.0
1375,4,1,1798.34,1798.34
1375,14,3,632.37,1897.11
1376,2,2,25946.56,51893.12
1376,8,1,981.57,981.57
1376,11,3,5217.4,15652.2
1377,3,3,2409.74,7229.22
1377,4,2,1629.51,3259.02
1378,2,3,24238.92,72716.76
1378,15,2,258.01,516.02
1378,13,2,4490.9,8981.8
1379,9,1,1912.09,1912.09
1379,5,1,887.32,887.32
1379,13,3,4471.8,13415.4
1379,7,2,2982.13,5964.26
1380,2,3,23127.08,69381.24
1380,1,3,49796.02,149388.06
1380,5,2,863.67,1727.34
1380,15,2,228.97,457.94
1381,9,2,1731.93,3463.86
1381,12,1,7092.13,7092.13
1381,14,1,654.77,654.77
1382,14,2,638.58,1277.16
1382,8,3,955.4,2866.2
1382,9,1,1888.53,1888.53
1383,12,2,7077.61,14155.22
1383,1,3,58984.15,176952.45
1383,15,1,265.83,265.83
1383,6,3,2258.78,6776.34
1384,2,1,25058.42,25058.42
1384,13,3,4311.19,12933.57
1384,10,1,4581.5,4581.5
1384,9,1,1862.23,1862.23
1385,8,3,880.25,2640.75
1385,5,1,900.23,900.23
1385,9,2,1721.21,3442.42
1385,11,3,4793.37,14380.11
1386,3,3,2357.24,7071.72
1386,4,2,1847.41,3694.82
1386,6,1,2034.41,2034.41
1387,3,3,2563.45,7690.35
1387,1,2,54283.53,108567.06
1387,6,1,2379.2,2379.2
1387,4,3,1763.43,5290.29
1388,15,3,256.26,768.78
1388,3,3,2468.58,7405.74
1388,4,1,1672.32,1672.32
1388,12,2,6357.22,12714.44
1389,12,3,6962.71,20888.13
1390,5,1,952.12,952.12
1390,11,1,4702.05,4702.05
1390,12,1,6427.1,6427.1
1390,14,3,657.2,1971.6
1391,13,2,4359.37,8718.74
1391,10,2,4256.37,8512.74
1392,8,2,876.77,1753.54
1392,13,2,3831.14,7662.28
1393,6,2,2304.4,4608.8
1393,2,3,27389.34,82168.02
1394,14,3,761.8,2285.4
1394,12,3,5869.94,17609.82
1394,11,1,4866.36,4866.36
1395,15,2,261.07,522.14
1396,2,1,25254.31,25254.31
1397,5,1,867.07,867.07
1397,9,1,1833.1,1833.1
1397,15,1,238.6,238.6
1397,4,2,1749.23,3498.46
1398,8,2,867.78,1735.56
1398,12,2,6004.33,12008.66
1398,1,2,56366.53,112733.06
1398,15,2,273.16,546.32
1399,1,2,57073.82,114147.64
1399,8,2,868.58,1737.16
1400,4,2,1635.14,3270.28
1400,12,3,6261.0,18783.0
1400,1,2,59308.65,118617.3
1400,5,1,940.19,940.19
1401,13,3,4219.22,12657.66
1402,13,3,4198.61,12595.83
1402,14,3,632.11,1896.33
1403,9,3,1962.63,5887.89
1403,12,2,6965.09,13930.18
1403,4,3,1951.68,5855.04
1404,8,1,889.93,889.93
1404,12,1,6764.91,6764.91
1404,3,1,2651.59,2651.59
1404,14,3,644.66,1933.98
1405,3,1,2570.04,2570.04
1405,1,3,55695.43,167086.29
1406,1,3,59588.53,178765.59
1406,12,1,6248.28,6248.28
1406,10,2,4309.8,8619.6
1407,12,2,5878.86,11757.72
1407,13,1,3922.11,3922.11
1407,6,2,2097.16,4194.32
1407,3,1,2642.19,2642.19
1408,10,2,4900.83,9801.66
1408,1,2,59263.34,118526.68
1408,5,3,947.69,2843.07
1408,6,3,2229.96,6689.88
1409,5,3,869.64,2608.92
1409,6,1,2088.53,2088.53
1409,15,2,256.59,513.18
1409,14,2,732.67,1465.34
1410,11,3,5064.46,15193.38
1410,13,1,3880.52,3880.52
1410,2,3,27216.17,81648.51
1411,1,2,52200.48,104400.96
1411,15,3,264.02,792.06
1411,13,1,4102.82,4102.82
1411,9,1,1743.8,1743.8
1412,8,1,816.32,816.32
1412,3,3,2547.12,7641.36
1413,11,3,5257.05,15771.15
1413,2,1,23544.07,23544.07
1413,7,3,3056.99,9170.97
1414,4,2,1950.3,3900.6
1414,12,1,6603.15,6603.15
1414,7,3,2734.19,8202.57
1415,12,1,6272.49,6272.49
1415,7,3,3266.63,9799.89
1415,5,1,910.3,910.3
1415,11,3,5499.9,16499.7
1416,9,3,1821.41,5464.23
1416,10,3,4651.83,13955.49
1416,2,2,22885.84,45771.68
1417,7,1,3094.93,3094.93
1418,7,1,2986.96,2986.96
1419,3,1,2507.56,2507.56
1419,6,2,2347.15,4694.3
1420,2,1,24749.32,24749.32
1420,11,3,4747.19,14241.57
1420,14,3,686.32,2058.96
1420,7,2,2714.26,5428.52
1421,9,3,1832.74,5498.22
1422,8,3,851.35,2554.05
1423,10,1,4433.09,4433.09
1423,7,3,2806.24,8418.72
1424,6,2,2300.82,4601.64
1425,1,3,51349.38,154048.14
1425,14,2,698.68,1397.36
1426,8,1,821.58,821.58
1426,11,1,5069.34,5069.34
1426,13,3,4158.75,12476.25
1427,15,3,257.99,773.97
1427,2,1,26466.13,26466.13
1428,12,3,6389.08,19167.24
1428,11,1,5413.57,5413.57
1428,1,2,57743.85,115487.7
1428,13,2,4146.55,8293.1
1429,5,1,895.49,895.49
1429,13,1,4228.23,4228.23
1429,2,2,26042.32,52084.64
1429,3,2,2538.31,5076.62
1430,3,1,2400.51,2400.51
1430,1,3,58504.22,175512.66
1430,9,2,1729.85,3459.7
1431,10,3,4191.13,12573.39
1431,6,2,2006.88,4013.76
1431,9,1,1918.88,1918.88
1431,4,2,1789.97,3579.94
1432,13,1,4363.54,4363.54
1433,4,1,1704.95,1704.95
1433,14,1,650.74,650.74
1434,10,3,4114.93,12344.79
1435,2,1,23294.3,23294.3
1435,10,3,4396.4,13189.2
1435,3,2,2265.49,4530.98
1435,12,3,6820.66,20461.98
1436,10,3,4586.63,13759.89
1436,2,1,23778.51,23778.51
1436,7,2,3256.13,6512.26
1437,8,1,838.54,838.54
1437,9,1,1640.15,1640.15
1437,15,1,242.84,242.84
1437,1,2,55302.33,110604.66
1438,6,1,2397.66,2397.66
1438,10,2,4872.25,9744.5
1438,5,3,887.98,2663.94
1438,13,1,4531.7,4531.7
1439,6,1,2270.01,2270.01
1439,5,3,823.22,2469.66
1439,8,1,887.21,887.21
1439,12,2,5990.27,11980.54
1440,12,3,6440.78,19322.34
1440,1,2,58182.1,116364.2
1440,14,3,729.39,2188.17
1441,3,3,2461.4,7384.2
1441,13,3,4523.2,13569.6
1441,14,1,744.27,744.27
1441,9,3,1741.01,5223.03
1442,15,1,269.94,269.94
1443,3,2,2653.86,5307.72
1444,10,1,4055.49,4055.49
1444,5,3,900.5,2701.5
1445,7,1,2809.87,2809.87
1445,14,3,654.97,1964.91
1446,7,2,3173.87,6347.74
1446,10,1,4115.26,4115.26
1446,11,2,5083.19,10166.38
1447,13,2,4315.48,8630.96
1447,14,2,727.08,1454.16
1448,7,1,2995.88,2995.88
1448,5,2,980.55,1961.1
1448,3,1,2383.18,2383.18
1448,6,3,2054.08,6162.24
1449,11,2,5361.81,10723.62
1449,2,2,23541.6,47083.2
1449,15,3,231.73,695.19
1450,14,1,755.52,755.52
1450,13,1,4487.48,4487.48
1450,5,2,868.86,1737.72
1451,15,2,266.53,533.06
1451,11,3,4811.5,14434.5
1452,6,2,2222.65,4445.3
1452,2,1,23370.72,23370.72
1452,8,3,869.54,2608.62
1452,14,2,706.73,1413.46
1453,12,1,6558.0,6558.0
1453,2,2,25184.62,50369.24
1453,15,1,263.36,263.36
1454,3,3,2575.23,7725.69
1454,1,2,51814.3,103628.6
1454,9,1,1626.61,1626.61
1454,4,1,1969.76,1969.76
1455,9,1,1966.75,1966.75
1455,11,3,4778.07,14334.21
1455,15,2,259.52,519.04
1456,11,3,5166.47,15499.41
1456,7,2,3283.04,6566.08
1456,2,1,24459.83,24459.83
1456,3,1,2367.08,2367.08
1457,15,2,240.64,481.28
1457,13,1,4077.59,4077.59
1458,12,1,6548.01,6548.01
1459,7,1,2890.41,2890.41
1459,4,2,1622.1,3244.2
1459,1,1,50472.37,50472.37
1459,5,1,967.48,967.48
1460,6,1,2260.38,2260.38
1460,8,1,951.28,951.28
1461,10,3,4402.6,13207.8
1461,1,1,49580.71,49580.71
1462,6,2,2111.92,4223.84
1462,2,1,22576.71,22576.71
1462,11,1,5410.02,5410.02
1462,8,1,959.04,959.04
1463,5,1,817.8,817.8
1463,8,3,864.19,2592.57
1463,14,3,631.05,1893.15
1464,11,3,4688.01,14064.03
1464,2,1,26251.2,26251.2
1464,6,2,2237.4,4474.8
1464,15,1,261.03,261.03
1465,7,2,3056.59,6113.18
1466,7,1,2713.02,2713.02
1466,12,1,7083.19,7083.19
1466,6,2,2001.49,4002.98
1467,15,3,237.44,712.32
1468,11,2,4730.01,9460.02
1468,8,2,952.96,1905.92
1469,14,2,664.36,1328.72
1469,6,3,2365.63,7096.89
1469,9,1,1960.11,1960.11
1470,10,1,4796.3,4796.3
1471,13,3,4431.38,13294.14
1471,11,2,5264.12,10528.24
1471,10,3,4586.06,13758.18
1472,6,3,2057.71,6173.13
1473,10,2,4669.51,9339.02
1473,6,1,2124.57,2124.57
1474,13,2,4153.75,8307.5
1474,11,1,5282.18,5282.18
1474,2,2,24584.63,49169.26
1475,1,1,59560.4,59560.4
1475,9,3,1966.62,5899.86
1475,10,1,4880.44,4880.44
1476,14,3,753.37,2260.11
1476,12,2,6492.0,12984.0
1477,14,1,709.91,709.91
1477,4,2,1891.79,3783.58
1477,15,1,255.7,255.7
1478,6,1,2235.48,2235.48
1478,1,2,58342.55,116685.1
1478,13,1,4618.07,4618.07
1478,9,3,1703.5,5110.5
1479,1,2,51404.1,102808.2
1479,5,1,818.93,818.93
1479,4,3,1657.6,4972.8
1479,15,3,237.55,712.65
1480,5,1,908.42,908.42
1480,4,2,1706.07,3412.14
1481,15,2,250.56,501.12
1481,2,1,23317.9,23317.9
1481,3,2,2660.27,5320.54
1482,13,2,4536.56,9073.12
1483,6,1,2052.73,2052.73
1483,13,3,4107.63,12322.89
1484,11,2,5489.94,10979.88
1484,9,2,1949.71,3899.42
1485,13,2,4559.16,9118.32
1485,1,3,56689.05,170067.15
1485,3,2,2709.6,5419.2
1485,12,3,6361.59,19084.77
1486,2,3,25140.17,75420.51
1486,8,3,874.96,2624.88
1487,3,2,2678.27,5356.54
1488,4,3,1846.98,5540.94
1488,9,2,1670.95,3341.9
1488,12,1,6713.38,6713.38
1489,8,3,881.25,2643.75
1490,13,2,3914.41,7828.82
1491,6,3,2286.13,6858.39
1491,5,2,934.28,1868.56
1491,3,3,2559.45,7678.35
1492,7,1,3256.15,3256.15
1492,12,3,6753.8,20261.4
1492,1,3,60240.09,180720.27
1493,7,3,2886.8,8660.4
1493,9,2,1895.21,3790.42
1493,15,3,265.17,795.51
1494,1,1,54318.8,54318.8
1495,2,3,24351.21,73053.63
1495,8,1,890.15,890.15
1495,7,3,3082.42,9247.26
1496,1,2,49789.24,99578.48
1496,4,2,1675.9,3351.8
1496,11,3,4812.09,14436.27
1497,15,3,226.65,679.95
1497,3,2,2319.1,4638.2
1497,2,3,27358.66,82075.98
1498,2,2,26533.92,53067.84
1499,2,2,23901.5,47803.0
1499,6,2,2179.14,4358.28
1499,1,3,54399.0,163197.0
1499,12,3,6534.26,19602.78
1500,15,2,235.9,471.8
1500,3,2,2651.19,5302.38
1500,8,2,946.45,1892.9
1500,2,1,24359.28,24359.28
1501,14,3,743.07,2229.21
1501,6,2,2004.07,4008.14
1501,3,2,2727.91,5455.82
1502,13,2,4341.29,8682.58
1503,15,3,273.33,819.99
1503,13,3,4321.44,12964.32
1503,5,3,910.69,2732.07
1504,4,2,1892.61,3785.22
1504,8,1,913.5,913.5
1504,13,2,4068.69,8137.38
1504,10,3,4863.42,14590.26
1505,4,2,1725.15,3450.3
1505,8,1,988.5,988.5
1505,12,1,6641.01,6641.01
1506,15,2,270.16,540.32
1506,14,2,738.65,1477.3
1506,1,2,58767.7,117535.4
1507,4,1,1701.6,1701.6
1507,2,2,26316.68,52633.36
1507,14,3,768.21,2304.63
1508,11,2,4569.71,9139.42
1509,14,2,689.48,1378.96
1509,9,1,1975.14,1975.14
1510,10,2,4413.43,8826.86
1511,13,2,4176.72,8353.44
1511,7,2,2715.35,5430.7
1511,9,2,1807.25,3614.5
1511,6,2,2038.46,4076.92
1512,5,1,859.44,859.44
1512,7,2,3125.14,6250.28
1512,9,2,1934.1,3868.2
1512,13,3,4513.04,13539.12
1513,15,2,257.85,515.7
1513,11,2,4934.58,9869.16
1513,2,1,25376.31,25376.31
1514,1,3,51408.09,154224.27
1515,13,3,4454.16,13362.48
1516,12,1,5958.12,5958.12
1517,9,2,1706.34,3412.68
1517,13,3,4480.8,13442.4
1518,7,3,2782.56,8347.68
1518,4,2,1629.0,3258.0
1518,10,1,4256.6,4256.6
1519,5,2,866.32,1732.64
1519,9,2,1793.14,3586.28
1520,2,2,27236.02,54472.04
1521,8,2,892.38,1784.76
1522,13,3,3868.91,11606.73
1522,3,1,2393.29,2393.29
1522,6,3,2197.75,6593.25
1522,14,3,655.96,1967.88
1523,6,1,2265.26,2265.26
1523,13,3,3963.69,11891.07
1523,11,3,4662.72,13988.16
1524,3,2,2708.34,5416.68
1524,9,1,1902.81,1902.81
1524,12,2,6839.47,13678.94
1524,10,2,4594.4,9188.8
1525,8,3,918.96,2756.88
1525,6,3,2083.88,6251.64
1525,13,1,4514.01,4514.01
1525,12,3,6347.13,19041.39
1526,1,2,52774.22,105548.44
1526,6,2,2025.38,4050.76
1527,9,2,1624.35,3248.7
1527,7,2,3165.99,6331.98
1527,8,3,828.07,2484.21
1527,2,3,26104.34,78313.02
1528,7,1,2891.02,2891.02
1529,12,3,6558.47,19675.41
1529,4,2,1844.2,3688.4
1529,15,3,266.93,800.79
1529,8,3,954.03,2862.09
1530,5,3,962.58,2887.74
1530,3,2,2526.23,5052.46
1531,9,3,1716.34,5149.02
1531,13,3,3797.99,11393.97
1531,3,3,2539.26,7617.78
1531,6,3,1993.83,5981.49
1532,3,3,2508.87,7526.61
1532,11,1,5449.08,5449.08
1533,1,2,54343.58,108687.16
1533,4,2,1668.13,3336.26
1533,10,2,4825.93,9651.86
1533,11,3,4548.71,13646.13
1534,15,3,264.85,794.55
1535,11,1,4674.74,4674.74
1535,6,1,2278.61,2278.61
1535,13,1,4175.88,4175.88
1535,3,3,2335.1,7005.3
1536,1,1,52215.57,52215.57
1537,5,2,826.29,1652.58
1537,9,1,1974.82,1974.82
1537,10,3,4191.49,12574.47
1537,7,2,3232.53,6465.06
1538,11,1,5232.18,5232.18
1539,4,1,1638.81,1638.81
1539,11,1,5462.94,5462.94
1540,13,2,4291.82,8583.64
1540,4,2,1936.09,3872.18
1540,10,3,4292.99,12878.97
1540,7,1,2839.18,2839.18
1541,7,3,3067.62,9202.86
1541,9,3,1775.5,5326.5
1541,8,1,816.53,816.53
1542,7,2,3226.91,6453.82
1542,8,1,848.64,848.64
1543,3,3,2267.21,6801.63
1543,6,2,2341.19,4682.38
1544,4,2,1794.28,3588.56
1544,1,1,55981.75,55981.75
1544,15,1,245.84,245.84
1545,13,3,3846.03,11538.09
1545,1,3,52390.22,157170.66
1545,15,1,267.57,267.57
1546,6,3,2369.62,7108.86
1546,11,1,4504.11,4504.11
1546,3,2,2464.97,4929.94
1547,10,2,4277.03,8554.06
1547,5,3,907.51,2722.53
1547,9,3,1688.52,5065.56
1547,8,3,909.63,2728.89
1548,1,1,53059.95,53059.95
1548,13,3,3857.15,11571.45
1548,6,1,2108.5,2108.5
1549,14,1,707.7,707.7
1550,1,1,58619.19,58619.19
1551,3,2,2367.76,4735.52
1552,4,1,1751.48,1751.48
1552,6,1,1983.7,1983.7
1552,7,2,3060.15,6120.3
1552,8,3,811.18,2433.54
1553,9,3,1820.62,5461.86
1553,6,2,2189.73,4379.46
1553,3,3,2471.05,7413.15
1554,10,2,4872.19,9744.38
1554,12,1,6351.61,6351.61
1554,2,1,24398.75,24398.75
1555,11,1,5422.68,5422.68
1555,2,1,24187.29,24187.29
1555,5,2,945.57,1891.14
1555,13,2,4037.34,8074.68
1556,14,1,749.35,749.35
1556,8,1,838.29,838.29
1556,12,3,6693.58,20080.74
1557,14,2,715.31,1430.62
1557,9,1,1916.04,1916.04
1557,6,1,2147.76,2147.76
1558,8,1,846.52,846.52
1558,15,1,235.84,235.84
1559,4,1,1784.64,1784.64
1559,2,3,26921.19,80763.57
1559,12,1,6389.42,6389.42
1560,12,2,5901.68,11803.36
1561,2,2,26385.18,52770.36
1561,5,3,827.93,2483.79
1561,9,1,1667.87,1667.87
1562,4,2,1819.48,3638.96
1562,10,3,4799.15,14397.45
1563,4,2,1799.41,3598.82
1563,9,3,1944.11,5832.33
1563,12,2,6584.08,13168.16
1563,7,1,3159.92,3159.92
1564,12,2,6165.2,12330.4
1565,4,1,1971.22,1971.22
1565,15,1,245.62,245.62
1565,3,1,2684.45,2684.45
1565,6,2,2294.46,4588.92
1566,1,1,54127.51,54127.51
1567,15,2,242.56,485.12
1568,15,3,228.23,684.69
1568,12,3,6443.0,19329.0
1569,9,2,1762.87,3525.74
1569,6,2,2068.67,4137.34
1569,14,3,640.25,1920.75
1569,1,2,54350.21,108700.42
1570,1,3,55281.76,165845.28
1570,12,1,6937.8,6937.8
1571,9,2,1800.14,3600.28
1571,10,1,4479.14,4479.14
1571,6,1,1986.11,1986.11
1571,13,1,4268.67,4268.67
1572,13,1,4569.84,4569.84
1573,1,2,55025.28,110050.56
1574,4,2,1820.83,3641.66
1574,9,2,1823.87,3647.74
1574,15,2,252.89,505.78
1575,1,1,53867.01,53867.01
1575,14,2,726.83,1453.66
1576,14,3,727.23,2181.69
1576,15,3,257.83,773.49
1576,7,1,2819.02,2819.02
1576,2,1,25442.22,25442.22
1577,8,2,822.81,1645.62
1578,10,1,4211.45,4211.45
1579,15,1,250.65,250.65
1580,2,2,23366.34,46732.68
1580,13,3,3839.43,11518.29
1581,1,1,50357.54,50357.54
1581,14,1,762.83,762.83
1581,11,1,4678.56,4678.56
1582,12,1,6471.74,6471.74
1583,15,1,266.92,266.92
1583,2,1,23178.95,23178.95
1583,6,2,2296.28,4592.56
1583,10,3,4571.44,13714.32
1584,4,1,1671.12,1671.12
1584,5,1,985.33,985.33
1585,8,2,870.77,1741.54
1585,10,1,4292.85,4292.85
1586,8,3,860.07,2580.21
1586,5,3,960.74,2882.22
1586,2,1,25804.18,25804.18
1586,12,3,6821.02,20463.06
1587,3,1,2279.74,2279.74
1587,4,1,1792.39,1792.39
1587,5,3,812.64,2437.92
1587,6,3,2123.32,6369.96
1588,3,3,2501.88,7505.64
1589,13,2,4181.15,8362.3
1590,2,1,27298.57,27298.57
1590,12,1,6851.84,6851.84
1590,8,3,898.48,2695.44
1590,3,1,2662.33,2662.33
1591,14,3,739.25,2217.75
1591,6,3,2244.75,6734.25
1592,9,3,1957.04,5871.12
1592,4,2,1858.85,3717.7
1592,15,1,274.34,274.34
1592,13,1,4266.16,4266.16
1593,2,1,22697.68,22697.68
1593,13,1,4375.39,4375.39
1593,6,2,2185.99,4371.98
1594,4,2,1686.11,3372.22
1595,11,1,4856.77,4856.77
1596,12,3,6079.23,18237.69
1597,6,2,2147.56,4295.12
1597,2,1,24395.14,24395.14
1597,12,1,6704.16,6704.16
1597,1,2,50660.4,101320.8
1598,10,2,4884.53,9769.06
1598,3,1,2574.46,2574.46
1598,5,3,844.93,2534.79
1598,6,3,2207.14,6621.42
1599,10,2,4344.41,8688.82
1600,2,3,22871.22,68613.66
1601,11,2,5287.31,10574.62
1602,2,1,24334.5,24334.5
1602,7,2,2984.1,5968.2
1603,8,1,859.69,859.69
1603,1,1,49946.51,49946.51
1603,7,1,2930.04,2930.04
1603,14,2,647.79,1295.58
1604,11,2,4511.1,9022.2
1605,10,1,4556.56,4556.56
1605,8,2,882.33,1764.66
1605,12,2,6032.51,12065.02
1606,14,1,705.95,705.95
1606,6,3,2126.76,6380.28
1606,12,1,6228.65,6228.65
1606,10,2,4138.38,8276.76
1607,12,2,6874.26,13748.52
1608,1,2,49943.1,99886.2
1609,11,1,5452.05,5452.05
1610,7,1,3018.71,3018.71
1611,10,3,4163.21,12489.63
1612,3,1,2693.28,2693.28
1612,2,3,26115.0,78345.0
1612,11,3,5460.4,16381.2
1612,6,1,2196.4,2196.4
1613,13,1,4266.89,4266.89
1613,3,3,2255.75,6767.25
1614,6,3,2108.04,6324.12
1614,12,3,6207.53,18622.59
1614,3,3,2723.53,8170.59
1615,1,1,53805.16,53805.16
1615,9,1,1747.54,1747.54
1616,15,1,271.52,271.52
1616,6,3,2391.25,7173.75
1617,14,2,697.61,1395.22
1617,1,3,59729.31,179187.93
1617,10,1,4429.53,4429.53
1618,9,1,1958.9,1958.9
1618,10,1,4451.81,4451.81
1618,3,2,2656.55,5313.1
1619,12,3,6451.87,19355.61
1619,2,1,25596.87,25596.87
1620,15,1,239.77,239.77
1621,14,1,758.27,758.27
1621,9,1,1939.09,1939.09
1621,13,2,4468.85,8937.7
1622,3,3,2280.9,6842.7
1623,14,2,695.94,1391.88
1623,9,3,1676.52,5029.56
1624,11,2,5353.56,10707.12
1624,6,2,2178.8,4357.6
1624,4,3,1955.06,5865.18
1625,12,2,6091.29,12182.58
1625,15,2,261.49,522.98
1625,6,1,2019.91,2019.91
1625,8,3,877.66,2632.98
1626,11,2,5220.19,10440.38
1626,4,3,1877.49,5632.47
1626,15,2,271.58,543.16
1626,13,3,4089.29,12267.87
1627,3,2,2484.49,4968.98
1627,4,3,1842.23,5526.69
1628,5,1,855.04,855.04
1629,7,1,2947.18,2947.18
1629,2,2,26597.47,53194.94
1630,12,1,5889.18,5889.18
1630,4,1,1852.68,1852.68
1631,11,1,4790.67,4790.67
1631,1,1,58703.47,58703.47
1631,9,3,1917.96,5753.88
1632,11,1,5147.14,5147.14
1632,6,2,2226.52,4453.04
1632,5,2,977.47,1954.94
1633,2,3,22545.74,67637.22
1633,9,2,1661.35,3322.7
1634,4,2,1667.43,3334.86
1635,7,3,3152.78,9458.34
1635,2,3,23266.27,69798.81
1635,10,2,4691.72,9383.44
1635,1,1,49871.45,49871.45
1636,2,2,26273.06,52546.12
1636,13,2,4110.05,8220.1
1636,9,3,1646.14,4938.42
1637,10,1,4143.38,4143.38
1637,6,1,2409.64,2409.64
1637,15,3,260.68,782.04
1638,13,3,3944.03,11832.09
1638,14,2,698.42,1396.84
1638,1,1,59022.41,59022.41
1639,5,2,880.12,1760.24
1640,13,3,4100.9,12302.7
1640,10,1,4575.35,4575.35
1640,9,3,1830.06,5490.18
1640,3,2,2661.1,5322.2
1641,11,3,4985.22,14955.66
1641,10,1,4223.7,4223.7
1642,13,2,3864.73,7729.46
1642,10,3,4741.03,14223.09
1643,2,3,24394.57,73183.71
1643,13,2,3995.36,7990.72
1643,1,3,55998.59,167995.77
1644,13,2,4327.92,8655.84
1645,12,1,6726.08,6726.08
1645,8,2,962.29,1924.58
1646,4,2,1841.15,3682.3
1647,1,3,57960.43,173881.29
1647,11,2,5370.2,10740.4
1647,12,3,6186.03,18558.09
1648,7,3,3097.66,9292.98
1648,8,3,878.6,2635.8
1649,5,2,823.53,1647.06
1649,4,3,1798.06,5394.18
1650,1,3,58126.75,174380.25
1650,5,3,977.33,2931.99
1651,9,1,1725.39,1725.39
1651,10,2,4428.14,8856.28
1651,14,1,739.17,739.17
1652,14,2,704.4,1408.8
1653,9,3,1708.29,5124.87
1654,11,1,4765.21,4765.21
1654,10,1,4570.57,4570.57
1654,7,2,3047.95,6095.9
1655,1,2,51548.21,103096.42
1655,9,3,1939.86,5819.58
1655,2,3,24622.51,73867.53
1655,5,3,957.29,2871.87
1656,4,3,1926.78,5780.34
1657,4,2,1729.46,3458.92
1658,7,1,2733.44,2733.44
1658,1,2,52545.9,105091.8
1658,6,2,2144.34,4288.68
1659,10,3,4304.51,12913.53
1659,15,1,263.2,263.2
1659,4,2,1888.38,3776.76
1660,11,2,5171.22,10342.44
1660,1,3,51535.19,154605.57
1660,8,2,834.02,1668.04
1661,9,2,1972.24,3944.48
1661,3,2,2698.82,5397.64
1661,5,1,914.77,914.77
1662,8,1,900.46,900.46
1662,4,1,1683.46,1683.46
1662,3,2,2478.63,4957.26
1662,12,2,6452.23,12904.46
1663,5,3,929.81,2789.43
1664,7,2,2960.4,5920.8
1664,8,1,845.36,845.36
1664,13,2,4541.25,9082.5
1664,12,1,5897.54,5897.54
1665,11,1,5332.61,5332.61
1665,14,1,697.65,697.65
1665,8,2,947.35,1894.7
1665,1,1,50384.72,50384.72
1666,8,1,970.2,970.2
1667,3,3,2654.7,7964.1
1667,11,3,5152.71,15458.13
1667,7,3,2993.89,8981.67
1668,13,1,4011.73,4011.73
1668,6,3,2033.5,6100.5
1668,3,2,2689.12,5378.24
1669,14,3,715.69,2147.07
1670,2,2,24651.89,49303.78
1671,9,1,1835.64,1835.64
1671,2,3,23344.71,70034.13
1672,11,2,5374.68,10749.36
1672,5,3,921.32,2763.96
1672,3,3,2423.37,7270.11
1673,11,2,5446.41,10892.82
1673,7,2,3213.78,6427.56
1673,12,2,6952.08,13904.16
1674,3,1,2514.83,2514.83
1674,14,2,750.19,1500.38
1675,5,2,870.95,1741.9
1675,11,3,4700.7,14102.1
1675,3,2,2349.96,4699.92
1676,5,3,878.75,2636.25
1677,7,3,3084.02,9252.06
1678,10,3,4330.25,12990.75
1679,8,2,896.93,1793.86
1679,15,1,238.58,238.58
1679,9,2,1865.55,3731.1
1679,12,2,6802.99,13605.98
1680,14,2,655.26,1310.52
1680,9,1,1958.2,1958.2
1680,10,3,4774.44,14323.32
1681,5,3,810.9,2432.7
1681,4,1,1823.51,1823.51
1681,8,2,978.11,1956.22
1682,15,2,228.91,457.82
1682,7,2,2706.72,5413.44
1683,6,3,2066.81,6200.43
1683,5,2,981.99,1963.98
1683,7,3,3154.78,9464.34
1684,6,3,2380.5,7141.5
1685,11,1,4887.61,4887.61
1685,5,1,891.03,891.03
1686,14,2,754.71,1509.42
1686,11,3,4965.91,14897.73
1687,4,3,1754.13,5262.39
1688,14,2,735.71,1471.42
1688,9,1,1896.42,1896.42
1688,12,3,6065.71,18197.13
1689,14,1,712.25,712.25
1689,1,3,49937.57,149812.71
1689,11,2,5090.15,10180.3
1690,11,1,5025.95,5025.95
1690,4,1,1782.86,1782.86
1691,2,2,23518.27,47036.54
1691,11,2,5113.41,10226.82
1691,6,2,2180.52,4361.04
1691,8,1,976.03,976.03
1692,7,2,3163.78,6327.56
1692,3,2,2640.19,5280.38
1692,2,3,25076.96,75230.88
1693,6,3,2034.54,6103.62
1693,12,3,6454.94,19364.82
1693,8,2,957.4,1914.8
1693,1,2,57454.36,114908.72
1694,4,3,1698.37,5095.11
1695,10,1,4109.3,4109.3
1695,5,3,922.84,2768.52
1695,1,2,55552.14,111104.28
1696,10,1,4918.7,4918.7
1697,15,3,262.23,786.69
1698,13,1,4330.26,4330.26
1698,1,1,57133.19,57133.19
1698,8,2,916.05,1832.1
1698,2,3,27176.44,81529.32
1699,6,3,2404.01,7212.03
1699,4,3,1700.78,5102.34
1700,3,2,2748.45,5496.9
1700,9,1,1702.05,1702.05
1700,4,2,1851.84,3703.68
1701,6,3,2002.36,6007.08
1701,7,2,2751.89,5503.78
1702,1,2,53994.93,107989.86
1702,12,3,6022.88,18068.64
1703,8,2,970.27,1940.54
1703,12,3,5925.02,17775.06
1703,6,3,2382.59,7147.77
1703,3,1,2394.74,2394.74
1704,3,1,2435.6,2435.6
1704,13,2,4123.36,8246.72
1705,1,3,58090.31,174270.93
1705,7,1,3281.76,3281.76
1706,9,2,1673.76,3347.52
1707,2,1,25061.87,25061.87
1708,10,3,4433.51,13300.53
1709,9,2,1951.35,3902.7
1709,1,1,55220.32,55220.32
1710,12,1,6359.98,6359.98
1710,11,3,5224.07,15672.21
1710,6,3,1999.22,5997.66
1710,10,3,4218.57,12655.71
1711,1,1,59225.34,59225.34
1711,7,2,2879.7,5759.4
1711,9,2,1731.99,3463.98
1711,6,2,2232.99,4465.98
1712,3,2,2456.1,4912.2
1712,12,2,6391.11,12782.22
1713,2,3,24884.4,74653.2
1713,4,2,1819.8,3639.6
1713,6,1,2019.01,2019.01
1714,2,2,24758.85,49517.7
1714,13,3,4610.95,13832.85
1715,2,1,24073.23,24073.23
1716,7,3,2931.64,8794.92
1716,15,3,240.42,721.26
1716,5,3,983.76,2951.28
1717,10,3,4701.84,14105.52
1718,14,2,692.29,1384.58
1718,3,3,2721.33,8163.99
1719,1,3,49599.83,148799.49
1719,14,2,707.49,1414.98
1719,11,2,5025.68,10051.36
1719,4,3,1835.61,5506.83
1720,8,1,878.11,878.11
1720,15,1,243.41,243.41
1720,14,1,675.92,675.92
1721,13,3,4056.71,12170.13
1721,3,3,2561.38,7684.14
1721,2,3,23342.02,70026.06
1722,13,3,4594.85,13784.55
1722,12,3,6919.11,20757.33
1722,6,1,2277.85,2277.85
1723,3,3,2266.26,6798.78
1724,5,2,942.04,1884.08
1725,4,1,1854.35,1854.35
1726,4,2,1784.86,3569.72
1727,8,1,987.28,987.28
1727,13,3,4147.23,12441.69
1727,5,1,956.63,956.63
1728,7,1,3178.56,3178.56
1728,11,3,5455.52,16366.56
1728,15,1,226.48,226.48
1728,8,3,874.82,2624.46
1729,2,3,24115.97,72347.91
1729,7,1,2968.92,2968.92
1729,3,3,2654.2,7962.6
1729,11,1,4857.68,4857.68
1730,5,3,918.96,2756.88
1731,10,2,4238.53,8477.06
1731,8,2,878.77,1757.54
1731,2,1,23175.93,23175.93
1732,6,3,2028.27,6084.81
1732,5,1,960.04,960.04
1733,7,3,2988.88,8966.64
1733,4,3,1818.87,5456.61
1734,5,3,915.0,2745.0
1734,11,3,4709.19,14127.57
1734,9,2,1834.17,3668.34
1735,4,3,1767.73,5303.19
1736,15,3,265.49,796.47
1736,12,3,6409.27,19227.81
1736,3,3,2438.1,7314.3
1737,12,3,6127.18,18381.54
1737,3,3,2256.48,6769.44
1737,11,2,4542.83,9085.66
1737,15,2,236.25,472.5
1738,13,3,4545.88,13637.64
1738,8,2,959.72,1919.44
1739,11,1,4901.74,4901.74
1739,12,3,5874.28,17622.84
1739,5,1,962.51,962.51
1739,3,3,2573.24,7719.72
1740,1,2,52759.72,105519.44
1740,11,2,5417.5,10835.0
1740,3,2,2570.44,5140.88
1741,15,2,261.8,523.6
1741,11,2,5103.64,10207.28
1741,5,2,980.49,1960.98
1742,7,2,2850.91,5701.82
1742,6,2,2137.39,4274.78
1743,10,3,4835.98,14507.94
1743,15,1,242.08,242.08
1743,12,2,5863.46,11726.92
1743,7,2,3288.15,6576.3
1744,7,1,2761.27,2761.27
1744,5,2,951.0,1902.0
1745,13,3,4104.18,12312.54
1745,7,3,2702.91,8108.73
1745,12,3,6874.07,20622.21
1746,2,3,24281.63,72844.89
1746,8,1,914.27,914.27
1746,15,1,241.61,241.61
1747,10,3,4450.81,13352.43
1748,15,1,269.81,269.81
1748,1,3,57127.42,171382.26
1749,6,2,2235.17,4470.34
1750,15,1,226.42,226.42
1751,12,3,6588.14,19764.42
1751,13,2,4104.42,8208.84
1751,7,2,2790.46,5580.92
1751,5,3,868.0,2604.0
1752,3,3,2356.99,7070.97
1752,7,3,2991.97,8975.91
1753,1,3,57368.45,172105.35
1754,4,1,1629.52,1629.52
1754,2,3,27223.76,81671.28
1754,7,2,3191.31,6382.62
1754,9,3,1725.24,5175.72
1755,8,1,966.57,966.57
1755,15,1,271.14,271.14
1755,13,3,3951.33,11853.99
1755,1,2,49541.64,99083.28
1756,2,3,23567.74,70703.22
1756,1,2,50193.32,100386.64
1757,14,1,684.95,684.95
1757,5,3,960.3,2880.9
1757,9,3,1901.48,5704.44
1758,14,1,646.84,646.84
1759,3,1,2451.06,2451.06
1759,15,2,266.55,533.1
1760,8,1,815.07,815.07
1760,3,1,2678.92,2678.92
1761,2,2,23310.65,46621.3
1761,7,2,3166.73,6333.46
1762,15,1,274.81,274.81
1762,10,3,4608.14,13824.42
1763,10,1,4349.17,4349.17
1763,7,1,3029.67,3029.67
1763,5,2,943.36,1886.72
1763,12,3,6461.05,19383.15
1764,11,3,5355.24,16065.72
1764,4,3,1933.63,5800.89
1765,6,3,2048.91,6146.73
1766,10,3,4881.61,14644.83
1766,11,2,5175.1,10350.2
1766,15,1,250.66,250.66
1766,4,1,1945.91,1945.91
1767,2,2,23894.01,47788.02
1767,9,3,1811.77,5435.31
1767,10,1,4857.37,4857.37
1768,13,2,4475.96,8951.92
1768,11,1,5435.03,5435.03
1768,5,3,888.71,2666.13
1768,6,3,2085.77,6257.31
1769,14,3,633.21,1899.63
1769,1,1,60329.81,60329.81
1769,7,1,3195.15,3195.15
1770,11,2,5315.88,10631.76
1770,4,2,1725.9,3451.8
1771,7,2,2960.97,5921.94
1772,7,2,3072.94,6145.88
1772,10,3,4073.7,12221.1
1772,5,3,941.85,2825.55
1773,15,3,238.93,716.79
1773,13,1,3916.79,3916.79
1773,7,3,2873.04,8619.12
1773,6,3,2097.0,6291.0
1774,3,1,2674.63,2674.63
1774,10,1,4801.93,4801.93
1774,8,1,916.59,916.59
1774,12,2,5986.45,11972.9
1775,8,3,811.79,2435.37
1775,2,1,25761.84,25761.84
1775,6,1,1995.41,1995.41
1775,14,3,663.56,1990.68
1776,5,1,918.12,918.12
1776,2,1,23454.29,23454.29
1776,11,1,5001.94,5001.94
1776,1,1,54687.24,54687.24
1777,9,1,1650.15,1650.15
1777,2,2,25049.91,50099.82
1777,15,2,230.79,461.58
1777,3,3,2668.69,8006.07
1778,5,2,951.13,1902.26
1778,10,3,4506.23,13518.69
1778,14,3,666.84,2000.52
1779,13,2,4527.84,9055.68
1779,2,3,23765.51,71296.53
1780,1,3,52562.84,157688.52
1780,6,3,2212.26,6636.78
1781,8,2,850.26,1700.52
1781,4,3,1671.42,5014.26
1781,6,2,2346.01,4692.02
1781,3,1,2564.95,2564.95
1782,2,2,25002.79,50005.58
1783,4,2,1939.68,3879.36
1783,8,1,878.83,878.83
1783,1,3,58119.39,174358.17
1784,14,2,747.14,1494.28
1784,15,2,272.11,544.22
1784,8,1,871.87,871.87
1784,10,3,4859.27,14577.81
1785,7,1,3167.14,3167.14
1785,13,3,4563.47,13690.41
1785,12,2,5887.35,11774.7
1786,7,1,2813.25,2813.25
1787,7,3,3081.82,9245.46
1787,9,3,1785.46,5356.38
1788,13,3,4607.1,13821.3
1788,4,3,1798.77,5396.31
1788,15,2,258.71,517.42
1789,9,1,1637.36,1637.36
1789,4,2,1661.91,3323.82
1790,12,3,6155.81,18467.43
1790,14,1,755.41,755.41
1790,3,1,2716.74,2716.74
1790,13,1,4609.91,4609.91
1791,2,1,23046.11,23046.11
1791,14,3,747.34,2242.02
1791,3,3,2681.7,8045.1
1792,6,2,2223.95,4447.9
1793,5,1,977.21,977.21
1793,11,1,5210.72,5210.72
1793,12,2,6839.16,13678.32
1794,5,3,828.64,2485.92
1794,11,2,5193.77,10387.54
1794,4,2,1874.08,3748.16
1795,11,3,5372.73,16118.19
1795,9,1,1925.98,1925.98
1796,1,2,55542.2,111084.4
1797,2,3,26304.2,78912.6
1798,4,2,1781.49,3562.98
1798,12,3,6509.41,19528.23
1799,13,1,4392.47,4392.47
1800,11,3,5092.74,15278.22
1800,4,1,1729.11,1729.11
1801,4,2,1852.63,3705.26
1802,6,3,2248.35,6745.05
1802,10,2,4471.36,8942.72
1803,5,2,928.9,1857.8
1804,6,2,2209.72,4419.44
1805,9,1,1908.31,1908.31
1805,7,1,2737.28,2737.28
1806,10,1,4458.29,4458.29
1806,11,3,4555.09,13665.27
1807,4,2,1743.18,3486.36
1808,13,1,4040.1,4040.1
1808,9,3,1847.6,5542.8
1809,12,1,6377.08,6377.08
1810,7,3,2819.48,8458.44
1810,3,2,2578.79,5157.58
1810,13,1,4485.05,4485.05
1810,5,3,815.14,2445.42
1811,1,3,53219.59,159658.77
1812,3,1,2360.11,2360.11
1813,3,3,2748.32,8244.96
1813,2,2,27228.18,54456.36
1814,15,3,234.17,702.51
1814,9,3,1854.14,5562.42
1814,8,1,837.58,837.58
1814,10,2,4767.27,9534.54
1815,15,1,257.51,257.51
1815,12,1,6076.65,6076.65
1816,4,2,1672.03,3344.06
1816,3,3,2313.97,6941.91
1817,11,2,5374.38,10748.76
1818,13,1,4276.03,4276.03
1818,2,1,23173.45,23173.45
1818,4,1,1939.04,1939.04
1818,6,1,2409.4,2409.4
1819,9,2,1913.74,3827.48
1819,11,1,5302.27,5302.27
1820,12,1,6937.04,6937.04
1820,11,1,4923.68,4923.68
1821,4,1,1796.91,1796.91
1821,15,1,273.7,273.7
1821,6,1,2032.02,2032.02
1821,10,2,4072.92,8145.84
1822,9,1,1820.88,1820.88
1822,10,1,4342.71,4342.71
1822,15,2,236.83,473.66
1822,7,2,2704.45,5408.9
1823,1,1,57546.3,57546.3
1824,5,2,973.61,1947.22
1824,1,1,53051.8,53051.8
1824,6,1,2220.81,2220.81
1825,14,3,726.72,2180.16
1825,1,3,56371.26,169113.78
1825,2,2,24749.4,49498.8
1826,13,1,3850.79,3850.79
1826,1,3,54694.56,164083.68
1826,8,3,922.81,2768.43
1827,1,3,59275.81,177827.43
1828,14,2,707.15,1414.3
1828,13,1,4149.47,4149.47
1828,5,1,866.11,866.11
1828,4,2,1754.92,3509.84
1829,4,3,1901.87,5705.61
1829,15,2,240.49,480.98
1829,8,1,933.02,933.02
1830,10,2,4734.93,9469.86
1830,2,3,26047.75,78143.25
1830,15,1,269.7,269.7
1830,13,1,4287.87,4287.87
1831,7,3,2732.71,8198.13
1831,1,1,53219.75,53219.75
1832,8,2,913.0,1826.0
1832,5,2,835.92,1671.84
1833,3,2,2655.83,5311.66
1833,1,3,58717.47,176152.41
1833,13,1,3841.32,3841.32
1833,9,3,1795.91,5387.73
1834,14,3,757.28,2271.84
1835,4,3,1909.6,5728.8
1835,8,3,837.27,2511.81
1835,3,1,2648.07,2648.07
1835,2,2,24836.02,49672.04
1836,2,2,25283.12,50566.24
1836,7,2,2947.42,5894.84
1837,2,1,25985.98,25985.98
1837,10,1,4149.86,4149.86
1837,9,3,1965.56,5896.68
1837,12,3,6846.93,20540.79
1838,7,2,2933.11,5866.22
1838,1,3,57461.11,172383.33
1838,6,1,2247.37,2247.37
1839,15,2,234.84,469.68
1839,1,1,51908.59,51908.59
1839,2,1,27127.81,27127.81
1839,7,2,3069.82,6139.64
1840,5,2,988.14,1976.28
1840,4,2,1754.89,3509.78
1841,11,1,5123.76,5123.76
1841,12,1,6875.31,6875.31
1841,13,3,4243.28,12729.84
1842,13,3,3889.0,11667.0
1842,8,3,885.5,2656.5
1842,4,3,1754.69,5264.07
1842,6,2,2225.38,4450.76
1843,5,2,830.9,1661.8
1843,9,1,1795.54,1795.54
1843,10,2,4409.79,8819.58
1844,1,2,51105.81,102211.62
1845,15,2,259.23,518.46
1845,3,3,2432.55,7297.65
1846,15,3,261.82,785.46
1846,14,3,634.21,1902.63
1847,12,3,6204.93,18614.79
1847,10,3,4694.87,14084.61
1847,15,3,267.85,803.55
1848,12,2,6781.34,13562.68
1849,1,3,50294.96,150884.88
1849,15,2,229.3,458.6
1849,6,1,2287.61,2287.61
1850,11,1,4611.38,4611.38
1850,6,1,2354.35,2354.35
1850,15,2,227.52,455.04
1851,10,2,4430.85,8861.7
1851,6,3,1980.75,5942.25
1851,7,2,3171.15,6342.3
1852,6,3,2194.7,6584.1
1852,3,2,2708.44,5416.88
1852,1,2,50663.95,101327.9
1852,4,3,1894.3,5682.9
1853,8,1,881.88,881.88
1854,13,3,4291.09,12873.27
1854,5,1,894.7,894.7
1855,13,2,4467.61,8935.22
1855,10,3,4248.55,12745.65
1855,7,2,3255.43,6510.86
1856,13,2,3826.01,7652.02
1856,4,3,1805.67,5417.01
1856,1,3,57943.84,173831.52
1856,15,1,254.7,254.7
1857,13,2,4427.77,8855.54
1858,12,3,6833.81,20501.43
1858,8,3,938.68,2816.04
1858,7,1,3232.28,3232.28
1859,2,1,27095.74,27095.74
1859,11,1,5179.17,5179.17
1859,5,1,882.34,882.34
1859,9,3,1938.54,5815.62
1860,2,3,23211.77,69635.31
1860,14,1,741.19,741.19
1860,5,3,950.0,2850.0
1860,6,1,1987.58,1987.58
1861,9,2,1686.53,3373.06
1861,15,3,258.4,775.2
1861,11,1,4697.22,4697.22
1861,4,2,1909.7,3819.4
1862,11,2,4750.6,9501.2
1863,1,2,52995.96,105991.92
1863,10,2,4277.41,8554.82
1863,5,3,926.78,2780.34
1863,2,1,26961.8,26961.8
1864,8,1,974.35,974.35
1864,9,3,1905.5,5716.5
1865,8,3,902.85,2708.55
1865,15,3,240.95,722.85
1865,1,2,59209.86,118419.72
1865,12,1,6514.98,6514.98
1866,10,1,4263.68,4263.68
1866,4,2,1769.5,3539.0
1867,14,3,699.75,2099.25
1867,9,2,1902.68,3805.36
1868,8,2,923.8,1847.6
1868,12,1,6627.97,6627.97
1868,13,3,4445.16,13335.48
1868,7,2,2983.47,5966.94
1869,8,3,837.46,2512.38
1869,3,2,2373.04,4746.08
1870,8,3,896.51,2689.53
1871,6,3,2036.01,6108.03
1871,8,2,842.58,1685.16
1871,1,2,54796.47,109592.94
1871,4,2,1774.8,3549.6
1872,2,1,23705.57,23705.57
1872,8,2,864.91,1729.82
1872,14,1,763.16,763.16
1872,5,2,920.87,1841.74
1873,10,1,4167.0,4167.0
1874,9,2,1813.96,3627.92
1875,6,2,2046.03,4092.06
1876,14,3,651.16,1953.48
1877,8,3,870.67,2612.01
1877,15,1,274.78,274.78
1877,14,2,701.22,1402.44
1878,3,3,2694.43,8083.29
1879,2,1,23881.35,23881.35
1880,7,1,3019.97,3019.97
1880,5,2,891.89,1783.78
1881,10,3,4164.63,12493.89
1881,9,1,1663.96,1663.96
1881,8,1,856.64,856.64
1881,3,3,2607.76,7823.28
1882,15,1,267.71,267.71
1883,7,3,3121.05,9363.15
1883,12,1,6376.98,6376.98
1883,3,1,2585.87,2585.87
1883,5,1,963.98,963.98
1884,2,1,26517.17,26517.17
1884,14,2,748.22,1496.44
1884,11,3,4926.22,14778.66
1885,6,3,2239.69,6719.07
1886,1,1,52739.88,52739.88
1886,9,2,1975.72,3951.44
1887,2,2,26110.23,52220.46
1887,3,1,2312.98,2312.98
1887,13,3,3958.0,11874.0
1887,5,1,828.15,828.15
1888,8,1,817.65,817.65
1888,9,2,1817.34,3634.68
1888,3,2,2354.06,4708.12
1889,3,3,2372.83,7118.49
1889,4,2,1886.08,3772.16
1889,13,1,4383.38,4383.38
1890,1,2,60120.23,120240.46
1890,6,1,2327.39,2327.39
1891,15,3,238.89,716.67
1891,2,1,24430.63,24430.63
1891,11,3,4842.64,14527.92
1891,6,1,2199.99,2199.99
1892,15,2,233.83,467.66
1893,1,3,49883.05,149649.15
1893,4,2,1688.3,3376.6
1893,9,1,1938.24,1938.24
1894,4,2,1874.55,3749.1
1894,13,2,4143.72,8287.44
1894,2,2,22548.89,45097.78
1895,2,3,25284.81,75854.43
1895,14,2,632.37,1264.74
1895,5,3,844.18,2532.54
1896,3,3,2679.51,8038.53
1896,11,3,5205.41,15616.23
1896,8,3,946.41,2839.23
1896,9,2,1919.79,3839.58
1897,8,2,837.79,1675.58
1897,10,1,4243.49,4243.49
1897,13,2,4047.29,8094.58
1897,5,2,860.3,1720.6
1898,8,2,984.85,1969.7
1898,7,3,2990.51,8971.53
1898,2,1,24168.68,24168.68
1899,10,3,4445.8,13337.4
1899,11,1,4909.72,4909.72
1900,11,1,4907.23,4907.23
1900,15,2,262.5,525.0
1901,12,2,6007.78,12015.56
1901,9,2,1720.37,3440.74
1901,2,2,25052.75,50105.5
1902,13,1,3826.42,3826.42
1902,11,2,4773.32,9546.64
1902,4,2,1706.58,3413.16
1902,9,2,1859.99,3719.98
1903,3,1,2487.89,2487.89
1903,2,2,23119.9,46239.8
1904,9,2,1847.95,3695.9
1904,6,3,2035.56,6106.68
1904,13,1,4253.46,4253.46
1905,14,3,631.55,1894.65
1905,15,1,243.63,243.63
1905,9,1,1953.53,1953.53
1905,8,1,869.06,869.06
1906,6,2,2077.81,4155.62
1906,4,1,1677.26,1677.26
1906,3,2,2589.73,5179.46
1906,2,1,22802.99,22802.99
1907,9,1,1869.87,1869.87
1907,10,1,4726.61,4726.61
1908,14,2,765.15,1530.3
1908,1,3,54530.68,163592.04
1908,5,1,846.86,846.86
1909,10,3,4457.23,13371.69
1909,5,2,975.82,1951.64
1910,6,2,2354.97,4709.94
1910,7,1,2779.41,2779.41
1910,3,1,2387.23,2387.23
1911,10,1,4628.25,4628.25
1911,6,1,2209.61,2209.61
1911,7,2,2928.22,5856.44
1911,14,1,690.47,690.47
1912,4,1,1879.11,1879.11
1912,5,2,905.02,1810.04
1913,8,2,905.6,1811.2
1913,12,3,6097.23,18291.69
1913,13,3,4056.53,12169.59
1914,12,3,6067.84,18203.52
1914,4,1,1838.48,1838.48
1914,2,2,23334.35,46668.7
1915,4,2,1821.03,3642.06
1915,12,1,6511.89,6511.89
1916,15,3,241.94,725.82
1916,11,2,4629.19,9258.38
1916,1,3,55038.42,165115.26
1917,7,3,3079.09,9237.27
1918,15,3,246.27,738.81
1918,1,1,52038.14,52038.14
1919,6,2,2299.71,4599.42
1919,3,1,2262.5,2262.5
1919,1,1,51273.3,51273.3
1920,2,2,25915.4,51830.8
1920,4,1,1895.23,1895.23
1920,10,2,4732.11,9464.22
1921,1,2,51407.45,102814.9
1922,5,3,836.3,2508.9
1922,7,3,3029.15,9087.45
1922,6,3,2101.99,6305.97
1923,11,2,4697.33,9394.66
1924,13,3,3891.73,11675.19
1924,14,3,752.0,2256.0
1924,4,3,1857.93,5573.79
1924,11,2,4891.48,9782.96
1925,4,3,1923.0,5769.0
1925,11,1,5373.87,5373.87
1925,8,1,897.37,897.37
1925,5,1,968.65,968.65
1926,3,1,2322.67,2322.67
1927,5,2,826.09,1652.18
1927,7,2,2828.9,5657.8
1927,8,2,946.56,1893.12
1928,13,2,4190.56,8381.12
1928,5,3,823.21,2469.63
1928,8,3,981.71,2945.13
1929,11,3,5277.27,15831.81
1929,10,1,4397.94,4397.94
1929,8,1,911.81,911.81
1930,7,1,2912.24,2912.24
1930,6,3,2051.68,6155.04
1931,6,3,2135.11,6405.33
1932,9,1,1929.51,1929.51
1933,3,2,2713.93,5427.86
1933,8,1,951.82,951.82
1933,13,3,3921.07,11763.21
1934,1,2,50427.91,100855.82
1934,13,2,4313.43,8626.86
1934,9,2,1622.09,3244.18
1934,4,1,1657.15,1657.15
1935,5,2,883.2,1766.4
1935,12,2,6540.0,13080.0
1935,2,3,25086.54,75259.62
1935,11,2,5233.87,10467.74
1936,1,3,56029.33,168087.99
1936,10,1,4073.59,4073.59
1936,6,2,2235.85,4471.7
1936,2,3,24747.38,74242.14
1937,3,3,2640.93,7922.79
1937,15,1,249.87,249.87
1937,13,2,4288.84,8577.68
1938,14,2,703.59,1407.18
1938,11,2,5263.68,10527.36
1938,15,2,264.96,529.92
1939,4,3,1776.85,5330.55
1939,11,3,4878.98,14636.94
1940,11,3,4834.81,14504.43
1940,12,1,6434.92,6434.92
1941,4,1,1967.55,1967.55
1942,1,3,57462.93,172388.79
1942,14,1,680.9,680.9
1942,9,3,1687.49,5062.47
1942,12,3,6972.92,20918.76
1943,14,2,631.65,1263.3
1943,10,1,4823.68,4823.68
1944,11,2,4876.99,9753.98
1944,2,1,26155.1,26155.1
1944,4,2,1667.71,3335.42
1945,10,1,4414.35,4414.35
1945,4,1,1633.23,1633.23
1945,7,3,2729.43,8188.29
1945,6,3,2243.65,6730.95
1946,1,3,54416.4,163249.2
1946,15,1,265.85,265.85
1946,6,3,2236.97,6710.91
1947,9,2,1871.07,3742.14
1947,1,2,54002.04,108004.08
1947,4,2,1782.56,3565.12
1947,10,2,4178.19,8356.38
1948,11,3,4798.99,14396.97
1948,5,3,895.81,2687.43
1948,9,1,1720.0,1720.0
1948,6,1,2386.14,2386.14
1949,7,1,3176.25,3176.25
1949,9,1,1945.67,1945.67
1949,4,2,1677.3,3354.6
1950,6,3,2247.08,6741.24
1950,10,3,4169.57,12508.71
1951,14,1,747.31,747.31
1951,10,1,4321.35,4321.35
1952,15,1,232.42,232.42
1953,13,1,3877.34,3877.34
1953,15,2,237.49,474.98
1954,3,1,2679.97,2679.97
1954,4,2,1647.76,3295.52
1954,6,2,2360.71,4721.42
1955,11,1,4904.04,4904.04
1955,2,3,23076.92,69230.76
1956,9,2,1892.53,3785.06
1956,5,3,892.77,2678.31
1956,3,3,2435.52,7306.56
1956,10,3,4601.82,13805.46
1957,15,2,258.54,517.08
1957,10,3,4271.84,12815.52
1957,5,2,872.5,1745.0
1958,3,3,2481.54,7444.62
1958,4,3,1728.53,5185.59
1958,2,2,22955.0,45910.0
1959,10,2,4311.15,8622.3
1960,6,3,2403.65,7210.95
1960,14,3,725.62,2176.86
1961,1,2,58649.45,117298.9
1961,11,1,4992.42,4992.42
1961,10,1,4426.51,4426.51
1961,3,3,2333.1,6999.3
1962,10,2,4811.24,9622.48
1963,1,3,59666.08,178998.24
1963,14,1,699.62,699.62
1963,10,3,4564.93,13694.79
1963,15,1,235.98,235.98
1964,7,1,2931.18,2931.18
1964,1,1,58308.74,58308.74
1964,5,3,945.63,2836.89
1964,6,3,2359.6,7078.8
1965,5,2,942.84,1885.68
1966,1,1,50102.7,50102.7
1966,8,3,883.09,2649.27
1967,12,2,6350.76,12701.52
1967,5,1,957.79,957.79
1967,8,2,966.75,1933.5
1967,10,2,4451.77,8903.54
1968,7,3,2874.35,8623.05
1968,3,2,2276.75,4553.5
1968,5,3,976.55,2929.65
1969,11,2,4821.78,9643.56
1970,9,3,1782.62,5347.86
1970,7,2,3019.91,6039.82
1970,13,2,4067.9,8135.8
1971,5,2,824.54,1649.08
1971,11,2,5485.28,10970.56
1971,13,2,4160.72,8321.44
1971,9,3,1872.35,5617.05
1972,7,1,2775.6,2775.6
1972,10,1,4844.81,4844.81
1973,5,1,970.59,970.59
1973,4,2,1810.92,3621.84
1973,3,3,2440.93,7322.79
1973,14,2,732.36,1464.72
1974,15,1,255.39,255.39
1975,9,2,1882.93,3765.86
1976,8,3,859.93,2579.79
1976,4,3,1883.62,5650.86
1977,3,3,2395.87,7187.61
1978,4,1,1955.11,1955.11
1978,12,2,6623.27,13246.54
1978,9,2,1774.15,3548.3
1978,2,1,23077.7,23077.7
1979,14,3,735.97,2207.91
1979,13,3,4312.82,12938.46
1980,8,3,868.81,2606.43
1980,3,1,2404.07,2404.07
1980,1,2,57101.34,114202.68
1981,10,3,4527.67,13583.01
1981,8,3,910.71,2732.13
1982,1,2,58839.68,117679.36
1983,8,1,813.6,813.6
1983,6,1,2232.33,2232.33
1983,1,2,56167.12,112334.24
1983,12,2,6476.94,12953.88
1984,3,2,2541.37,5082.74
1985,4,3,1805.81,5417.43
1985,2,1,24090.63,24090.63
1986,3,1,2258.05,2258.05
1986,14,3,640.33,1920.99
1986,6,2,1989.98,3979.96
1987,8,2,987.63,1975.26
1987,15,2,246.57,493.14
1987,1,2,50436.68,100873.36
1988,8,1,859.4,859.4
1988,14,1,693.29,693.29
1989,13,1,4358.75,4358.75
1990,12,2,5850.12,11700.24
1990,7,1,3053.38,3053.38
1991,10,1,4073.55,4073.55
1991,8,3,855.06,2565.18
1992,13,1,3962.02,3962.02
1992,7,3,2846.85,8540.55
1992,6,1,2231.09,2231.09
1992,10,1,4724.24,4724.24
1993,10,2,4248.88,8497.76
1993,4,3,1858.32,5574.96
1994,12,2,6821.95,13643.9
1994,1,3,54499.4,163498.2
1994,7,2,3293.97,6587.94
1994,3,1,2297.04,2297.04
1995,13,2,4535.36,9070.72
1995,12,1,6028.56,6028.56
1996,10,1,4441.91,4441.91
1996,14,1,711.64,711.64
1996,3,3,2541.28,7623.84
1997,6,3,2052.5,6157.5
1997,10,3,4151.0,12453.0
1997,14,2,699.8,1399.6
1997,7,2,3265.69,6531.38
1998,6,1,2000.21,2000.21
1998,2,1,27149.79,27149.79
1999,15,2,271.34,542.68
1999,7,3,2885.77,8657.31
2000,3,1,2348.96,2348.96
2000,5,3,871.96,2615.88
2001,8,1,961.99,961.99
2001,1,3,51025.78,153077.34
2001,9,1,1848.64,1848.64
2001,4,3,1819.11,5457.33
2002,12,1,6079.45,6079.45
2002,4,1,1730.06,1730.06
2003,11,2,4920.03,9840.06
2003,3,1,2494.28,2494.28
2004,15,1,228.38,228.38
2004,14,2,724.75,1449.5
2005,8,1,874.41,874.41
2005,11,2,4828.59,9657.18
2005,5,2,867.86,1735.72
2005,1,1,56416.63,56416.63
2006,11,2,5199.64,10399.28
2006,12,3,6423.41,19270.23
2006,3,3,2602.8,7808.4
2007,9,3,1930.31,5790.93
2007,4,1,1639.18,1639.18
2007,10,2,4488.11,8976.22
2007,8,1,865.7,865.7
2008,14,1,693.88,693.88
2008,9,2,1634.08,3268.16
2008,11,2,5425.36,10850.72
2008,10,3,4562.77,13688.31
2009,12,2,6821.27,13642.54
2010,4,3,1854.81,5564.43
2010,11,3,5205.81,15617.43
2010,12,2,6825.56,13651.12
2011,6,2,2022.2,4044.4
2012,7,3,3186.97,9560.91
2013,2,3,22952.33,68856.99
2013,4,1,1672.49,1672.49
2013,10,1,4468.28,4468.28
2013,1,3,57645.21,172935.63
2014,12,2,6074.05,12148.1
2015,15,2,237.45,474.9
2016,14,1,745.53,745.53
2016,12,2,6023.35,12046.7
2016,13,1,3873.61,3873.61
2016,8,1,918.38,918.38
2017,15,2,263.32,526.64
2017,2,1,26890.3,26890.3
2017,9,3,1682.35,5047.05
2018,14,2,672.97,1345.94
2018,9,3,1811.01,5433.03
2018,2,3,23813.45,71440.35
2019,12,3,7000.94,21002.82
2020,6,3,2129.24,6387.72
2021,14,2,755.84,1511.68
2021,2,2,25132.26,50264.52
2021,6,2,2305.65,4611.3
2022,3,3,2526.36,7579.08
2023,15,1,257.91,257.91
2024,4,1,1759.07,1759.07
2025,9,1,1753.3,1753.3
2025,14,2,725.59,1451.18
2026,2,2,25322.6,50645.2
2026,1,2,56854.52,113709.04
2027,5,2,989.62,1979.24
2027,14,2,682.29,1364.58
2028,8,3,950.62,2851.86
2028,9,2,1719.94,3439.88
2028,14,2,640.26,1280.52
2028,10,3,4313.19,12939.57
2029,13,3,4096.12,12288.36
2029,6,3,2398.76,7196.28
2030,5,1,828.73,828.73
2030,3,3,2696.96,8090.88
2030,4,3,1948.75,5846.25
2030,9,3,1804.24,5412.72
2031,7,3,2898.31,8694.93
2031,5,1,936.66,936.66
2032,11,1,5017.11,5017.11
2032,2,2,22811.3,45622.6
2032,6,2,2285.35,4570.7
2033,7,1,2744.61,2744.61
2033,2,3,22959.48,68878.44
2034,11,2,5124.21,10248.42
2035,12,1,5911.79,5911.79
2035,7,1,2704.48,2704.48
2035,10,1,4181.45,4181.45
2035,15,1,261.13,261.13
2036,13,1,4407.72,4407.72
2036,8,2,960.92,1921.84
2036,9,1,1909.38,1909.38
2037,5,1,816.29,816.29
2038,12,3,5949.03,17847.09
2039,7,3,2991.02,8973.06
2039,10,3,4881.93,14645.79
2040,11,1,5352.23,5352.23
2040,1,3,57765.75,173297.25
2041,9,3,1848.04,5544.12
2041,6,2,2028.83,4057.66
2041,7,2,3195.68,6391.36
2042,3,1,2520.93,2520.93
2042,4,1,1929.0,1929.0
2043,15,3,273.41,820.23
2043,12,3,6667.99,20003.97
2043,14,1,646.52,646.52
2044,4,2,1931.75,3863.5
2045,11,2,5016.19,10032.38
2045,13,1,3873.83,3873.83
2045,8,2,814.69,1629.38
2046,10,2,4604.46,9208.92
2046,9,1,1631.69,1631.69
2046,14,2,769.1,1538.2
2047,3,3,2708.11,8124.33
2048,6,1,2061.3,2061.3
2048,9,1,1850.32,1850.32
2049,12,2,6189.4,12378.8
2050,12,1,6468.14,6468.14
2050,3,3,2532.23,7596.69
2050,1,3,59463.92,178391.76
2050,10,1,4662.71,4662.71
2051,5,2,984.82,1969.64
2051,6,2,2358.63,4717.26
2051,9,2,1713.41,3426.82
2052,13,1,4089.65,4089.65
2052,7,3,2923.13,8769.39
2052,14,1,652.06,652.06
2053,8,2,875.46,1750.92
2053,3,2,2727.26,5454.52
2053,12,2,6935.91,13871.82
2053,15,1,260.15,260.15
2054,8,3,982.05,2946.15
2055,14,3,682.13,2046.39
2055,7,1,3209.14,3209.14
2055,13,1,4070.95,4070.95
2056,11,1,5397.38,5397.38
2056,15,3,245.26,735.78
2057,9,2,1868.88,3737.76
2057,4,3,1667.33,5001.99
2057,11,1,4819.98,4819.98
2057,13,2,3945.68,7891.36
2058,7,2,2703.29,5406.58
2058,9,2,1735.0,3470.0
2059,14,1,740.11,740.11
2059,3,1,2486.07,2486.07
2060,15,1,225.29,225.29
2060,7,2,3005.39,6010.78
2060,3,1,2633.4,2633.4
2060,1,1,56504.94,56504.94
2061,11,2,5385.29,10770.58
2061,5,2,958.54,1917.08
2062,6,2,2326.37,4652.74
2063,8,1,862.85,862.85
2063,2,2,22580.29,45160.58
2063,15,1,232.19,232.19
2064,6,3,2180.86,6542.58
2064,7,2,2988.56,5977.12
2064,11,3,5252.22,15756.66
2064,12,1,6655.24,6655.24
2065,9,1,1755.2,1755.2
2065,11,3,4619.32,13857.96
2065,6,1,2175.94,2175.94
2065,7,1,3233.72,3233.72
2066,14,3,697.67,2093.01
2066,5,3,885.87,2657.61
2066,10,2,4879.17,9758.34
2067,10,2,4289.58,8579.16
2067,9,2,1790.0,3580.0
2067,8,1,888.4,888.4
2068,2,1,23500.14,23500.14
2068,10,3,4564.9,13694.7
2068,15,2,267.53,535.06
2068,14,3,656.56,1969.68
2069,15,2,255.98,511.96
2069,7,3,3171.5,9514.5
2069,13,2,4112.31,8224.62
2069,2,2,22631.44,45262.88
2070,14,3,664.1,1992.3
2070,10,3,4838.93,14516.79
2071,11,1,4784.84,4784.84
2071,12,1,6641.07,6641.07
2072,3,1,2627.12,2627.12
2072,13,3,4021.33,12063.99
2073,15,3,272.3,816.9
2073,2,2,25532.74,51065.48
2073,4,1,1693.39,1693.39
2074,5,3,912.65,2737.95
2074,11,2,4665.14,9330.28
2075,11,3,5203.26,15609.78
2075,6,1,2084.07,2084.07
2076,6,1,2276.93,2276.93
2076,11,2,5253.79,10507.58
2076,5,2,886.98,1773.96
2077,2,2,27037.06,54074.12
2077,11,2,5432.06,10864.12
2077,15,1,269.95,269.95
2078,11,3,5026.89,15080.67
2078,3,3,2276.36,6829.08
2079,11,2,4508.92,9017.84
2079,12,1,6925.38,6925.38
2080,1,3,58388.72,175166.16
2080,2,2,27113.33,54226.66
2081,15,3,252.62,757.86
2081,2,3,26605.98,79817.94
2082,12,1,6775.62,6775.62
2083,15,1,264.65,264.65
2083,14,2,658.63,1317.26
2084,11,3,5486.66,16459.98
2084,7,2,3061.59,6123.18
2084,6,2,2076.5,4153.0
2085,6,1,2265.79,2265.79
2085,13,2,4409.74,8819.48
2086,15,1,274.28,274.28
2087,7,2,3032.07,6064.14
2088,7,3,2873.03,8619.09
2089,5,2,861.63,1723.26
2089,4,1,1787.93,1787.93
2089,15,1,274.89,274.89
2089,9,3,1969.77,5909.31
2090,3,3,2469.36,7408.08
2090,2,2,24021.99,48043.98
2090,14,1,662.33,662.33
2090,6,2,2366.71,4733.42
2091,13,1,4502.77,4502.77
2091,10,2,4069.93,8139.86
2092,7,2,3084.95,6169.9
2092,10,1,4250.85,4250.85
2092,9,3,1640.76,4922.28
2093,6,1,2151.11,2151.11
2093,9,1,1816.82,1816.82
2093,12,2,6379.19,12758.38
2093,1,1,59171.32,59171.32
2094,15,3,240.96,722.88
2094,13,3,4575.59,13726.77
2094,9,1,1785.07,1785.07
2094,4,1,1937.32,1937.32
2095,13,3,4045.27,12135.81
2095,1,3,50738.01,152214.03
2095,15,1,254.12,254.12
2095,7,3,2851.45,8554.35
2096,8,1,825.78,825.78
2096,13,2,3875.89,7751.78
2096,11,1,5202.23,5202.23
2096,14,1,726.46,726.46
2097,4,1,1790.07,1790.07
2097,13,1,4245.98,4245.98
2097,8,3,820.72,2462.16
2097,15,2,241.54,483.08
2098,1,1,56090.58,56090.58
2098,9,3,1805.94,5417.82
2099,8,3,913.45,2740.35
2100,4,1,1896.45,1896.45
2100,6,1,2372.76,2372.76
2100,15,3,237.61,712.83
2100,12,1,6730.27,6730.27
2101,2,2,26241.7,52483.4
2102,5,1,928.84,928.84
2103,3,1,2647.27,2647.27
2104,3,3,2363.7,7091.1
2104,13,1,4111.39,4111.39
2105,2,3,26414.01,79242.03
2105,8,2,967.55,1935.1
2105,14,1,632.36,632.36
2106,2,2,26509.7,53019.4
2106,6,1,2417.37,2417.37
2106,14,2,698.57,1397.14
2107,14,2,767.44,1534.88
2107,5,2,938.65,1877.3
2108,6,2,2401.64,4803.28
2108,7,2,3231.41,6462.82
2109,10,1,4305.54,4305.54
2109,8,1,858.7,858.7
2110,6,1,2277.88,2277.88
2110,9,1,1796.26,1796.26
2110,13,3,4381.4,13144.2
2110,8,1,865.66,865.66
2111,9,3,1943.8,5831.4
2112,13,2,4372.46,8744.92
2112,9,3,1653.33,4959.99
2113,10,2,4803.76,9607.52
2114,4,2,1689.47,3378.94
2114,14,2,710.29,1420.58
2115,3,3,2523.58,7570.74
2115,11,1,5100.11,5100.11
2116,3,3,2661.31,7983.93
2117,11,3,4953.3,14859.9
2118,15,1,267.56,267.56
2119,4,1,1747.55,1747.55
2119,15,1,243.88,243.88
2119,1,3,59928.24,179784.72
2120,7,2,2771.84,5543.68
2121,7,2,3185.94,6371.88
2121,5,3,815.93,2447.79
2121,15,2,244.87,489.74
2121,2,3,23973.52,71920.56
2122,13,3,4304.89,12914.67
2122,15,3,258.21,774.63
2122,4,3,1823.57,5470.71
2123,1,2,49705.35,99410.7
2123,14,1,735.7,735.7
2124,2,3,27017.8,81053.4
2125,11,3,4977.76,14933.28
2125,6,3,2068.78,6206.34
2126,7,2,3188.53,6377.06
2127,15,3,233.57,700.71
2128,7,1,3246.24,3246.24
2128,2,1,27349.56,27349.56
2128,13,2,4401.67,8803.34
2129,4,2,1894.93,3789.86
2129,7,2,2996.95,5993.9
2129,3,3,2707.3,8121.9
2130,14,1,706.91,706.91
2130,4,1,1696.68,1696.68
2130,6,3,2277.09,6831.27
2130,3,3,2332.87,6998.61
2131,11,3,5048.75,15146.25
2131,7,3,2957.56,8872.68
2132,8,2,845.48,1690.96
2132,15,3,270.58,811.74
2132,13,1,3904.67,3904.67
2133,11,2,5224.17,10448.34
2133,10,2,4285.68,8571.36
2133,5,1,986.95,986.95
2133,9,3,1736.64,5209.92
2134,13,1,4540.64,4540.64
2134,14,1,691.71,691.71
2134,2,2,23040.33,46080.66
2135,6,3,2389.27,7167.81
2135,9,3,1735.16,5205.48
2135,8,1,989.69,989.69
2135,12,2,6894.67,13789.34
2136,3,3,2379.93,7139.79
2136,5,2,939.79,1879.58
2136,4,3,1643.21,4929.63
2136,13,1,4258.56,4258.56
2137,3,3,2575.54,7726.62
2137,14,3,718.43,2155.29
2137,15,2,244.68,489.36
2138,7,1,2979.05,2979.05
2139,11,2,5139.07,10278.14
2139,14,2,635.04,1270.08
2139,8,2,830.45,1660.9
2140,5,1,903.37,903.37
2140,14,1,711.07,711.07
2141,3,1,2706.08,2706.08
2141,13,3,4275.25,12825.75
2142,8,3,969.23,2907.69
2142,15,1,259.3,259.3
2142,12,2,7144.41,14288.82
2142,13,3,3928.96,11786.88
2143,2,1,26673.26,26673.26
2144,13,2,4180.58,8361.16
2144,6,1,2107.84,2107.84
2145,8,2,902.94,1805.88
2145,5,1,977.52,977.52
2145,12,2,6513.63,13027.26
2145,15,1,254.43,254.43
2146,1,2,55356.48,110712.96
2146,7,2,2821.66,5643.32
2146,11,1,4732.05,4732.05
2147,11,1,4975.8,4975.8
2148,1,3,56425.11,169275.33
2149,15,2,257.55,515.1
2150,5,2,891.25,1782.5
2150,9,1,1762.04,1762.04
2150,1,3,55627.45,166882.35
2151,6,2,2263.58,4527.16
2151,9,1,1789.01,1789.01
2151,12,1,6501.53,6501.53
2151,10,1,4177.39,4177.39
2152,1,3,51882.22,155646.66
2152,3,3,2320.75,6962.25
2152,6,2,2207.04,4414.08
2152,11,1,4995.24,4995.24
2153,14,2,646.11,1292.22
2153,7,2,2743.54,5487.08
2154,15,3,251.21,753.63
2154,13,2,4294.54,8589.08
2154,11,1,4667.47,4667.47
2155,5,1,979.1,979.1
2156,6,1,2283.81,2283.81
2156,11,1,5180.52,5180.52
2156,4,3,1953.45,5860.35
2156,15,1,234.58,234.58
2157,15,3,225.7,677.1
2157,5,1,829.09,829.09
2158,15,2,261.27,522.54
2158,9,2,1819.39,3638.78
2158,8,1,984.74,984.74
2158,10,1,4921.92,4921.92
2159,3,1,2653.56,2653.56
2160,8,1,835.57,835.57
2160,6,3,2337.0,7011.0
2160,10,1,4466.49,4466.49
2160,7,2,2959.66,5919.32
2161,15,1,233.9,233.9
2162,11,2,5180.22,10360.44
2162,15,1,264.8,264.8
2162,5,2,910.54,1821.08
2163,15,2,237.97,475.94
2163,6,3,2088.45,6265.35
2163,13,1,4218.21,4218.21
2163,2,3,26722.73,80168.19
2164,7,3,3239.11,9717.33
2164,11,2,5266.77,10533.54
2165,7,1,3200.72,3200.72
2165,11,1,5323.1,5323.1
2165,6,3,2375.89,7127.67
2165,5,3,888.82,2666.46
2166,4,1,1701.39,1701.39
2166,12,3,6856.49,20569.47
2166,11,1,5226.74,5226.74
2166,5,3,868.14,2604.42
2167,9,1,1940.8,1940.8
2167,13,2,4162.96,8325.92
2168,8,3,989.6,2968.8
2169,6,2,2360.63,4721.26
2169,9,1,1871.76,1871.76
2169,14,1,670.9,670.9
2170,13,1,3806.4,3806.4
2170,12,2,6195.6,12391.2
2170,2,2,26749.44,53498.88
2171,1,1,51980.44,51980.44
2171,6,2,2019.6,4039.2
2172,15,2,239.13,478.26
2173,3,1,2733.79,2733.79
2173,4,1,1760.05,1760.05
2174,3,1,2480.43,2480.43
2174,9,3,1679.12,5037.36
2175,3,2,2378.09,4756.18
2175,11,3,4649.86,13949.58
2175,7,3,3174.35,9523.05
2175,10,2,4060.48,8120.96
2176,5,3,926.3,2778.9
2176,2,3,26800.44,80401.32
2177,6,2,2376.85,4753.7
2177,7,2,2961.46,5922.92
2177,11,3,4892.33,14676.99
2177,13,1,4084.49,4084.49
2178,7,1,2834.62,2834.62
2179,4,3,1928.88,5786.64
2179,11,3,4879.04,14637.12
2179,2,2,26526.96,53053.92
2179,10,1,4425.3,4425.3
2180,15,1,232.37,232.37
2180,9,2,1724.91,3449.82
2181,14,1,666.7,666.7
2182,4,3,1743.73,5231.19
2182,2,3,26935.55,80806.65
2182,12,3,6110.45,18331.35
2182,6,2,2085.45,4170.9
2183,9,3,1834.78,5504.34
2183,10,3,4934.61,14803.83
2183,12,3,6263.57,18790.71
2183,5,2,833.13,1666.26
2184,6,3,2087.03,6261.09
2185,1,1,50928.35,50928.35
2185,3,3,2686.88,8060.64
2186,13,3,3824.83,11474.49
2186,1,2,51216.65,102433.3
2186,10,3,4586.61,13759.83
2186,3,2,2531.2,5062.4
2187,5,1,945.89,945.89
2188,3,3,2615.32,7845.96
2188,12,1,6211.35,6211.35
2189,3,3,2372.3,7116.9
2189,12,2,6873.13,13746.26
2189,7,3,2778.45,8335.35
2189,6,1,2137.34,2137.34
2190,5,2,813.59,1627.18
2190,7,3,2859.21,8577.63
2190,6,2,2092.43,4184.86
2191,12,3,6696.49,20089.47
2191,3,1,2575.89,2575.89
2192,15,3,243.42,730.26
2192,14,2,679.11,1358.22
2192,5,3,961.9,2885.7
2193,13,3,3955.29,11865.87
2193,3,3,2629.94,7889.82
2193,8,1,814.88,814.88
2194,13,1,4312.3,4312.3
2194,6,3,2108.76,6326.28
2194,2,1,25166.53,25166.53
2195,13,1,3907.25,3907.25
2195,4,1,1743.1,1743.1
2196,6,3,2009.97,6029.91
2196,13,2,4104.0,8208.0
2196,2,1,24662.23,24662.23
2197,5,3,866.09,2598.27
2197,3,1,2560.27,2560.27
2197,6,3,2369.91,7109.73
2198,8,3,970.66,2911.98
2199,1,2,52290.81,104581.62
2200,5,2,833.4,1666.8
2200,3,3,2562.62,7687.86
2200,8,3,953.6,2860.8
2200,9,3,1648.06,4944.18
2201,7,3,3153.88,9461.64
2202,9,2,1650.82,3301.64
2202,13,1,4174.17,4174.17
2202,4,1,1939.15,1939.15
2203,4,2,1798.62,3597.24
2203,5,1,983.13,983.13
2203,15,3,226.16,678.48
2203,13,1,4181.55,4181.55
2204,2,1,24406.31,24406.31
2205,5,3,819.67,2459.01
2205,10,3,4620.38,13861.14
2205,2,1,26266.99,26266.99
2206,4,2,1919.39,3838.78
2206,14,2,733.96,1467.92
2206,12,2,6425.56,12851.12
2206,9,3,1665.18,4995.54
2207,3,3,2704.14,8112.42
2207,14,3,685.25,2055.75
2208,3,2,2302.77,4605.54
2208,10,1,4639.75,4639.75
2208,6,3,2377.76,7133.28
2208,8,1,856.99,856.99
2209,13,2,4149.45,8298.9
2209,7,1,2975.88,2975.88
2209,14,3,631.37,1894.11
2209,8,3,855.0,2565.0
2210,3,2,2699.21,5398.42
2210,4,3,1927.24,5781.72
2211,15,2,265.69,531.38
2211,12,1,6920.4,6920.4
2211,13,2,3941.91,7883.82
2211,5,1,902.62,902.62
2212,9,3,1691.6,5074.8
2212,3,1,2554.64,2554.64
2212,7,1,2708.8,2708.8
2212,11,2,4966.95,9933.9
2213,5,2,959.77,1919.54
2213,1,1,56371.35,56371.35
2213,7,2,2792.19,5584.38
2213,10,1,4140.42,4140.42
2214,2,1,27041.69,27041.69
2214,5,1,974.82,974.82
2214,9,2,1670.4,3340.8
2214,7,2,2748.68,5497.36
2215,1,3,58872.1,176616.3
2215,9,1,1770.71,1770.71
2215,10,2,4668.4,9336.8
2215,12,1,6630.11,6630.11
2216,9,1,1977.97,1977.97
2216,7,1,2941.1,2941.1
2216,15,1,234.96,234.96
2217,5,3,953.2,2859.6
2217,1,1,57837.39,57837.39
2217,7,3,2967.68,8903.04
2217,11,1,5261.75,5261.75
2218,1,3,56556.47,169669.41
2219,15,3,244.81,734.43
2219,9,2,1833.0,3666.0
2219,3,1,2387.55,2387.55
2220,2,2,23941.67,47883.34
2220,9,1,1889.25,1889.25
2220,11,1,5480.25,5480.25
2220,13,3,4422.57,13267.71
2221,6,1,2214.02,2214.02
2222,3,3,2318.55,6955.65
2222,1,2,58029.15,116058.3
2223,8,3,875.78,2627.34
2223,3,1,2639.53,2639.53
2224,3,1,2703.94,2703.94
2224,11,1,4719.97,4719.97
2224,2,3,24893.27,74679.81
2225,2,3,26802.4,80407.2
2225,4,2,1676.64,3353.28
2226,5,2,814.17,1628.34
2226,9,1,1973.03,1973.03
2227,1,2,53862.19,107724.38
2227,13,2,4598.72,9197.44
2227,10,1,4733.65,4733.65
2227,7,3,2915.88,8747.64
2228,4,2,1741.36,3482.72
2228,8,1,832.26,832.26
2229,13,1,4356.47,4356.47
2229,6,2,2364.69,4729.38
2229,2,2,27088.24,54176.48
2230,1,1,59688.95,59688.95
2231,1,3,54195.81,162587.43
2231,11,2,4921.91,9843.82
2232,10,2,4265.42,8530.84
2232,14,2,650.25,1300.5
2232,1,1,55926.57,55926.57
2232,5,1,847.58,847.58
2233,8,2,900.0,1800.0
2234,5,1,934.91,934.91
2234,3,1,2596.74,2596.74
2234,12,1,6316.61,6316.61
2234,1,1,54097.31,54097.31
2235,11,1,4620.72,4620.72
2235,7,2,3128.64,6257.28
2235,4,2,1811.64,3623.28
2235,3,1,2288.4,2288.4
2236,3,1,2526.44,2526.44
2236,2,1,25392.55,25392.55
2236,7,2,2730.78,5461.56
2237,12,3,6030.97,18092.91
2237,10,1,4521.27,4521.27
2237,5,3,839.34,2518.02
2237,13,3,3799.34,11398.02
2238,7,2,3281.65,6563.3
2238,1,3,52583.08,157749.24
2238,12,1,5957.57,5957.57
2239,15,2,274.58,549.16
2239,9,3,1777.62,5332.86
2239,12,1,5973.99,5973.99
2240,4,2,1832.54,3665.08
2240,15,2,246.77,493.54
2240,5,3,907.47,2722.41
2240,9,1,1894.33,1894.33
2241,3,2,2317.86,4635.72
2241,9,3,1777.24,5331.72
2241,15,3,257.38,772.14
2242,4,3,1952.73,5858.19
2242,10,2,4459.19,8918.38
2243,12,2,6057.49,12114.98
2243,7,1,3176.98,3176.98
2243,4,2,1738.58,3477.16
2243,11,1,4619.75,4619.75
2244,2,2,25313.78,50627.56
2245,13,1,4581.32,4581.32
2245,11,3,4992.24,14976.72
2245,1,3,53255.71,159767.13
2245,10,1,4925.87,4925.87
2246,15,3,236.48,709.44
2246,5,1,837.05,837.05
2246,3,2,2648.16,5296.32
2247,14,3,659.26,1977.78
2247,2,3,23967.57,71902.71
2247,1,3,50497.73,151493.19
2247,6,3,2066.4,6199.2
2248,5,2,949.45,1898.9
2248,3,1,2669.84,2669.84
2248,9,3,1821.33,5463.99
2248,7,3,2918.29,8754.87
2249,6,2,2194.52,4389.04
2250,6,1,2355.02,2355.02
2250,9,3,1642.57,4927.71
2250,8,3,916.01,2748.03
2250,3,2,2367.69,4735.38
2251,15,3,239.71,719.13
2252,11,3,5100.13,15300.39
2252,8,3,970.43,2911.29
2252,7,3,3153.5,9460.5
2253,7,1,2760.19,2760.19
2253,9,1,1743.24,1743.24
2253,12,1,6845.49,6845.49
2254,6,3,2093.79,6281.37
2254,2,1,25243.33,25243.33
2254,11,1,4804.13,4804.13
2255,3,3,2586.28,7758.84
2255,5,2,930.09,1860.18
2256,8,2,861.31,1722.62
2256,5,1,919.63,919.63
2256,9,3,1881.63,5644.89
2256,11,3,4511.77,13535.31
2257,11,2,5053.17,10106.34
2257,13,3,4261.7,12785.1
2258,14,1,716.48,716.48
2258,3,3,2310.73,6932.19
2258,15,3,253.85,761.55
2258,7,1,3196.99,3196.99
2259,8,2,952.28,1904.56
2259,5,3,987.07,2961.21
2260,2,1,23244.64,23244.64
2260,8,3,895.34,2686.02
2260,6,3,2329.75,6989.25
2260,5,2,926.24,1852.48
2261,14,1,688.9,688.9
2261,9,3,1900.96,5702.88
2261,8,2,847.75,1695.5
2261,4,3,1863.54,5590.62
2262,12,1,6986.86,6986.86
2262,6,2,2166.92,4333.84
2262,15,1,268.31,268.31
2263,14,3,743.11,2229.33
2263,13,2,4264.91,8529.82
2264,6,2,2053.04,4106.08
2264,5,2,928.61,1857.22
2264,14,2,646.98,1293.96
2265,8,1,886.86,886.86
2265,11,1,4933.22,4933.22
2266,12,1,6871.77,6871.77
2266,6,1,2206.34,2206.34
2266,13,2,3970.24,7940.48
2266,3,2,2354.82,4709.64
2267,6,1,2330.68,2330.68
2268,7,2,3043.68,6087.36
2268,4,2,1747.04,3494.08
2268,3,1,2619.3,2619.3
2269,9,2,1693.32,3386.64
2270,3,1,2692.56,2692.56
2270,9,3,1669.38,5008.14
2270,2,3,26520.0,79560.0
2271,6,3,2194.28,6582.84
2271,7,2,2794.46,5588.92
2271,15,3,237.42,712.26
2271,12,3,6633.19,19899.57
2272,14,2,730.34,1460.68
2273,9,3,1716.44,5149.32
2273,12,3,6912.32,20736.96
2273,5,1,846.53,846.53
2274,15,1,261.5,261.5
2275,1,2,56522.73,113045.46
2275,10,3,4628.93,13886.79
2275,11,2,5223.81,10447.62
2275,5,3,913.71,2741.13
2276,4,3,1977.91,5933.73
2276,1,3,56696.72,170090.16
2276,15,3,248.1,744.3
2276,2,1,23550.6,23550.6
2277,13,1,4577.85,4577.85
2277,12,3,7027.07,21081.21
2277,14,3,712.28,2136.84
2278,5,2,918.51,1837.02
2278,9,3,1676.86,5030.58
2278,1,3,56953.82,170861.46
2278,3,3,2541.29,7623.87
2279,13,3,4094.3,12282.9
2280,3,3,2713.32,8139.96
2280,8,1,867.22,867.22
2280,9,1,1662.13,1662.13
2280,14,3,698.75,2096.25
2281,6,2,2398.1,4796.2
2282,7,2,3248.95,6497.9
2282,4,1,1820.28,1820.28
2282,1,3,58115.76,174347.28
2283,3,2,2749.9,5499.8
2283,2,1,24577.32,24577.32
2283,12,2,6752.11,13504.22
2284,10,1,4364.19,4364.19
2284,3,3,2577.9,7733.7
2285,9,2,1645.67,3291.34
2286,7,2,3080.09,6160.18
2286,8,2,987.79,1975.58
2286,1,1,54777.17,54777.17
2287,12,1,6076.83,6076.83
2288,11,3,4779.89,14339.67
2289,15,1,269.33,269.33
2289,5,3,938.46,2815.38
2289,14,1,671.16,671.16
2289,3,2,2567.53,5135.06
2290,15,1,253.69,253.69
2290,6,1,2199.82,2199.82
2290,11,1,4556.69,4556.69
2291,13,3,4397.9,13193.7
2291,3,1,2618.79,2618.79
2292,4,3,1870.92,5612.76
2292,3,1,2667.31,2667.31
2292,1,3,55774.56,167323.68
2292,15,2,235.77,471.54
2293,6,3,2266.53,6799.59
2293,12,2,6898.13,13796.26
2293,14,1,740.46,740.46
2293,9,1,1951.44,1951.44
2294,13,2,4043.25,8086.5
2295,9,2,1903.48,3806.96
2295,3,1,2735.95,2735.95
2296,2,2,23279.68,46559.36
2296,15,2,234.39,468.78
2297,4,3,1803.24,5409.72
2297,1,1,55357.82,55357.82
2298,7,2,2990.56,5981.12
2298,1,3,60131.67,180395.01
2298,5,3,822.43,2467.29
2299,7,2,2887.69,5775.38
2299,11,3,4581.75,13745.25
2300,3,1,2417.92,2417.92
2300,5,3,902.86,2708.58
2300,13,1,4446.01,4446.01
2300,10,3,4550.1,13650.3
2301,5,1,892.48,892.48
2301,9,2,1853.95,3707.9
2301,11,1,4513.96,4513.96
2301,8,2,886.0,1772.0
2302,5,3,923.72,2771.16
2303,14,1,760.26,760.26
2303,12,3,5963.05,17889.15
2303,13,2,4403.8,8807.6
2303,10,1,4298.1,4298.1
2304,6,3,2238.07,6714.21
2305,4,2,1971.86,3943.72
2305,11,2,4634.49,9268.98
2305,15,1,238.24,238.24
2306,3,1,2259.81,2259.81
2307,4,1,1947.88,1947.88
2307,3,2,2708.14,5416.28
2307,12,3,6990.41,20971.23
2308,7,3,2788.84,8366.52
2308,10,2,4696.86,9393.72
2308,14,1,651.38,651.38
2308,2,2,26847.41,53694.82
2309,9,2,1862.38,3724.76
2309,2,3,22867.0,68601.0
2310,3,3,2451.83,7355.49
2311,7,2,3151.65,6303.3
2311,6,2,2109.16,4218.32
2311,14,1,696.71,696.71
2311,10,3,4299.26,12897.78
2312,13,3,4153.94,12461.82
2312,8,3,891.21,2673.63
2312,2,2,23509.54,47019.08
2312,6,1,2072.7,2072.7
2313,10,1,4611.01,4611.01
2313,5,1,838.98,838.98
2314,1,2,51306.88,102613.76
2314,5,1,829.38,829.38
2314,4,2,1804.94,3609.88
2315,2,3,24247.08,72741.24
2315,14,1,689.01,689.01
2315,15,2,255.12,510.24
2315,4,2,1918.69,3837.38
2316,15,1,239.18,239.18
2316,12,3,6061.61,18184.83
2316,4,1,1700.32,1700.32
2317,6,2,2141.45,4282.9
2317,10,2,4124.45,8248.9
2318,9,3,1872.59,5617.77
2318,2,3,23312.67,69938.01
2318,4,2,1972.85,3945.7
2318,8,1,875.3,875.3
2319,7,1,2940.08,2940.08
2319,6,2,2220.11,4440.22
2319,4,2,1740.49,3480.98
2319,5,3,920.02,2760.06
2320,1,2,50305.17,100610.34
2320,3,1,2582.62,2582.62
2320,14,1,716.48,716.48
2321,3,3,2410.74,7232.22
2321,10,3,4432.22,13296.66
2321,12,3,6060.69,18182.07
2322,10,3,4333.53,13000.59
2322,9,3,1731.83,5195.49
2322,14,1,746.86,746.86
2322,5,3,913.16,2739.48
2323,5,1,878.33,878.33
2323,1,3,58833.33,176499.99
2323,3,1,2438.8,2438.8
2324,1,1,50757.99,50757.99
2325,1,1,50847.61,50847.61
2326,6,3,2098.94,6296.82
2326,5,1,839.41,839.41
2326,1,3,54076.3,162228.9
2326,14,3,683.8,2051.4
2327,13,1,4286.35,4286.35
2327,1,2,59523.49,119046.98
2327,7,2,3190.94,6381.88
2327,12,1,7070.41,7070.41
2328,8,1,914.22,914.22
2329,2,3,24620.48,73861.44
2329,9,2,1890.22,3780.44
2329,8,3,935.83,2807.49
2330,6,1,2334.63,2334.63
2330,1,3,52365.22,157095.66
2331,1,1,60337.48,60337.48
2332,15,1,237.81,237.81
2333,15,1,261.38,261.38
2333,9,3,1757.0,5271.0
2333,14,1,637.93,637.93
2334,3,2,2431.83,4863.66
2334,4,3,1641.86,4925.58
2334,1,1,57695.95,57695.95
2335,2,1,27173.75,27173.75
2336,12,1,6571.55,6571.55
2336,10,3,4241.85,12725.55
2336,14,3,695.97,2087.91
2336,7,3,3082.46,9247.38
2337,3,1,2448.99,2448.99
2337,9,3,1892.91,5678.73
2337,8,1,839.03,839.03
2337,11,2,4926.38,9852.76
2338,1,3,53750.59,161251.77
2338,5,1,987.57,987.57
2338,12,2,7057.2,14114.4
2338,11,2,5088.22,10176.44
2339,6,1,2109.54,2109.54
2340,8,1,945.7,945.7
2340,13,2,4298.14,8596.28
2340,3,3,2585.63,7756.89
2340,9,3,1636.35,4909.05
2341,13,2,4312.39,8624.78
2342,2,3,24415.82,73247.46
2342,12,1,6802.23,6802.23
2342,10,3,4285.14,12855.42
2342,1,1,57948.9,57948.9
2343,4,2,1803.1,3606.2
2343,9,1,1944.0,1944.0
2343,14,1,701.7,701.7
2344,13,3,4486.98,13460.94
2344,6,3,2383.82,7151.46
2345,2,1,23635.51,23635.51
2345,7,1,2978.97,2978.97
2345,6,2,2288.19,4576.38
2345,10,2,4387.2,8774.4
2346,8,1,910.06,910.06
2347,13,2,4509.18,9018.36
2347,3,3,2435.89,7307.67
2347,4,1,1909.1,1909.1
2348,12,2,6858.82,13717.64
2348,6,2,2227.65,4455.3
2348,2,3,26140.15,78420.45
2348,3,3,2555.8,7667.4
2349,4,1,1630.93,1630.93
2349,8,1,891.81,891.81
2349,5,1,859.33,859.33
2349,10,3,4614.83,13844.49
2350,8,2,813.04,1626.08
2350,2,2,25037.64,50075.28
2350,11,1,5263.47,5263.47
2350,4,3,1766.67,5300.01
2351,10,3,4483.03,13449.09
2352,12,1,6267.75,6267.75
2352,6,2,2410.41,4820.82
2352,1,3,57514.17,172542.51
2352,15,1,261.6,261.6
2353,5,3,899.7,2699.1
2353,4,1,1935.65,1935.65
2353,12,1,6438.41,6438.41
2354,2,1,24798.23,24798.23
2355,8,1,979.85,979.85
2355,7,3,3093.44,9280.32
2356,14,3,658.56,1975.68
2356,1,1,54822.06,54822.06
2356,15,3,226.71,680.13
2356,3,3,2378.08,7134.24
2357,3,2,2489.25,4978.5
2357,7,3,3225.26,9675.78
2357,9,2,1708.63,3417.26
2357,8,2,899.56,1799.12
2358,8,2,812.1,1624.2
2358,13,3,4524.35,13573.05
2358,3,2,2697.65,5395.3
2358,1,3,54735.95,164207.85
2359,9,3,1838.49,5515.47
2359,6,3,2234.65,6703.95
2359,10,2,4061.29,8122.58
2360,15,3,242.56,727.68
2360,12,2,6243.89,12487.78
2360,4,1,1727.04,1727.04
2361,8,1,976.29,976.29
2361,4,2,1705.52,3411.04
2362,10,2,4578.42,9156.84
2363,1,3,59754.56,179263.68
2364,3,1,2642.23,2642.23
2365,5,3,953.6,2860.8
2366,3,1,2385.01,2385.01
2366,8,2,958.99,1917.98
2367,9,2,1910.95,3821.9
2367,12,1,5910.24,5910.24
2367,15,3,227.76,683.28
2367,8,1,894.04,894.04
2368,8,2,870.71,1741.42
2368,7,3,3146.24,9438.72
2368,1,2,53372.35,106744.7
2368,5,2,834.1,1668.2
2369,11,3,5026.4,15079.2
2370,7,2,2808.66,5617.32
2370,14,1,720.11,720.11
2370,2,2,23109.78,46219.56
2371,7,3,2731.4,8194.2
2372,7,2,2881.84,5763.68
2373,4,1,1636.63,1636.63
2373,13,1,4024.45,4024.45
2373,14,2,706.16,1412.32
2374,4,2,1678.12,3356.24
2375,6,3,2373.65,7120.95
2376,4,2,1928.05,3856.1
2376,9,3,1965.67,5897.01
2376,7,3,3120.19,9360.57
2376,10,3,4129.56,12388.68
2377,9,1,1710.77,1710.77
2377,14,3,682.6,2047.8
2377,1,3,55248.52,165745.56
2377,5,2,912.12,1824.24
2378,13,2,4422.39,8844.78
2378,4,2,1919.49,3838.98
2379,12,3,6584.72,19754.16
2379,4,2,1918.64,3837.28
2379,15,3,257.48,772.44
2379,3,1,2631.14,2631.14
2380,7,1,2766.37,2766.37
2380,14,1,649.35,649.35
2380,1,1,57082.09,57082.09
2381,4,1,1904.54,1904.54
2381,1,1,53447.07,53447.07
2382,4,3,1813.36,5440.08
2382,5,2,838.06,1676.12
2382,8,3,916.42,2749.26
2382,1,1,52428.0,52428.0
2383,4,3,1668.35,5005.05
2383,10,3,4368.45,13105.35
2384,1,3,56029.07,168087.21
2384,14,3,704.4,2113.2
2384,10,1,4194.36,4194.36
2385,9,3,1917.04,5751.12
2385,11,2,5202.64,10405.28
2385,6,3,2122.93,6368.79
2385,8,2,911.68,1823.36
2386,5,3,896.32,2688.96
2386,8,3,862.07,2586.21
2386,12,1,7069.97,7069.97
2387,10,2,4743.2,9486.4
2387,14,2,655.51,1311.02
2387,5,2,858.61,1717.22
2388,15,2,242.73,485.46
2389,13,3,4177.1,12531.3
2390,8,3,824.61,2473.83
2390,3,2,2635.82,5271.64
2391,3,2,2549.16,5098.32
2392,4,2,1810.71,3621.42
2392,7,1,3203.39,3203.39
2393,4,1,1708.64,1708.64
2393,14,2,646.9,1293.8
2394,15,3,237.0,711.0
2395,14,2,730.78,1461.56
2395,5,3,856.6,2569.8
2396,2,1,25450.16,25450.16
2396,6,1,2125.65,2125.65
2396,11,3,4961.54,14884.62
2397,9,3,1779.98,5339.94
2397,12,3,6483.39,19450.17
2397,11,3,4903.91,14711.73
2397,4,2,1929.84,3859.68
2398,4,2,1648.54,3297.08
2398,5,1,850.04,850.04
2398,10,3,4648.58,13945.74
2398,12,2,6847.39,13694.78
2399,1,1,55693.03,55693.03
2399,9,2,1897.98,3795.96
2400,2,2,27138.72,54277.44
2400,8,1,890.25,890.25
2401,1,3,51747.16,155241.48
2401,15,3,269.29,807.87
2401,11,3,4819.14,14457.42
2402,3,1,2439.77,2439.77
2402,10,2,4133.69,8267.38
2402,15,2,269.95,539.9
2403,6,2,2015.17,4030.34
2403,15,2,249.03,498.06
2403,14,3,633.67,1901.01
2403,4,2,1662.29,3324.58
2404,12,3,6464.17,19392.51
2404,5,2,966.68,1933.36
2405,14,2,713.43,1426.86
2405,5,3,917.91,2753.73
2406,3,3,2549.62,7648.86
2407,7,2,2717.52,5435.04
2407,2,2,25199.05,50398.1
2407,10,2,4678.3,9356.6
2408,6,1,2273.03,2273.03
2408,5,2,935.8,1871.6
2409,6,3,2380.4,7141.2
2409,9,2,1803.15,3606.3
2409,2,1,25192.42,25192.42
2409,13,3,4048.94,12146.82
2410,15,3,257.13,771.39
2410,10,3,4594.48,13783.44
2411,11,2,5420.19,10840.38
2411,3,2,2524.9,5049.8
2412,7,1,2919.21,2919.21
2412,1,3,60399.7,181199.1
2413,11,2,4532.45,9064.9
2413,14,3,728.44,2185.32
2414,13,2,3919.82,7839.64
2414,9,2,1726.01,3452.02
2414,4,3,1666.34,4999.02
2414,14,3,692.56,2077.68
2415,1,3,53747.08,161241.24
2415,15,2,254.81,509.62
2415,10,3,4644.63,13933.89
2415,4,2,1975.91,3951.82
2416,6,3,2133.33,6399.99
2416,5,3,968.84,2906.52
2417,8,2,891.95,1783.9
2417,5,3,917.8,2753.4
2418,3,2,2338.04,4676.08
2419,4,2,1814.86,3629.72
2419,11,1,4968.77,4968.77
2419,6,2,2322.25,4644.5
2420,9,3,1807.56,5422.68
2420,8,2,962.5,1925.0
2420,3,2,2282.65,4565.3
2421,6,1,2247.3,2247.3
2421,13,3,3867.61,11602.83
2422,3,1,2717.75,2717.75
2423,12,3,6667.49,20002.47
2423,11,3,4948.19,14844.57
2423,13,2,4141.46,8282.92
2423,15,1,226.38,226.38
2424,6,2,2093.54,4187.08
2424,2,2,25549.07,51098.14
2424,5,3,895.89,2687.67
2425,10,2,4408.55,8817.1
2425,15,3,226.96,680.88
2425,8,2,824.84,1649.68
2425,3,3,2489.87,7469.61
2426,5,2,972.05,1944.1
2426,11,1,5293.99,5293.99
2427,2,1,26285.66,26285.66
2427,11,3,4922.17,14766.51
2427,14,3,650.74,1952.22
2427,13,3,4011.14,12033.42
2428,12,1,6537.49,6537.49
2429,8,2,838.97,1677.94
2430,10,1,4171.38,4171.38
2430,2,1,22852.42,22852.42
2430,11,3,4752.55,14257.65
2431,14,3,718.04,2154.12
2431,6,3,2079.49,6238.47
2431,5,1,857.07,857.07
2431,10,1,4062.71,4062.71
2432,15,3,267.32,801.96
2433,6,1,2028.31,2028.31
2433,14,3,646.15,1938.45
2433,9,2,1961.11,3922.22
2434,6,1,2288.77,2288.77
2435,4,3,1627.91,4883.73
2435,13,1,4145.61,4145.61
2435,14,1,727.44,727.44
2436,3,2,2699.02,5398.04
2437,7,1,3052.54,3052.54
2437,14,2,679.97,1359.94
2437,11,2,5288.78,10577.56
2437,10,3,4866.76,14600.28
2438,2,2,27044.85,54089.7
2439,2,1,23264.27,23264.27
2439,11,2,5296.08,10592.16
2440,6,2,2228.73,4457.46
2440,11,3,4768.72,14306.16
2441,8,3,940.28,2820.84
2441,14,2,764.78,1529.56
2441,5,1,942.02,942.02
2441,4,1,1668.47,1668.47
2442,7,3,3112.81,9338.43
2443,14,1,762.67,762.67
2443,6,3,2296.73,6890.19
2444,15,3,245.74,737.22
2444,1,3,54004.73,162014.19
2444,13,3,3906.17,11718.51
2444,5,2,863.82,1727.64
2445,1,2,55993.45,111986.9
2445,11,1,5384.96,5384.96
2446,2,1,26428.4,26428.4
2446,6,2,2170.97,4341.94
2446,10,1,4063.16,4063.16
2446,3,1,2296.06,2296.06
2447,12,3,6360.52,19081.56
2447,8,2,902.59,1805.18
2448,3,1,2700.37,2700.37
2448,9,2,1677.44,3354.88
2449,1,2,50350.55,100701.1
2449,2,2,27059.76,54119.52
2449,14,2,761.98,1523.96
2449,7,1,3058.54,3058.54
2450,1,1,52117.37,52117.37
2450,9,1,1781.67,1781.67
2451,12,2,5939.76,11879.52
2452,3,1,2533.66,2533.66
2453,10,3,4605.74,13817.22
2454,6,1,2131.95,2131.95
2455,10,3,4695.64,14086.92
2456,6,1,2152.81,2152.81
2457,12,2,5896.16,11792.32
2458,8,1,839.28,839.28
2458,9,1,1742.57,1742.57
2458,2,1,25622.95,25622.95
2458,7,2,3233.33,6466.66
2459,6,1,2004.26,2004.26
2460,11,3,5090.04,15270.12
2460,7,3,3049.88,9149.64
2460,5,1,854.83,854.83
2460,8,2,954.54,1909.08
2461,3,2,2386.73,4773.46
2461,14,3,738.89,2216.67
2462,7,1,2873.7,2873.7
2462,11,2,5135.33,10270.66
2462,10,2,4858.18,9716.36
2463,10,3,4885.09,14655.27
2464,12,2,6674.43,13348.86
2464,14,3,643.06,1929.18
2464,6,2,2098.9,4197.8
2465,9,2,1868.86,3737.72
2465,5,2,938.42,1876.84
2465,14,3,724.51,2173.53
2466,15,1,226.99,226.99
2466,14,2,683.44,1366.88
2466,2,3,26682.51,80047.53
2466,7,1,3089.32,3089.32
2467,6,2,2396.7,4793.4
2467,12,1,5920.09,5920.09
2467,9,1,1658.6,1658.6
2468,5,3,963.84,2891.52
2468,7,3,3293.76,9881.28
2468,12,2,7127.51,14255.02
2469,14,2,665.01,1330.02
2469,1,1,55083.09,55083.09
2470,14,2,735.78,1471.56
2470,12,3,6367.2,19101.6
2470,15,3,257.51,772.53
2470,8,2,906.01,1812.02
2471,6,1,2066.12,2066.12
2471,8,3,959.88,2879.64
2471,7,2,2728.45,5456.9
2472,7,3,3018.13,9054.39
2473,6,1,2376.31,2376.31
2473,12,2,6523.64,13047.28
2473,10,2,4728.25,9456.5
2473,15,1,257.42,257.42
2474,4,3,1941.04,5823.12
2474,6,3,2257.59,6772.77
2474,11,3,4740.53,14221.59
2475,14,1,646.18,646.18
2475,5,3,889.56,2668.68
2475,3,2,2488.62,4977.24
2476,14,2,670.62,1341.24
2477,6,2,2216.6,4433.2
2477,10,3,4892.25,14676.75
2478,7,3,2855.92,8567.76
2478,11,1,5487.76,5487.76
2478,6,2,2086.71,4173.42
2478,2,1,24632.82,24632.82
2479,15,1,233.78,233.78
2479,13,3,4149.9,12449.7
2479,4,3,1672.05,5016.15
2480,9,1,1814.05,1814.05
2481,5,2,909.73,1819.46
2481,7,3,2949.68,8849.04
2482,10,3,4441.04,13323.12
2482,1,2,59695.8,119391.6
2482,7,1,3087.87,3087.87
2482,2,3,25445.2,76335.6
2483,3,3,2556.28,7668.84
2484,8,1,915.66,915.66
2484,6,1,2055.7,2055.7
2484,13,2,3904.65,7809.3
2485,7,1,3200.66,3200.66
2485,4,1,1848.08,1848.08
2485,13,3,4526.94,13580.82
2485,15,2,241.65,483.3
2486,4,1,1715.48,1715.48
2487,1,1,59979.35,59979.35
2488,4,2,1678.13,3356.26
2488,15,2,257.17,514.34
2489,11,2,5218.59,10437.18
2489,10,1,4679.05,4679.05
2489,15,2,263.14,526.28
2490,3,2,2287.4,4574.8
2490,11,2,4633.38,9266.76
2490,9,3,1931.09,5793.27
2490,15,2,245.19,490.38
2491,6,1,2267.02,2267.02
2491,7,1,3022.63,3022.63
2491,5,3,893.58,2680.74
2491,10,3,4119.06,12357.18
2492,7,2,3001.39,6002.78
2492,1,3,57110.31,171330.93
2493,7,1,3173.28,3173.28
2493,10,2,4807.36,9614.72
2493,12,2,6498.37,12996.74
2493,8,1,932.08,932.08
2494,13,3,4488.56,13465.68
2494,2,1,24283.71,24283.71
2495,8,1,928.27,928.27
2495,12,3,6011.77,18035.31
2496,4,3,1956.48,5869.44
2497,8,2,941.55,1883.1
2497,7,1,3097.92,3097.92
2497,9,1,1898.59,1898.59
2498,4,3,1630.28,4890.84
2498,15,1,249.16,249.16
2498,7,3,2964.26,8892.78
2498,8,2,853.98,1707.96
2499,4,1,1736.5,1736.5
2499,5,2,890.67,1781.34
2499,3,1,2544.69,2544.69
2500,1,1,54233.79,54233.79
2500,10,2,4460.46,8920.92
2500,2,1,26123.16,26123.16
2500,8,1,969.19,969.19
2501,1,3,50837.93,152513.79
2501,7,1,3250.22,3250.22
2501,12,3,6781.99,20345.97
2502,7,2,2945.46,5890.92
2502,11,3,4776.77,14330.31
2503,12,1,6998.19,6998.19
2503,6,1,2376.53,2376.53
2503,7,1,2859.41,2859.41
2504,2,2,22564.75,45129.5
2504,12,1,6563.23,6563.23
2504,5,2,939.97,1879.94
2504,10,1,4171.12,4171.12
2505,13,1,4199.0,4199.0
2505,5,2,933.28,1866.56
2506,14,1,764.83,764.83
2506,8,2,871.68,1743.36
2506,12,3,6964.33,20892.99
2506,6,2,1985.71,3971.42
2507,3,3,2646.03,7938.09
2508,12,3,6795.3,20385.9
2508,5,1,892.62,892.62
2508,4,2,1748.77,3497.54
2509,7,2,2934.75,5869.5
2509,1,2,59583.7,119167.4
2509,9,3,1698.26,5094.78
2510,3,3,2491.11,7473.33
2510,11,1,5254.9,5254.9
2510,8,2,935.95,1871.9
2510,5,3,874.19,2622.57
2511,15,3,263.51,790.53
2512,7,3,3057.08,9171.24
2513,13,1,4581.92,4581.92
2513,4,2,1835.03,3670.06
2514,10,2,4556.38,9112.76
2515,2,3,23170.48,69511.44
2515,1,1,58647.45,58647.45
2516,6,2,2239.27,4478.54
2516,15,2,244.53,489.06
2517,14,3,693.72,2081.16
2517,10,3,4811.7,14435.1
2518,15,2,269.04,538.08
2518,7,3,2838.28,8514.84
2518,1,3,59372.61,178117.83
2519,10,3,4366.27,13098.81
2519,3,2,2343.64,4687.28
2519,12,3,6675.19,20025.57
2519,14,3,669.78,2009.34
2520,5,2,931.63,1863.26
2520,3,3,2537.75,7613.25
2520,9,1,1761.77,1761.77
2520,4,3,1762.0,5286.0
2521,12,3,6634.5,19903.5
2522,2,3,27002.63,81007.89
2522,13,2,4496.92,8993.84
2522,12,3,7030.82,21092.46
2523,5,3,941.7,2825.1
2523,4,2,1786.46,3572.92
2524,8,1,868.81,868.81
2524,1,3,55448.62,166345.86
2525,11,3,4510.43,13531.29
2525,7,1,3253.77,3253.77
2525,4,3,1837.21,5511.63
2525,3,3,2412.36,7237.08
2526,15,1,260.44,260.44
2526,9,1,1657.92,1657.92
2526,11,2,5278.82,10557.64
2526,6,1,2185.57,2185.57
2527,13,1,4082.36,4082.36
2527,11,2,5442.95,10885.9
2527,3,2,2573.96,5147.92
2527,6,2,2010.19,4020.38
2528,12,2,6560.0,13120.0
2528,6,2,2253.98,4507.96
2528,7,3,2738.96,8216.88
2528,5,1,973.22,973.22
2529,1,3,59921.61,179764.83
2529,2,2,27456.32,54912.64
2529,13,2,4307.13,8614.26
2530,13,1,4261.66,4261.66
2530,1,1,58869.4,58869.4
2530,11,3,5007.27,15021.81
2530,8,3,964.5,2893.5
2531,12,2,5925.27,11850.54
2532,7,3,2994.48,8983.44
2533,3,1,2412.17,2412.17
2533,9,3,1675.54,5026.62
2533,2,2,26939.72,53879.44
2534,15,3,234.85,704.55
2534,8,1,921.8,921.8
2534,3,1,2547.3,2547.3
2535,9,3,1783.23,5349.69
2535,13,1,3865.38,3865.38
2535,12,3,6765.95,20297.85
2536,9,1,1828.21,1828.21
2537,3,2,2435.62,4871.24
2537,2,2,23488.15,46976.3
2537,1,1,49927.49,49927.49
2538,12,2,6380.29,12760.58
2538,4,2,1753.09,3506.18
2538,2,2,27275.85,54551.7
2538,9,3,1955.15,5865.45
2539,3,3,2259.69,6779.07
2540,5,1,838.84,838.84
2540,7,3,2706.08,8118.24
2540,3,1,2389.05,2389.05
2540,1,2,52482.24,104964.48
2541,2,3,25086.83,75260.49
2541,12,2,6199.22,12398.44
2541,7,3,2776.35,8329.05
2542,9,2,1683.09,3366.18
2542,14,2,694.86,1389.72
2542,10,2,4514.05,9028.1
2542,4,2,1874.95,3749.9
2543,2,1,23308.42,23308.42
2544,11,3,4513.75,13541.25
2545,7,3,3090.81,9272.43
2546,7,1,3189.54,3189.54
2546,4,3,1705.04,5115.12
2546,1,2,51236.66,102473.32
2547,13,1,3965.12,3965.12
2548,4,1,1659.94,1659.94
2548,8,3,920.23,2760.69
2548,15,2,248.2,496.4
2549,2,3,25981.14,77943.42
2549,8,3,965.98,2897.94
2549,1,1,60034.74,60034.74
2549,7,2,3138.9,6277.8
2550,7,2,2890.32,5780.64
2550,3,2,2434.64,4869.28
2551,11,1,4609.36,4609.36
2552,9,1,1729.04,1729.04
2552,6,1,2023.77,2023.77
2553,7,3,3203.25,9609.75
2553,13,3,4521.25,13563.75
2553,8,1,882.27,882.27
2554,10,1,4743.86,4743.86
2554,11,2,5349.94,10699.88
2555,11,2,4848.63,9697.26
2556,10,2,4702.16,9404.32
2556,4,3,1979.95,5939.85
2556,11,2,4793.65,9587.3
2556,8,2,833.76,1667.52
2557,13,3,4020.17,12060.51
2557,5,1,948.98,948.98
2557,14,1,652.6,652.6
2557,4,1,1771.81,1771.81
2558,8,1,825.7,825.7
2559,13,1,4383.83,4383.83
2560,8,3,939.0,2817.0
2560,14,3,709.51,2128.53
2560,2,2,26344.96,52689.92
2560,5,1,964.26,964.26
2561,11,2,5331.18,10662.36
2562,10,3,4493.84,13481.52
2563,14,1,693.07,693.07
2563,11,3,4839.23,14517.69
2563,9,1,1755.31,1755.31
2564,1,3,55503.82,166511.46
2564,14,1,739.51,739.51
2565,7,3,2825.14,8475.42
2565,8,2,968.12,1936.24
2565,10,2,4482.98,8965.96
2565,11,1,5014.59,5014.59
2566,7,3,3116.21,9348.63
2566,2,3,24960.67,74882.01
2566,15,1,246.39,246.39
2566,8,1,873.66,873.66
2567,5,1,966.3,966.3
2567,10,1,4274.69,4274.69
2567,2,1,22654.33,22654.33
2567,6,3,2384.52,7153.56
2568,1,2,55702.1,111404.2
2568,7,3,2914.13,8742.39
2568,3,2,2475.83,4951.66
2568,6,3,2301.38,6904.14
2569,13,3,3782.17,11346.51
2569,2,3,24611.57,73834.71
2569,1,2,59479.15,118958.3
2570,8,3,853.9,2561.7
2570,12,3,6299.83,18899.49
2570,9,2,1730.8,3461.6
2570,3,2,2684.94,5369.88
2571,5,3,958.6,2875.8
2571,7,3,3060.38,9181.14
2571,3,2,2574.08,5148.16
2572,12,3,6983.82,20951.46
2573,4,2,1624.14,3248.28
2573,2,3,24215.55,72646.65
2573,3,3,2283.25,6849.75
2574,9,2,1756.9,3513.8
2575,12,1,6974.1,6974.1
2575,15,2,246.37,492.74
2575,6,3,2352.08,7056.24
2576,7,3,3172.04,9516.12
2576,15,1,274.23,274.23
2577,6,3,2237.87,6713.61
2577,14,2,705.86,1411.72
2577,15,1,265.23,265.23
2578,3,2,2540.59,5081.18
2578,11,3,4620.32,13860.96
2578,2,1,25083.23,25083.23
2578,7,2,3195.52,6391.04
2579,4,3,1681.11,5043.33
2579,2,1,26168.73,26168.73
2580,8,1,906.26,906.26
2581,9,3,1731.46,5194.38
2581,11,3,4791.86,14375.58
2582,10,1,4730.47,4730.47
2582,3,2,2250.06,4500.12
2582,5,2,957.2,1914.4
2583,8,2,811.86,1623.72
2583,5,3,817.92,2453.76
2583,14,2,749.16,1498.32
2583,15,1,250.73,250.73
2584,15,1,233.86,233.86
2584,8,3,944.21,2832.63
2585,15,1,257.81,257.81
2585,5,1,853.08,853.08
2585,7,1,3296.1,3296.1
2585,9,3,1893.64,5680.92
2586,9,1,1957.75,1957.75
2586,14,2,738.0,1476.0
2586,11,3,4534.54,13603.62
2587,3,3,2322.24,6966.72
2587,4,2,1716.09,3432.18
2588,12,1,5987.33,5987.33
2589,6,3,2229.4,6688.2
2589,4,2,1921.59,3843.18
2589,5,3,987.7,2963.1
2589,7,1,2977.94,2977.94
2590,5,3,846.15,2538.45
2591,9,3,1977.5,5932.5
2592,5,3,968.42,2905.26
2592,1,1,58702.11,58702.11
2592,13,3,4448.1,13344.3
2592,15,2,233.08,466.16
2593,10,2,4818.46,9636.92
2593,14,2,694.79,1389.58
2593,4,2,1678.34,3356.68
2593,12,1,7075.87,7075.87
2594,9,2,1889.64,3779.28
2595,6,2,2383.69,4767.38
2596,2,3,24340.51,73021.53
2596,11,3,4831.17,14493.51
2597,15,2,257.67,515.34
2597,11,2,4985.61,9971.22
2597,1,3,57928.21,173784.63
2598,14,2,644.9,1289.8
2599,2,3,25248.04,75744.12
2599,5,1,850.12,850.12
2600,3,1,2560.58,2560.58
2600,4,1,1955.25,1955.25
2601,3,3,2554.17,7662.51
2601,10,3,4599.58,13798.74
2601,13,2,3939.71,7879.42
2602,12,1,6025.84,6025.84
2603,3,3,2519.35,7558.05
2603,7,3,2777.09,8331.27
2603,10,2,4932.98,9865.96
2604,10,1,4329.96,4329.96
2604,1,2,50023.3,100046.6
2604,11,1,4908.0,4908.0
2605,15,3,231.3,693.9
2605,8,1,842.19,842.19
2606,13,1,4254.49,4254.49
2607,8,3,822.29,2466.87
2607,1,3,50187.16,150561.48
2607,11,2,5131.5,10263.0
2608,3,3,2308.08,6924.24
2608,13,3,4421.38,13264.14
2609,7,3,3102.97,9308.91
2610,10,2,4864.38,9728.76
2610,9,1,1674.97,1674.97
2611,12,3,6812.46,20437.38
2611,4,2,1832.33,3664.66
2611,15,1,230.52,230.52
2612,5,3,961.33,2883.99
2612,6,3,2247.39,6742.17
2613,13,1,4015.14,4015.14
2613,12,3,6972.65,20917.95
2614,13,1,4489.24,4489.24
2614,10,3,4302.64,12907.92
2614,1,1,51119.85,51119.85
2615,6,2,2357.28,4714.56
2616,12,2,6636.54,13273.08
2616,5,2,885.68,1771.36
2617,3,2,2418.68,4837.36
2617,11,1,5259.05,5259.05
2618,3,2,2570.69,5141.38
2618,9,2,1657.03,3314.06
2618,15,1,261.13,261.13
2619,3,1,2569.01,2569.01
2619,14,3,749.37,2248.11
2619,6,2,2130.99,4261.98
2619,10,2,4549.09,9098.18
2620,14,2,691.05,1382.1
2620,7,3,3149.82,9449.46
2620,4,3,1798.07,5394.21
2621,2,1,23439.45,23439.45
2621,11,2,4761.5,9523.0
2621,4,3,1719.46,5158.38
2622,5,1,880.05,880.05
2622,10,1,4308.52,4308.52
2622,15,1,249.35,249.35
2623,11,1,5069.44,5069.44
2624,10,2,4334.11,8668.22
2624,14,2,663.09,1326.18
2624,9,1,1642.23,1642.23
2624,7,2,2819.6,5639.2
2625,9,2,1959.11,3918.22
2625,8,2,974.47,1948.94
2625,12,2,7041.88,14083.76
2626,6,2,2160.57,4321.14
2626,15,1,231.12,231.12
2626,2,3,26411.05,79233.15
2626,13,3,4486.55,13459.65
2627,1,3,54564.16,163692.48
2628,2,3,24741.01,74223.03
2629,10,2,4069.37,8138.74
2629,2,3,23166.35,69499.05
2630,9,2,1961.28,3922.56
2630,5,2,873.4,1746.8
2630,7,1,2739.26,2739.26
2630,14,1,654.89,654.89
2631,3,3,2259.34,6778.02
2631,15,1,226.09,226.09
2631,9,2,1969.04,3938.08
2631,1,2,59631.08,119262.16
2632,6,2,2373.26,4746.52
2633,12,3,6867.67,20603.01
2633,2,3,25010.0,75030.0
2633,8,2,909.21,1818.42
2633,4,2,1909.46,3818.92
2634,2,3,23265.35,69796.05
2634,9,1,1939.47,1939.47
2634,1,2,59465.5,118931.0
2634,5,2,907.52,1815.04
2635,12,3,6658.61,19975.83
2635,13,1,4247.5,4247.5
2636,6,3,2289.35,6868.05
2636,3,2,2521.25,5042.5
2636,12,1,6472.51,6472.51
2637,9,2,1849.5,3699.0
2638,9,3,1767.39,5302.17
2639,2,2,24267.02,48534.04
2640,3,3,2456.66,7369.98
2640,8,2,850.67,1701.34
2640,12,1,6660.53,6660.53
2640,1,3,50821.81,152465.43
2641,15,1,270.12,270.12
2641,12,1,6723.4,6723.4
2641,4,3,1954.17,5862.51
2641,10,2,4343.95,8687.9
2642,13,2,4397.92,8795.84
2643,2,2,26066.2,52132.4
2643,10,1,4406.21,4406.21
2643,4,2,1899.94,3799.88
2643,6,3,2403.51,7210.53
2644,15,2,271.39,542.78
2644,1,3,58728.21,176184.63
2645,10,2,4747.02,9494.04
2645,2,1,24517.44,24517.44
2645,12,1,6571.87,6571.87
2645,9,2,1697.14,3394.28
2646,15,3,239.09,717.27
2646,1,1,53154.51,53154.51
2647,10,2,4644.69,9289.38
2647,3,2,2716.7,5433.4
2647,9,1,1963.98,1963.98
2647,1,1,60382.49,60382.49
2648,10,2,4650.62,9301.24
2648,6,3,2158.62,6475.86
2649,12,1,6089.98,6089.98
2650,15,3,258.33,774.99
2650,12,2,7071.23,14142.46
2650,13,3,3940.97,11822.91
2650,10,2,4314.99,8629.98
2651,14,2,753.81,1507.62
2651,7,2,2704.49,5408.98
2652,13,3,4396.06,13188.18
2653,1,3,50311.41,150934.23
2653,15,3,254.72,764.16
2653,10,3,4050.36,12151.08
2653,3,3,2270.99,6812.97
2654,1,1,53065.91,53065.91
2654,7,1,2954.38,2954.38
2654,6,3,2216.86,6650.58
2654,13,3,4510.19,13530.57
2655,5,3,947.8,2843.4
2656,4,3,1780.9,5342.7
2656,12,3,6446.59,19339.77
2656,9,2,1801.9,3603.8
2657,7,1,2806.11,2806.11
2657,6,1,2419.41,2419.41
2657,13,1,3820.49,3820.49
2658,3,2,2636.14,5272.28
2659,10,1,4069.49,4069.49
2659,5,3,899.78,2699.34
2659,9,3,1947.72,5843.16
2660,4,2,1712.48,3424.96
2661,8,2,927.86,1855.72
2661,2,2,26243.92,52487.84
2661,11,1,5288.15,5288.15
2662,13,2,3795.15,7590.3
2662,2,1,24830.68,24830.68
2663,10,2,4711.07,9422.14
2663,6,2,2113.49,4226.98
2664,11,2,5030.92,10061.84
2664,12,1,6010.38,6010.38
2664,13,2,4140.43,8280.86
2664,15,1,253.23,253.23
2665,5,3,859.36,2578.08
2665,6,3,2249.21,6747.63
2665,10,2,4564.9,9129.8
2665,15,3,237.4,712.2
2666,13,3,4278.67,12836.01
2666,4,1,1816.12,1816.12
2666,14,3,715.08,2145.24
2667,1,2,51494.06,102988.12
2667,8,3,952.07,2856.21
2668,14,1,719.22,719.22
2668,8,2,942.47,1884.94
2668,4,3,1912.54,5737.62
2669,2,2,24258.78,48517.56
2669,7,1,3056.33,3056.33
2669,14,3,761.77,2285.31
2670,8,1,866.67,866.67
2670,14,1,694.43,694.43
2670,2,2,22912.08,45824.16
2670,11,3,5486.87,16460.61
2671,10,1,4696.98,4696.98
2671,11,1,5094.31,5094.31
2671,14,2,711.09,1422.18
2672,6,3,2368.85,7106.55
2673,13,2,4045.9,8091.8
2674,5,1,878.79,878.79
2674,13,2,3941.83,7883.66
2674,11,1,5110.47,5110.47
2675,6,3,2413.54,7240.62
2675,7,1,2965.42,2965.42
2675,2,2,25031.92,50063.84
2676,4,3,1973.33,5919.99
2677,7,2,2897.05,5794.1
2677,5,3,934.6,2803.8
2677,8,2,982.16,1964.32
2677,3,1,2743.24,2743.24
2678,1,2,56726.98,113453.96
2679,8,1,848.35,848.35
2679,9,1,1816.01,1816.01
2680,10,3,4411.44,13234.32
2680,3,1,2633.77,2633.77
2681,11,3,4551.56,13654.68
2681,3,1,2425.2,2425.2
2681,5,1,831.73,831.73
2682,5,1,863.45,863.45
2683,3,3,2648.41,7945.23
2684,9,2,1769.75,3539.5
2684,7,1,3210.38,3210.38
2684,10,1,4773.76,4773.76
2685,9,2,1928.72,3857.44
2685,15,3,232.78,698.34
2685,1,1,53442.07,53442.07
2685,3,3,2717.44,8152.32
2686,10,2,4301.65,8603.3
2686,9,1,1970.77,1970.77
2686,2,2,26106.62,52213.24
2687,12,2,6417.56,12835.12
2688,2,1,23029.03,23029.03
2688,4,3,1914.68,5744.04
2688,1,2,50410.26,100820.52
2689,11,2,4946.93,9893.86
2689,15,1,252.87,252.87
2689,10,1,4223.64,4223.64
2689,7,1,3037.87,3037.87
2690,10,1,4486.69,4486.69
2691,6,3,2132.52,6397.56
2691,7,1,3284.65,3284.65
2691,10,3,4716.25,14148.75
2691,11,2,4922.05,9844.1
2692,12,3,7037.06,21111.18
2692,7,1,3106.73,3106.73
2692,3,2,2339.6,4679.2
2693,7,3,2801.62,8404.86
2693,1,1,53619.0,53619.0
2693,2,2,26532.13,53064.26
2693,15,1,260.22,260.22
2694,2,2,26414.18,52828.36
2694,12,3,6897.8,20693.4
2694,3,1,2487.89,2487.89
2695,14,1,679.59,679.59
2695,6,1,2412.85,2412.85
2695,13,3,4008.8,12026.4
2696,3,3,2414.56,7243.68
2696,15,1,246.76,246.76
2697,3,3,2588.54,7765.62
2697,15,1,235.66,235.66
2697,11,3,5208.49,15625.47
2697,13,2,4303.37,8606.74
2698,1,1,50844.85,50844.85
2698,4,3,1745.09,5235.27
2698,14,3,668.44,2005.32
2699,7,1,2985.6,2985.6
2699,11,3,4534.72,13604.16
2700,10,2,4156.45,8312.9
2700,12,1,6511.09,6511.09
2700,3,2,2539.08,5078.16
2700,13,1,3939.31,3939.31
2701,11,1,5373.86,5373.86
2701,4,2,1821.86,3643.72
2701,7,3,2894.94,8684.82
2702,14,1,761.1,761.1
2702,9,1,1895.56,1895.56
2702,6,1,2313.1,2313.1
2702,13,2,4156.91,8313.82
2703,5,2,988.22,1976.44
2704,9,1,1930.08,1930.08
2704,8,2,937.24,1874.48
2704,6,1,2176.34,2176.34
2704,10,1,4591.84,4591.84
2705,7,1,2967.34,2967.34
2705,8,3,956.18,2868.54
2705,14,2,684.32,1368.64
2705,2,1,23305.32,23305.32
2706,2,2,22726.59,45453.18
2706,1,3,54334.71,163004.13
2706,14,2,638.26,1276.52
2706,11,3,4578.54,13735.62
2707,13,1,4059.61,4059.61
2707,9,1,1816.91,1816.91
2708,3,3,2384.7,7154.1
2708,13,1,4207.62,4207.62
2708,12,3,6990.05,20970.15
2709,2,1,25713.15,25713.15
2709,10,3,4729.52,14188.56
2709,7,2,2798.55,5597.1
2710,15,3,270.17,810.51
2710,3,2,2547.5,5095.0
2710,9,2,1850.82,3701.64
2711,6,1,2226.5,2226.5
2711,3,2,2510.67,5021.34
2711,4,2,1969.06,3938.12
2711,10,2,4085.58,8171.16
2712,2,1,23116.7,23116.7
2712,3,1,2451.21,2451.21
2713,7,1,2769.39,2769.39
2714,6,3,2220.98,6662.94
2714,7,1,2802.88,2802.88
2714,10,3,4735.09,14205.27
2714,14,1,711.42,711.42
2715,14,1,758.76,758.76
2715,12,1,7117.04,7117.04
2715,8,1,892.06,892.06
2715,5,2,844.28,1688.56
2716,1,1,57488.45,57488.45
2717,7,3,3070.52,9211.56
2717,2,2,22647.23,45294.46
2717,11,1,5119.71,5119.71
2717,14,3,729.35,2188.05
2718,12,3,6129.44,18388.32
2718,10,1,4742.56,4742.56
2718,15,1,225.04,225.04
2719,15,1,231.65,231.65
2719,10,1,4632.88,4632.88
2719,7,2,3141.1,6282.2
2720,10,3,4811.09,14433.27
2720,6,2,2350.06,4700.12
2721,8,2,843.1,1686.2
2722,9,3,1898.4,5695.2
2723,12,3,7037.16,21111.48
2723,11,2,5236.38,10472.76
2723,4,2,1645.46,3290.92
2723,5,2,856.73,1713.46
2724,1,3,56569.69,169709.07
2724,13,3,3987.75,11963.25
2725,3,2,2616.49,5232.98
2725,5,2,847.92,1695.84
2726,8,2,961.59,1923.18
2727,15,2,230.85,461.7
2727,7,2,2982.52,5965.04
2727,8,1,969.06,969.06
2727,2,2,24523.52,49047.04
2728,8,3,941.91,2825.73
2728,4,2,1655.4,3310.8
2729,8,2,861.56,1723.12
2729,14,2,741.23,1482.46
2729,12,3,6329.58,18988.74
2730,1,2,58978.6,117957.2
2730,13,1,4112.24,4112.24
2730,9,2,1632.4,3264.8
2731,1,3,56782.53,170347.59
2732,15,2,266.75,533.5
2732,4,3,1628.64,4885.92
2732,12,1,6401.04,6401.04
2733,5,3,970.47,2911.41
2733,13,2,4075.5,8151.0
2734,13,1,4411.8,4411.8
2735,4,2,1689.36,3378.72
2735,1,2,54404.9,108809.8
2735,5,2,888.11,1776.22
2736,13,2,4032.35,8064.7
2736,12,2,7092.53,14185.06
2736,9,1,1808.22,1808.22
2737,14,2,759.34,1518.68
2737,12,1,6969.01,6969.01
2737,9,3,1918.61,5755.83
2737,3,2,2535.5,5071.0
2738,7,2,2833.01,5666.02
2739,8,2,897.18,1794.36
2739,13,1,4364.59,4364.59
2739,11,3,5474.42,16423.26
2740,14,2,661.21,1322.42
2741,3,3,2655.17,7965.51
2742,9,2,1943.55,3887.1
2742,6,1,2192.73,2192.73
2743,4,1,1942.46,1942.46
2744,14,3,736.41,2209.23
2745,3,1,2717.29,2717.29
2745,14,1,662.36,662.36
2745,13,3,4043.14,12129.42
2745,5,1,954.98,954.98
2746,11,3,4829.85,14489.55
2746,7,3,2889.09,8667.27
2746,15,3,242.18,726.54
2747,8,1,965.74,965.74
2747,15,2,268.87,537.74
2747,5,2,893.04,1786.08
2748,13,2,3997.41,7994.82
2749,14,1,702.65,702.65
2749,3,1,2275.06,2275.06
2750,2,1,27079.03,27079.03
2750,5,2,827.59,1655.18
2751,15,2,253.4,506.8
2751,5,1,978.83,978.83
2751,3,1,2729.08,2729.08
2751,7,1,3107.27,3107.27
2752,12,2,6993.14,13986.28
2752,5,2,913.0,1826.0
2753,11,1,4893.08,4893.08
2753,2,2,22748.09,45496.18
2754,14,3,657.64,1972.92
2754,13,3,4078.33,12234.99
2755,5,3,849.03,2547.09
2755,11,3,5492.86,16478.58
2755,6,2,2327.16,4654.32
2755,3,2,2645.98,5291.96
2756,10,2,4674.63,9349.26
2757,2,3,24314.68,72944.04
2757,3,2,2567.56,5135.12
2757,14,3,655.62,1966.86
2758,14,1,758.02,758.02
2758,2,3,25805.63,77416.89
2758,15,1,264.75,264.75
2759,3,3,2592.67,7778.01
2759,5,1,938.28,938.28
2759,14,1,671.47,671.47
2760,15,2,236.07,472.14
2761,10,3,4617.91,13853.73
2761,2,1,23959.97,23959.97
2761,7,3,3278.67,9836.01
2761,1,2,58257.05,116514.1
2762,10,3,4363.68,13091.04
2762,12,2,6126.36,12252.72
2763,14,2,632.55,1265.1
2764,14,1,638.09,638.09
2765,3,2,2639.04,5278.08
2765,8,3,888.23,2664.69
2765,7,1,2793.03,2793.03
2766,3,2,2369.83,4739.66
2766,11,3,5173.57,15520.71
2767,1,1,60170.4,60170.4
2768,5,1,933.41,933.41
2768,12,1,6498.44,6498.44
2769,8,3,974.25,2922.75
2769,15,3,253.65,760.95
2769,6,1,2148.17,2148.17
2769,11,2,5292.71,10585.42
2770,12,2,5894.55,11789.1
2770,5,2,972.86,1945.72
2770,2,2,24963.52,49927.04
2770,3,2,2713.06,5426.12
2771,15,2,267.9,535.8
2771,7,1,3088.11,3088.11
2772,11,2,4579.08,9158.16
2772,7,1,3213.2,3213.2
2772,10,3,4422.89,13268.67
2772,3,1,2525.05,2525.05
2773,12,1,5990.82,5990.82
2773,10,2,4150.91,8301.82
2774,8,3,902.77,2708.31
2774,2,3,27339.73,82019.19
2774,15,3,235.5,706.5
2774,7,1,3112.59,3112.59
2775,7,1,3045.04,3045.04
2775,8,2,979.66,1959.32
2776,4,1,1904.62,1904.62
2776,5,3,813.52,2440.56
2777,2,1,26050.09,26050.09
2777,3,1,2729.31,2729.31
2777,10,2,4429.9,8859.8
2777,12,2,6384.07,12768.14
2778,15,2,236.25,472.5
2778,7,2,3084.56,6169.12
2778,2,3,23519.87,70559.61
2779,2,3,23939.65,71818.95
2779,4,2,1716.3,3432.6
2779,15,1,255.39,255.39
2780,15,2,250.59,501.18
2780,10,1,4119.79,4119.79
2780,1,3,55702.67,167108.01
2780,13,3,4034.24,12102.72
2781,3,3,2437.27,7311.81
2781,1,2,59344.18,118688.36
2781,9,2,1960.88,3921.76
2781,5,2,849.1,1698.2
2782,1,3,57066.5,171199.5
2782,4,1,1978.0,1978.0
2782,14,3,659.38,1978.14
2782,3,3,2420.59,7261.77
2783,7,2,3296.11,6592.22
2783,9,2,1819.98,3639.96
2783,15,1,253.43,253.43
2783,6,3,1986.68,5960.04
2784,4,1,1679.7,1679.7
2784,14,3,732.82,2198.46
2785,3,3,2695.32,8085.96
2785,10,2,4764.21,9528.42
2786,2,1,26877.39,26877.39
2787,8,2,830.41,1660.82
2788,6,2,2234.89,4469.78
2789,3,3,2564.49,7693.47
2789,14,3,756.3,2268.9
2789,8,2,897.2,1794.4
2789,1,2,57537.65,115075.3
2790,1,3,54204.85,162614.55
2790,14,1,765.26,765.26
2790,10,1,4522.47,4522.47
2791,6,1,2295.95,2295.95
2791,10,3,4404.95,13214.85
2792,8,2,858.47,1716.94
2793,5,2,862.39,1724.78
2793,8,2,910.66,1821.32
2793,12,3,7124.64,21373.92
2794,6,3,2108.53,6325.59
2794,4,1,1832.35,1832.35
2794,1,3,60350.05,181050.15
2795,4,1,1914.98,1914.98
2795,3,1,2393.55,2393.55
2796,10,3,4844.76,14534.28
2797,4,1,1846.0,1846.0
2797,6,2,2034.32,4068.64
2798,12,2,7131.02,14262.04
2799,12,3,6393.22,19179.66
2799,1,1,54684.13,54684.13
2800,11,1,5327.33,5327.33
2800,10,2,4452.35,8904.7
2800,5,1,948.06,948.06
2800,4,1,1624.87,1624.87
2801,1,2,56398.36,112796.72
2801,3,2,2600.38,5200.76
2801,6,2,2044.23,4088.46
2801,2,3,25954.65,77863.95
2802,8,3,826.76,2480.28
2803,12,2,5953.87,11907.74
2803,1,1,55863.64,55863.64
2803,2,2,26605.72,53211.44
2803,10,1,4916.0,4916.0
2804,8,3,861.87,2585.61
2804,15,2,248.91,497.82
2804,14,1,707.24,707.24
2805,2,1,22928.71,22928.71
2805,3,3,2603.48,7810.44
2806,3,1,2283.59,2283.59
2806,4,1,1946.33,1946.33
2806,9,2,1832.89,3665.78
2807,8,1,983.12,983.12
2808,2,2,26375.53,52751.06
2808,5,2,916.66,1833.32
2808,3,3,2647.88,7943.64
2808,10,3,4904.37,14713.11
2809,10,3,4241.67,12725.01
2810,9,3,1715.49,5146.47
2810,2,1,26300.74,26300.74
2810,8,3,897.49,2692.47
2811,11,3,4823.24,14469.72
2812,13,2,4405.77,8811.54
2812,12,1,6557.18,6557.18
2813,7,2,3139.86,6279.72
2813,9,1,1904.99,1904.99
2814,11,2,5294.46,10588.92
2814,14,1,681.61,681.61
2814,13,3,3898.67,11696.01
2815,7,2,3122.5,6245.0
2816,7,3,3273.59,9820.77
2817,11,3,5270.3,15810.9
2817,5,2,950.72,1901.44
2817,2,1,25515.96,25515.96
2817,1,1,57243.9,57243.9
2818,5,2,884.15,1768.3
2818,15,1,258.96,258.96
2819,4,2,1922.15,3844.3
2819,12,1,6271.69,6271.69
2820,14,3,650.54,1951.62
2820,6,2,2045.53,4091.06
2821,13,3,4024.69,12074.07
2821,1,3,56080.95,168242.85
2822,8,2,896.06,1792.12
2822,13,2,4080.02,8160.04
2822,15,2,235.59,471.18
2822,1,2,57332.82,114665.64
2823,4,2,1624.62,3249.24
2823,15,1,240.03,240.03
2823,8,1,812.49,812.49
2824,5,2,927.0,1854.0
2825,5,1,834.93,834.93
2825,2,3,24399.48,73198.44
2825,1,1,54026.62,54026.62
2825,6,2,2222.9,4445.8
2826,14,3,691.2,2073.6
2827,9,2,1879.54,3759.08
2828,9,2,1942.33,3884.66
2828,2,3,24909.06,74727.18
2828,8,2,938.36,1876.72
2829,3,1,2380.94,2380.94
2829,9,3,1915.78,5747.34
2830,15,3,261.39,784.17
2830,5,1,833.85,833.85
2830,1,2,54054.49,108108.98
2831,3,1,2677.98,2677.98
2832,12,1,6984.43,6984.43
2832,9,1,1727.97,1727.97
2833,15,2,256.53,513.06
2833,5,1,972.08,972.08
2833,10,2,4137.48,8274.96
2834,13,1,4308.55,4308.55
2834,12,2,6482.44,12964.88
2834,1,3,51034.74,153104.22
2834,3,1,2624.46,2624.46
2835,6,1,2042.84,2042.84
2835,13,1,4439.4,4439.4
2835,1,1,58819.31,58819.31
2836,8,1,958.42,958.42
2836,1,2,57674.65,115349.3
2836,12,1,6650.0,6650.0
2837,2,3,25773.29,77319.87
2837,6,1,2248.03,2248.03
2838,5,2,975.91,1951.82
2838,2,3,24565.72,73697.16
2838,15,3,247.72,743.16
2839,7,1,2707.55,2707.55
2839,9,1,1709.39,1709.39
2840,7,3,2955.63,8866.89
2841,6,2,2103.05,4206.1
2842,2,1,22898.44,22898.44
2842,3,2,2394.83,4789.66
2843,15,1,233.11,233.11
2843,5,1,956.24,956.24
2843,4,2,1697.91,3395.82
2844,8,3,848.45,2545.35
2845,6,1,2017.59,2017.59
2845,3,2,2486.69,4973.38
2845,1,1,58782.93,58782.93
2845,13,2,3900.86,7801.72
2846,14,1,665.2,665.2
2846,11,3,4797.72,14393.16
2846,8,3,889.36,2668.08
2846,12,1,5902.33,5902.33
2847,3,2,2307.94,4615.88
2848,14,2,633.52,1267.04
2849,13,2,3801.86,7603.72
2849,3,3,2270.9,6812.7
2850,5,3,874.01,2622.03
2850,10,2,4262.92,8525.84
2851,8,1,891.79,891.79
2851,11,3,5332.68,15998.04
2851,2,1,26804.29,26804.29
2851,3,3,2585.23,7755.69
2852,1,1,51198.76,51198.76
2852,14,1,722.11,722.11
2852,3,2,2385.96,4771.92
2852,12,2,6671.27,13342.54
2853,14,1,672.85,672.85
2853,2,2,25471.19,50942.38
2854,1,3,52107.71,156323.13
2854,6,1,2046.62,2046.62
2855,13,2,4369.19,8738.38
2855,6,3,2151.43,6454.29
2855,9,2,1930.14,3860.28
2855,10,1,4655.72,4655.72
2856,5,3,883.15,2649.45
2856,14,3,654.19,1962.57
2857,14,2,672.83,1345.66
2857,13,1,4465.27,4465.27
2858,3,2,2292.39,4584.78
2858,13,2,4226.41,8452.82
2858,5,3,937.6,2812.8
2858,8,3,955.55,2866.65
2859,5,1,912.28,912.28
2859,1,3,60151.14,180453.42
2859,4,3,1782.45,5347.35
2859,15,1,245.72,245.72
2860,7,1,3282.51,3282.51
2860,8,1,843.59,843.59
2860,2,3,27213.05,81639.15
2861,1,1,55434.27,55434.27
2861,4,2,1919.87,3839.74
2862,6,2,2069.48,4138.96
2862,11,3,5330.08,15990.24
2862,14,3,714.66,2143.98
2862,12,1,6253.72,6253.72
2863,13,2,4367.02,8734.04
2864,2,1,25412.69,25412.69
2864,13,3,4431.54,13294.62
2864,12,3,6704.03,20112.09
2865,6,1,2047.76,2047.76
2865,10,1,4207.45,4207.45
2866,10,3,4500.72,13502.16
2866,7,3,2896.71,8690.13
2867,15,2,265.17,530.34
2867,2,2,25219.15,50438.3
2867,8,1,909.31,909.31
2868,15,3,265.22,795.66
2868,3,3,2732.21,8196.63
2869,1,2,51607.77,103215.54
2869,5,1,884.8,884.8
2870,1,1,51087.6,51087.6
2871,4,2,1638.66,3277.32
2871,15,1,271.88,271.88
2871,7,1,2808.72,2808.72
2871,13,3,3992.61,11977.83
2872,12,1,7042.79,7042.79
2873,15,3,229.35,688.05
2873,5,2,929.46,1858.92
2873,10,1,4090.11,4090.11
2873,1,2,52807.09,105614.18
2874,4,2,1662.36,3324.72
2875,3,2,2487.76,4975.52
2876,3,1,2617.76,2617.76
2877,2,1,26146.78,26146.78
2877,13,1,4075.48,4075.48
2877,4,1,1911.14,1911.14
2877,5,1,880.72,880.72
2878,14,3,636.0,1908.0
2878,2,3,25417.85,76253.55
2879,12,1,6183.8,6183.8
2879,9,1,1656.79,1656.79
2879,3,1,2377.24,2377.24
2879,15,1,266.94,266.94
2880,3,1,2647.5,2647.5
2880,14,3,638.17,1914.51
2881,9,3,1693.1,5079.3
2881,10,3,4107.86,12323.58
2881,1,3,60119.62,180358.86
2882,4,2,1795.92,3591.84
2883,13,2,3841.16,7682.32
2883,4,1,1944.56,1944.56
2884,7,2,3216.26,6432.52
2884,10,1,4729.53,4729.53
2884,15,1,260.73,260.73
2885,7,2,2721.94,5443.88
2886,11,1,4774.55,4774.55
2886,9,1,1860.94,1860.94
2886,12,2,6164.94,12329.88
2887,3,2,2570.79,5141.58
2888,13,3,4228.42,12685.26
2888,15,2,264.1,528.2
2888,6,2,1981.16,3962.32
2888,11,1,5381.65,5381.65
2889,6,1,2346.52,2346.52
2889,9,2,1979.59,3959.18
2889,11,2,4811.26,9622.52
2890,8,3,955.99,2867.97
2891,4,3,1811.89,5435.67
2891,15,3,240.2,720.6
2892,11,3,4910.34,14731.02
2892,10,1,4404.09,4404.09
2893,9,2,1719.19,3438.38
2893,12,2,6893.71,13787.42
2894,9,1,1780.67,1780.67
2894,12,2,6422.08,12844.16
2895,1,3,59012.85,177038.55
2895,10,1,4797.98,4797.98
2895,6,2,2110.99,4221.98
2895,9,2,1675.48,3350.96
2896,5,3,935.23,2805.69
2896,8,3,916.84,2750.52
2896,13,1,3900.46,3900.46
2897,10,2,4246.37,8492.74
2897,6,2,2021.11,4042.22
2898,15,2,264.12,528.24
2898,12,3,6502.96,19508.88
2898,8,3,882.53,2647.59
2899,12,1,6396.5,6396.5
2900,5,3,878.2,2634.6
2901,5,1,970.06,970.06
2901,14,3,752.57,2257.71
2902,5,2,952.28,1904.56
2902,9,2,1644.88,3289.76
2903,14,3,737.66,2212.98
2903,11,2,4867.45,9734.9
2903,15,1,250.76,250.76
2903,12,1,5958.78,5958.78
2904,1,3,54641.39,163924.17
2904,9,2,1651.89,3303.78
2904,11,1,5212.6,5212.6
2905,8,3,988.05,2964.15
2905,4,1,1796.81,1796.81
2905,12,1,7123.82,7123.82
2906,12,1,6938.77,6938.77
2907,5,1,979.84,979.84
2907,3,2,2419.45,4838.9
2908,13,3,4593.86,13781.58
2908,1,2,58880.97,117761.94
2908,4,2,1864.05,3728.1
2908,6,2,2226.85,4453.7
2909,11,2,4649.08,9298.16
2909,12,3,7077.09,21231.27
2909,13,2,4143.53,8287.06
2909,9,1,1888.75,1888.75
2910,1,2,55101.43,110202.86
2911,1,1,56353.84,56353.84
2911,7,2,2758.7,5517.4
2911,4,3,1777.79,5333.37
2912,4,3,1893.63,5680.89
2912,9,1,1715.74,1715.74
2913,10,2,4590.97,9181.94
2913,7,2,2758.82,5517.64
2913,5,2,837.8,1675.6
2914,4,2,1809.36,3618.72
2915,14,3,729.83,2189.49
2915,8,1,855.13,855.13
2916,5,1,831.14,831.14
2916,4,2,1690.05,3380.1
2916,9,1,1877.4,1877.4
2916,14,3,707.42,2122.26
2917,9,2,1964.63,3929.26
2917,3,3,2326.12,6978.36
2917,4,3,1697.59,5092.77
2918,13,1,3797.97,3797.97
2918,10,2,4732.19,9464.38
2918,2,1,22866.58,22866.58
2918,12,1,7079.76,7079.76
2919,10,2,4792.55,9585.1
2919,3,3,2262.0,6786.0
2919,8,3,830.05,2490.15
2920,8,2,860.5,1721.0
2921,5,1,952.92,952.92
2921,7,1,3050.43,3050.43
2921,13,3,3916.84,11750.52
2922,7,1,3044.93,3044.93
2923,10,3,4640.29,13920.87
2924,6,3,2092.84,6278.52
2924,14,3,649.94,1949.82
2924,11,1,5053.33,5053.33
2925,3,2,2306.67,4613.34
2925,5,3,969.03,2907.09
2926,10,1,4534.82,4534.82
2926,15,1,232.7,232.7
2927,8,1,821.12,821.12
2927,10,3,4181.09,12543.27
2927,3,2,2558.42,5116.84
2928,10,2,4199.61,8399.22
2929,2,3,26310.99,78932.97
2929,8,2,965.44,1930.88
2929,13,1,4591.73,4591.73
2930,5,1,916.49,916.49
2930,2,2,26333.63,52667.26
2931,11,3,5298.77,15896.31
2931,12,2,6079.7,12159.4
2931,4,2,1950.98,3901.96
2932,12,1,6675.95,6675.95
2932,15,3,266.67,800.01
2932,10,3,4741.56,14224.68
2932,13,2,4159.87,8319.74
2933,8,3,979.62,2938.86
2933,4,2,1946.81,3893.62
2933,5,1,939.84,939.84
2933,10,2,4520.61,9041.22
2934,4,1,1787.89,1787.89
2934,8,3,813.67,2441.01
2935,1,1,59448.7,59448.7
2935,11,3,5091.39,15274.17
2935,10,2,4130.65,8261.3
2936,7,2,3119.7,6239.4
2937,7,1,2813.31,2813.31
2937,15,2,252.18,504.36
2938,8,3,833.19,2499.57
2939,14,2,644.57,1289.14
2939,2,3,26370.53,79111.59
2940,2,1,24267.24,24267.24
2940,10,3,4673.78,14021.34
2940,7,2,2908.98,5817.96
2941,10,2,4843.31,9686.62
2941,15,1,238.52,238.52
2942,15,3,242.15,726.45
2942,3,1,2272.64,2272.64
2942,8,3,963.01,2889.03
2943,13,2,4126.71,8253.42
2943,2,3,25859.13,77577.39
2943,5,3,848.47,2545.41
2944,6,1,2119.45,2119.45
2944,4,2,1699.93,3399.86
2944,14,2,763.51,1527.02
2944,15,2,245.9,491.8
2945,4,2,1871.3,3742.6
2945,11,3,4747.19,14241.57
2946,12,1,6055.84,6055.84
2946,13,2,4313.27,8626.54
2946,6,2,2037.78,4075.56
2946,1,2,52923.75,105847.5
2947,6,2,2209.02,4418.04
2947,14,1,757.05,757.05
2947,5,1,963.6,963.6
2947,12,1,6403.52,6403.52
2948,8,1,820.62,820.62
2948,5,3,927.55,2782.65
2948,2,3,24741.0,74223.0
2949,7,3,2708.12,8124.36
2950,2,1,25807.6,25807.6
2950,6,2,2406.59,4813.18
2951,10,2,4332.91,8665.82
2951,7,3,3166.75,9500.25
2951,11,2,5219.75,10439.5
2952,11,3,5100.38,15301.14
2952,5,1,837.32,837.32
2952,4,3,1832.9,5498.7
2953,5,3,870.37,2611.11
2954,3,3,2255.81,6767.43
2954,15,3,237.3,711.9
2955,15,3,264.5,793.5
2955,11,3,4923.4,14770.2
2955,9,1,1790.63,1790.63
2956,4,2,1909.28,3818.56
2956,14,1,735.84,735.84
2957,2,3,24530.72,73592.16
2957,13,2,3986.56,7973.12
2957,15,2,237.13,474.26
2957,14,2,657.88,1315.76
2958,15,2,236.61,473.22
2958,12,1,6418.93,6418.93
2959,3,1,2713.4,2713.4
2959,6,1,2362.29,2362.29
2960,14,2,676.65,1353.3
2961,8,3,830.1,2490.3
2961,12,2,6368.32,12736.64
2962,7,1,2790.38,2790.38
2962,2,3,23452.76,70358.28
2962,9,2,1654.24,3308.48
2963,3,1,2278.21,2278.21
2963,11,1,5056.21,5056.21
2963,8,3,842.98,2528.94
2964,13,1,3991.31,3991.31
2964,15,2,239.82,479.64
2964,11,3,4936.17,14808.51
2965,12,3,6443.21,19329.63
2966,14,2,646.71,1293.42
2967,9,3,1816.97,5450.91
2968,5,1,833.92,833.92
2969,12,2,6400.11,12800.22
2969,2,3,23549.75,70649.25
2969,15,3,265.54,796.62
2969,7,3,2881.03,8643.09
2970,13,2,4491.4,8982.8
2970,2,1,22532.38,22532.38
2971,7,3,2870.58,8611.74
2971,14,3,684.92,2054.76
2971,11,1,5174.54,5174.54
2972,2,2,23772.01,47544.02
2972,1,3,51910.15,155730.45
2972,13,2,4023.02,8046.04
2973,8,3,839.92,2519.76
2973,6,2,2121.6,4243.2
2973,12,1,6326.45,6326.45
2974,8,3,891.33,2673.99
2974,3,2,2488.98,4977.96
2974,6,2,2084.31,4168.62
2974,13,2,4266.77,8533.54
2975,9,1,1766.13,1766.13
2975,7,1,2942.48,2942.48
2975,2,1,24972.73,24972.73
2976,13,1,4317.47,4317.47
2976,6,3,1983.53,5950.59
2977,2,3,24703.51,74110.53
2977,3,2,2352.56,4705.12
2978,10,3,4689.4,14068.2
2978,6,2,2147.46,4294.92
2978,15,2,229.65,459.3
2979,7,1,3076.07,3076.07
2979,15,3,253.63,760.89
2979,10,1,4560.28,4560.28
2980,10,3,4872.51,14617.53
2981,6,1,2411.35,2411.35
2982,4,1,1845.14,1845.14
2983,1,1,54783.16,54783.16
2984,8,2,825.38,1650.76
2984,9,1,1682.67,1682.67
2984,5,2,884.03,1768.06
2985,7,1,3011.94,3011.94
2985,5,2,841.87,1683.74
2986,14,2,678.77,1357.54
2986,8,1,969.65,969.65
2986,2,1,22602.62,22602.62
2987,10,1,4338.32,4338.32
2987,2,2,23561.54,47123.08
2987,5,1,938.87,938.87
2987,13,2,4080.65,8161.3
2988,2,3,22824.16,68472.48
2988,5,1,877.68,877.68
2988,7,3,2878.38,8635.14
2989,11,2,5412.86,10825.72
2989,2,3,24975.33,74925.99
2989,9,3,1943.33,5829.99
2990,2,1,24560.78,24560.78
2990,1,1,56132.19,56132.19
2990,6,2,2318.17,4636.34
2991,10,3,4198.43,12595.29
2991,2,2,24725.2,49450.4
2991,4,2,1779.72,3559.44
2992,7,1,3205.49,3205.49
2992,1,2,57747.97,115495.94
2992,10,2,4320.41,8640.82
2992,5,2,935.86,1871.72
2993,10,1,4259.25,4259.25
2993,1,3,55317.03,165951.09
2993,4,2,1719.88,3439.76
2993,15,2,238.94,477.88
2994,9,3,1621.98,4865.94
2994,11,1,5131.81,5131.81
2994,5,1,947.53,947.53
2994,13,2,4263.8,8527.6
2995,5,3,841.23,2523.69
2996,1,1,50120.7,50120.7
2996,4,2,1923.82,3847.64
2996,6,3,2341.87,7025.61
2997,13,3,3862.43,11587.29
2997,2,3,25869.89,77609.67
2997,8,1,874.04,874.04
2997,9,2,1757.84,3515.68
2998,8,3,972.24,2916.72
2998,3,3,2747.19,8241.57
2999,3,3,2339.9,7019.7
2999,9,1,1621.51,1621.51
2999,8,2,842.0,1684.0
3000,4,3,1850.44,5551.32
3001,12,3,6336.83,19010.49
3001,13,3,3928.1,11784.3
3002,12,1,6926.73,6926.73
3002,6,3,2311.61,6934.83
3002,14,1,681.53,681.53
3003,15,2,236.42,472.84
3004,4,2,1773.28,3546.56
3005,10,2,4261.51,8523.02
3005,14,3,718.98,2156.94
3005,4,2,1976.8,3953.6
3005,13,1,4009.85,4009.85
3006,4,1,1773.23,1773.23
3006,6,2,2092.67,4185.34
3006,2,2,22515.14,45030.28
3006,8,1,907.88,907.88
3007,3,1,2513.56,2513.56
3008,6,1,2261.7,2261.7
3008,2,2,23880.51,47761.02
3008,5,3,935.57,2806.71
3009,11,3,4967.67,14903.01
3009,4,3,1834.48,5503.44
3010,15,2,269.02,538.04
3010,12,1,5860.7,5860.7
3010,8,1,913.33,913.33
3011,11,1,4715.34,4715.34
3011,14,1,692.27,692.27
3012,7,1,3128.31,3128.31
3012,3,1,2272.49,2272.49
3012,14,2,722.34,1444.68
3013,4,3,1771.12,5313.36
3013,8,3,949.22,2847.66
3014,8,3,833.97,2501.91
3015,12,2,6615.75,13231.5
3015,6,3,2342.47,7027.41
3016,6,2,2336.23,4672.46
3016,10,3,4093.56,12280.68
3017,9,1,1723.78,1723.78
3017,10,3,4718.38,14155.14
3017,2,1,23946.87,23946.87
3018,4,3,1659.08,4977.24
3018,3,2,2317.35,4634.7
3018,10,1,4823.75,4823.75
3018,9,2,1665.57,3331.14
3019,1,1,50250.17,50250.17
3019,13,2,3795.23,7590.46
3019,5,1,866.66,866.66
3020,3,2,2381.35,4762.7
3020,9,1,1721.9,1721.9
3020,13,2,4493.53,8987.06
3021,12,3,6974.83,20924.49
3022,13,3,3959.42,11878.26
3022,6,1,2373.83,2373.83
3023,11,2,4642.15,9284.3
3024,9,1,1831.65,1831.65
3025,14,3,766.6,2299.8
3026,9,2,1956.7,3913.4
3026,1,1,59989.7,59989.7
3026,15,1,232.54,232.54
3027,5,1,847.12,847.12
3027,11,3,4872.58,14617.74
3027,14,2,757.56,1515.12
3027,10,3,4624.74,13874.22
3028,14,2,728.28,1456.56
3029,7,3,2899.53,8698.59
3030,4,3,1681.79,5045.37
3030,3,1,2354.51,2354.51
3030,6,2,2069.87,4139.74
3030,11,3,4690.93,14072.79
3031,8,3,944.77,2834.31
3032,5,2,943.12,1886.24
3033,4,3,1794.63,5383.89
3034,13,1,4348.61,4348.61
3034,11,3,4613.9,13841.7
3034,10,1,4678.32,4678.32
3034,15,3,226.87,680.61
3035,9,1,1907.65,1907.65
3036,7,1,2741.19,2741.19
3037,15,3,264.84,794.52
3037,12,3,6218.23,18654.69
3038,9,2,1844.04,3688.08
3038,1,1,49880.86,49880.86
3038,3,1,2471.16,2471.16
3038,10,1,4052.45,4052.45
3039,8,3,915.67,2747.01
3039,12,1,6297.57,6297.57
3040,7,2,2803.56,5607.12
3040,3,1,2284.64,2284.64
3041,7,2,2729.86,5459.72
3041,1,2,55872.28,111744.56
3041,12,1,6824.15,6824.15
3042,4,2,1646.79,3293.58
3042,2,1,25961.07,25961.07
3043,1,3,52189.4,156568.2
3043,12,3,6354.79,19064.37
3043,2,3,25985.34,77956.02
3044,2,2,24728.89,49457.78
3044,4,1,1710.7,1710.7
3044,1,1,50466.07,50466.07
3045,9,1,1831.29,1831.29
3045,4,2,1644.23,3288.46
3046,5,2,867.35,1734.7
3046,14,2,727.37,1454.74
3046,1,1,56572.49,56572.49
3047,2,1,24944.0,24944.0
3047,7,1,2929.98,2929.98
3047,14,1,766.39,766.39
3047,12,1,6726.27,6726.27
3048,1,1,53446.17,53446.17
3049,6,3,2164.25,6492.75
3049,13,3,4451.53,13354.59
3049,11,2,4967.1,9934.2
3049,3,1,2596.05,2596.05
3050,14,2,717.47,1434.94
3050,15,3,227.62,682.86
3050,4,3,1832.7,5498.1
3050,11,2,5030.46,10060.92
3051,14,2,705.87,1411.74
3051,7,2,3177.64,6355.28
3051,6,2,2241.93,4483.86
3052,15,2,251.7,503.4
3052,10,1,4862.93,4862.93
3052,6,3,2198.84,6596.52
3052,8,1,856.89,856.89
3053,2,2,27016.81,54033.62
3053,6,3,2347.79,7043.37
3054,12,3,6563.56,19690.68
3054,2,1,24099.84,24099.84
3054,4,1,1869.99,1869.99
3054,14,1,762.87,762.87
3055,2,1,26715.49,26715.49
3055,4,2,1782.41,3564.82
3055,10,3,4926.4,14779.2
3055,15,2,226.29,452.58
3056,9,1,1922.25,1922.25
3056,1,2,59587.3,119174.6
3056,5,1,834.86,834.86
3056,15,2,230.94,461.88
3057,15,3,264.54,793.62
3057,11,3,5326.55,15979.65
3057,10,1,4724.27,4724.27
3057,13,1,4375.43,4375.43
3058,7,2,3082.22,6164.44
3058,2,2,25108.88,50217.76
3059,4,2,1881.6,3763.2
3059,11,3,5303.28,15909.84
3059,7,3,3025.1,9075.3
3060,12,1,6919.49,6919.49
3061,14,2,675.5,1351.0
3062,13,2,3940.6,7881.2
3062,10,3,4673.25,14019.75
3063,2,2,23156.62,46313.24
3063,14,2,754.28,1508.56
3063,11,3,4786.15,14358.45
3063,9,1,1727.61,1727.61
3064,9,1,1771.29,1771.29
3064,4,3,1853.03,5559.09
3065,15,1,251.07,251.07
3066,1,3,52201.54,156604.62
3066,3,3,2324.54,6973.62
3066,14,2,676.64,1353.28
3067,1,1,49603.16,49603.16
3067,8,2,987.91,1975.82
3067,15,2,258.9,517.8
3068,4,3,1963.8,5891.4
3068,10,3,4143.87,12431.61
3068,9,2,1906.53,3813.06
3068,8,1,824.26,824.26
3069,8,3,837.14,2511.42
3069,9,2,1818.69,3637.38
3069,11,1,4909.13,4909.13
3070,6,3,2061.93,6185.79
3070,9,2,1791.89,3583.78
3070,12,1,6222.66,6222.66
3071,9,2,1810.59,3621.18
3071,8,1,985.24,985.24
3071,2,2,26947.36,53894.72
3072,3,2,2542.68,5085.36
3072,13,1,4039.33,4039.33
3072,7,2,3144.69,6289.38
3073,4,2,1861.44,3722.88
3073,13,1,4565.78,4565.78
3073,7,2,2750.91,5501.82
3073,11,1,4710.66,4710.66
3074,15,3,240.76,722.28
3074,14,1,654.24,654.24
3074,5,2,821.13,1642.26
3074,3,3,2690.88,8072.64
3075,14,1,711.47,711.47
3075,3,1,2576.46,2576.46
3075,9,1,1787.63,1787.63
3076,8,3,935.6,2806.8
3076,6,3,2035.09,6105.27
3077,8,1,938.4,938.4
3077,12,1,6959.92,6959.92
3077,11,1,5241.04,5241.04
3078,12,3,7107.42,21322.26
3079,6,3,2028.86,6086.58
3080,9,1,1866.17,1866.17
3080,3,3,2354.75,7064.25
3080,1,3,58694.04,176082.12
3080,13,1,4121.24,4121.24
3081,11,1,4672.95,4672.95
3081,5,2,923.04,1846.08
3081,4,2,1720.68,3441.36
3081,15,2,235.15,470.3
3082,11,1,4591.02,4591.02
3082,9,2,1930.68,3861.36
3082,10,1,4665.67,4665.67
3082,15,2,270.99,541.98
3083,7,2,2706.7,5413.4
3083,2,1,24948.68,24948.68
3083,10,1,4668.56,4668.56
3084,1,3,52065.29,156195.87
3085,15,3,265.26,795.78
3085,9,3,1933.08,5799.24
3085,14,3,729.71,2189.13
3086,7,1,2802.66,2802.66
3087,13,2,4252.87,8505.74
3088,15,2,269.79,539.58
3088,8,2,890.8,1781.6
3088,4,1,1631.58,1631.58
3088,14,2,684.58,1369.16
3089,11,2,4762.28,9524.56
3089,13,2,4300.04,8600.08
3089,8,3,855.62,2566.86
3089,5,3,928.89,2786.67
3090,10,3,4300.59,12901.77
3090,13,1,4142.66,4142.66
3090,3,1,2351.9,2351.9
3090,15,3,248.87,746.61
3091,1,2,57574.84,115149.68
3091,10,3,4607.52,13822.56
3091,11,1,5276.66,5276.66
3092,3,1,2394.35,2394.35
3092,4,1,1817.79,1817.79
3092,7,3,2933.01,8799.03
3092,6,2,2107.82,4215.64
3093,6,3,2213.65,6640.95
3093,10,2,4530.39,9060.78
3094,13,3,4221.18,12663.54
3095,8,1,826.04,826.04
3095,9,2,1731.69,3463.38
3095,1,2,53046.89,106093.78
3095,11,1,5266.15,5266.15
3096,13,2,4617.92,9235.84
3096,11,2,4610.55,9221.1
3097,4,3,1733.45,5200.35
3098,10,2,4153.71,8307.42
3098,1,1,51242.78,51242.78
3098,12,1,7078.01,7078.01
3099,10,3,4724.03,14172.09
3100,1,1,56350.3,56350.3
3100,2,3,24254.03,72762.09
3101,13,1,4195.17,4195.17
3101,12,3,6028.93,18086.79
3101,3,1,2621.24,2621.24
3102,13,1,4469.62,4469.62
3103,10,3,4180.09,12540.27
3103,8,1,834.74,834.74
3104,3,2,2327.56,4655.12
3104,1,3,59898.25,179694.75
3104,14,2,736.09,1472.18
3104,12,1,6436.68,6436.68
3105,13,2,4129.06,8258.12
3105,12,3,6283.36,18850.08
3105,7,2,3293.29,6586.58
3105,6,3,2288.05,6864.15
3106,3,2,2483.94,4967.88
3107,13,3,4367.38,13102.14
3107,10,2,4499.39,8998.78
3107,14,1,656.39,656.39
3108,3,1,2344.1,2344.1
3109,8,2,917.89,1835.78
3109,11,1,5202.55,5202.55
3110,7,3,3071.17,9213.51
3111,3,1,2610.14,2610.14
3111,10,2,4766.64,9533.28
3111,5,3,977.05,2931.15
3112,7,3,3201.7,9605.1
3112,4,1,1779.97,1779.97
3112,6,1,2011.77,2011.77
3112,5,2,975.55,1951.1
3113,3,3,2447.27,7341.81
3113,8,2,987.4,1974.8
3113,2,2,26104.82,52209.64
3114,12,1,6035.02,6035.02
3115,7,1,2746.22,2746.22
3115,3,3,2508.21,7524.63
3116,6,1,2108.43,2108.43
3116,3,3,2681.3,8043.9
3116,2,1,25295.74,25295.74
3117,14,3,633.68,1901.04
3118,1,1,53260.85,53260.85
3118,4,2,1726.42,3452.84
3118,7,1,3246.29,3246.29
3118,10,1,4160.46,4160.46
3119,8,3,979.78,2939.34
3119,10,3,4084.23,12252.69
3119,11,3,5059.76,15179.28
3120,1,3,55030.96,165092.88
3120,11,1,5122.12,5122.12
3120,4,2,1779.26,3558.52
3121,2,3,23069.68,69209.04
3121,8,2,838.99,1677.98
3122,11,2,5247.19,10494.38
3122,15,2,273.42,546.84
3122,14,2,685.77,1371.54
3122,10,1,4831.95,4831.95
3123,13,3,3958.55,11875.65
3124,2,1,22822.0,22822.0
3124,14,1,663.28,663.28
3124,15,3,239.68,719.04
3125,8,3,848.49,2545.47
3125,14,3,723.73,2171.19
3125,2,2,27357.28,54714.56
3126,6,2,2347.02,4694.04
3126,14,3,736.29,2208.87
3126,5,3,892.49,2677.47
3126,10,2,4197.58,8395.16
3127,11,2,4990.35,9980.7
3127,6,3,2092.64,6277.92
3127,2,3,23547.3,70641.9
3127,8,1,844.24,844.24
3128,15,1,266.42,266.42
3128,7,3,2745.27,8235.81
3128,13,1,4358.03,4358.03
3129,5,2,867.59,1735.18
3130,5,1,889.26,889.26
3130,12,2,5860.62,11721.24
3130,10,2,4840.7,9681.4
3131,4,3,1889.01,5667.03
3131,11,2,5207.66,10415.32
3132,10,3,4431.98,13295.94
3133,8,1,860.82,860.82
3133,5,2,888.25,1776.5
3133,9,1,1786.88,1786.88
3133,14,3,734.78,2204.34
3134,12,2,7012.91,14025.82
3134,4,1,1939.14,1939.14
3135,4,3,1778.43,5335.29
3136,14,2,667.11,1334.22
3136,8,1,869.69,869.69
3137,15,1,245.21,245.21
3137,1,1,52658.83,52658.83
3137,9,2,1890.98,3781.96
3138,12,1,6125.27,6125.27
3139,2,1,24950.07,24950.07
3140,15,1,271.06,271.06
3140,14,3,756.26,2268.78
3141,9,3,1946.79,5840.37
3141,11,3,4771.59,14314.77
3141,15,1,263.59,263.59
3141,14,2,692.06,1384.12
3142,5,1,840.47,840.47
3142,8,2,866.0,1732.0
3142,10,2,4394.28,8788.56
3142,15,1,264.48,264.48
3143,14,1,669.93,669.93
3143,10,1,4283.48,4283.48
3144,10,1,4515.7,4515.7
3144,7,3,2909.29,8727.87
3144,13,1,3952.26,3952.26
3144,9,1,1647.77,1647.77
3145,8,3,864.11,2592.33
3145,13,1,4201.36,4201.36
3146,11,2,5443.32,10886.64
3147,6,2,2118.58,4237.16
3147,11,2,4581.4,9162.8
3147,15,3,261.12,783.36
3147,9,3,1882.2,5646.6
3148,5,1,908.48,908.48
3148,8,2,876.95,1753.9
3149,12,3,7109.0,21327.0
3149,3,2,2543.57,5087.14
3149,9,3,1733.59,5200.77
3150,1,3,59192.12,177576.36
3150,12,2,6537.3,13074.6
3151,13,3,4161.64,12484.92
3152,11,3,4929.74,14789.22
3152,8,2,985.27,1970.54
3152,3,2,2389.81,4779.62
3153,10,3,4160.93,12482.79
3153,12,3,7076.27,21228.81
3154,6,1,1991.29,1991.29
3154,7,3,2842.08,8526.24
3155,10,1,4880.81,4880.81
3155,15,1,239.67,239.67
3155,13,2,4302.1,8604.2
3155,14,3,685.87,2057.61
3156,8,3,965.14,2895.42
3156,9,1,1799.39,1799.39
3156,15,3,244.23,732.69
3157,9,1,1776.42,1776.42
3158,10,1,4860.2,4860.2
3159,5,2,950.45,1900.9
3159,8,3,874.78,2624.34
3160,15,2,234.04,468.08
3160,1,2,58088.55,116177.1
3160,13,2,4283.83,8567.66
3161,3,2,2691.28,5382.56
3161,5,1,906.26,906.26
3162,8,3,936.78,2810.34
3162,1,3,53543.82,160631.46
3162,12,1,6884.97,6884.97
3163,10,3,4629.71,13889.13
3163,2,3,22531.22,67593.66
3163,1,2,57491.4,114982.8
3164,14,3,737.93,2213.79
3164,12,3,6351.98,19055.94
3164,8,3,866.65,2599.95
3164,15,1,255.12,255.12
3165,7,1,3230.58,3230.58
3165,1,1,50614.68,50614.68
3166,9,3,1713.85,5141.55
3167,14,2,657.62,1315.24
3167,15,2,267.95,535.9
3167,2,1,27375.36,27375.36
3168,6,1,2310.92,2310.92
3168,4,2,1785.14,3570.28
3168,1,2,51068.4,102136.8
3169,9,3,1648.5,4945.5
3169,6,2,2269.85,4539.7
3169,5,3,895.57,2686.71
3170,6,2,2118.07,4236.14
3170,9,2,1646.29,3292.58
3171,8,1,975.77,975.77
3171,3,1,2682.02,2682.02
3171,7,2,3143.18,6286.36
3171,5,2,814.04,1628.08
3172,7,3,3292.36,9877.08
3172,15,3,258.87,776.61
3172,12,2,6967.83,13935.66
3173,8,3,812.43,2437.29
3173,9,2,1774.23,3548.46
3173,12,2,5868.22,11736.44
3173,5,1,954.64,954.64
3174,4,1,1882.45,1882.45
3174,1,3,56545.7,169637.1
3175,4,2,1703.84,3407.68
3175,15,3,265.97,797.91
3175,6,1,2376.58,2376.58
3175,10,3,4298.84,12896.52
3176,3,3,2368.62,7105.86
3176,13,3,3828.15,11484.45
3177,12,2,6086.98,12173.96
3177,2,3,25382.78,76148.34
3178,8,2,863.32,1726.64
3178,9,3,1827.54,5482.62
3178,13,3,3940.42,11821.26
3179,12,3,6095.6,18286.8
3179,7,1,3191.93,3191.93
3179,14,1,657.53,657.53
3180,13,1,4275.31,4275.31
3180,14,1,732.56,732.56
3180,4,1,1735.2,1735.2
3180,7,1,3164.77,3164.77
3181,7,3,2954.0,8862.0
3181,6,2,2283.8,4567.6
3181,1,2,49980.87,99961.74
3182,8,2,900.64,1801.28
3182,11,2,5123.54,10247.08
3183,13,1,4311.42,4311.42
3183,1,2,58144.9,116289.8
3184,13,3,4162.89,12488.67
3185,6,2,2220.22,4440.44
3185,8,3,925.11,2775.33
3185,12,2,5884.28,11768.56
3185,11,1,5140.41,5140.41
3186,8,1,859.43,859.43
3186,5,2,817.87,1635.74
3186,15,2,246.76,493.52
3186,3,2,2255.31,4510.62
3187,13,2,4272.18,8544.36
3187,12,2,6914.22,13828.44
3187,3,3,2340.07,7020.21
3188,12,3,6967.93,20903.79
3188,8,2,878.73,1757.46
3189,3,2,2596.85,5193.7
3190,14,1,720.32,720.32
3190,10,2,4444.84,8889.68
3190,3,3,2278.11,6834.33
3190,13,3,4391.98,13175.94
3191,10,1,4383.69,4383.69
3191,9,2,1808.24,3616.48
3191,3,3,2608.55,7825.65
3192,1,1,52853.64,52853.64
3193,3,1,2703.08,2703.08
3194,11,3,5271.21,15813.63
3194,6,2,2276.0,4552.0
3194,12,3,6869.67,20609.01
3195,14,2,726.3,1452.6
3196,3,3,2711.38,8134.14
3197,8,3,870.96,2612.88
3197,13,2,4330.7,8661.4
3197,12,2,6788.59,13577.18
3198,2,2,25802.53,51605.06
3199,5,2,928.55,1857.1
3200,13,1,4513.49,4513.49
3200,3,3,2663.82,7991.46
3200,1,3,50003.15,150009.45
3200,6,1,2280.81,2280.81
3201,12,2,6640.45,13280.9
3201,4,3,1865.74,5597.22
3201,1,2,49803.26,99606.52
3202,7,3,2759.96,8279.88
3202,8,2,942.57,1885.14
3202,4,3,1903.8,5711.4
3203,10,2,4308.93,8617.86
3203,6,2,2395.92,4791.84
3203,9,3,1760.89,5282.67
3204,13,2,4127.68,8255.36
3205,4,1,1659.56,1659.56
3205,3,3,2557.06,7671.18
3206,14,2,731.91,1463.82
3206,8,1,947.25,947.25
3206,6,3,2246.01,6738.03
3207,6,2,1982.89,3965.78
3207,5,1,955.96,955.96
3207,1,3,58537.98,175613.94
3207,13,3,4560.41,13681.23
3208,3,1,2474.38,2474.38
3208,1,3,53674.42,161023.26
3209,9,1,1789.26,1789.26
3209,12,1,6277.64,6277.64
3210,3,3,2544.78,7634.34
3210,10,2,4538.88,9077.76
3210,6,3,2384.15,7152.45
3210,9,1,1938.21,1938.21
3211,14,2,686.0,1372.0
3211,3,3,2267.21,6801.63
3212,15,3,268.24,804.72
3212,3,2,2654.84,5309.68
3213,13,1,4299.33,4299.33
3213,12,3,6375.82,19127.46
3213,1,2,53236.4,106472.8
3213,3,2,2452.0,4904.0
3214,3,2,2572.97,5145.94
3214,7,2,3137.35,6274.7
3214,5,3,860.06,2580.18
3214,12,2,6541.56,13083.12
3215,1,3,51868.39,155605.17
3215,8,3,824.64,2473.92
3215,11,1,5441.43,5441.43
3215,7,2,3111.41,6222.82
3216,5,2,981.0,1962.0
3216,12,3,6831.87,20495.61
3216,8,3,852.84,2558.52
3216,2,3,23190.24,69570.72
3217,13,1,4035.65,4035.65
3217,8,2,854.27,1708.54
3217,9,1,1839.5,1839.5
3218,8,2,894.17,1788.34
3218,2,1,24879.5,24879.5
3219,9,3,1698.42,5095.26
3219,1,2,52560.61,105121.22
3220,15,2,242.71,485.42
3220,11,3,5332.49,15997.47
3220,12,2,6005.89,12011.78
3221,12,2,6432.03,12864.06
3222,3,3,2672.41,8017.23
3222,11,3,4780.52,14341.56
3222,6,1,2263.11,2263.11
3222,7,1,3254.59,3254.59
3223,8,2,876.95,1753.9
3224,11,1,5396.84,5396.84
3224,9,3,1951.29,5853.87
3225,2,3,22626.94,67880.82
3225,14,1,732.83,732.83
3225,13,2,4427.39,8854.78
3225,4,3,1680.04,5040.12
3226,6,1,2357.12,2357.12
3227,3,1,2485.75,2485.75
3227,10,1,4280.88,4280.88
3227,4,2,1722.86,3445.72
3227,15,1,228.91,228.91
3228,12,3,6762.74,20288.22
3229,4,1,1734.76,1734.76
3229,1,1,51344.17,51344.17
3230,7,2,3051.32,6102.64
3230,9,1,1708.32,1708.32
3230,4,1,1879.54,1879.54
3230,15,3,258.37,775.11
3231,8,1,917.39,917.39
3231,5,1,965.3,965.3
3232,6,3,2311.21,6933.63
3232,10,1,4271.42,4271.42
3232,8,2,944.45,1888.9
3233,1,1,51121.83,51121.83
3233,10,1,4710.42,4710.42
3233,6,2,2378.0,4756.0
3234,8,3,956.41,2869.23
3234,1,2,60004.31,120008.62
3234,12,2,6976.72,13953.44
3234,13,3,4348.76,13046.28
3235,9,2,1744.59,3489.18
3235,5,3,967.9,2903.7
3236,8,1,891.21,891.21
3236,13,1,4402.28,4402.28
3236,3,3,2298.68,6896.04
3236,15,3,268.52,805.56
3237,5,2,946.85,1893.7
3237,3,1,2569.3,2569.3
3238,13,2,4370.93,8741.86
3238,3,2,2467.12,4934.24
3238,4,3,1844.76,5534.28
3238,15,3,246.46,739.38
3239,12,3,6304.03,18912.09
3239,11,3,4576.16,13728.48
3240,13,1,4042.52,4042.52
3240,6,2,2034.0,4068.0
3240,3,1,2278.39,2278.39
3241,1,3,53652.21,160956.63
3241,4,2,1864.13,3728.26
3242,14,1,678.58,678.58
3243,6,2,2008.64,4017.28
3243,4,1,1705.26,1705.26
3243,2,3,23109.65,69328.95
3243,7,2,2957.18,5914.36
3244,15,3,258.04,774.12
3244,12,3,7073.69,21221.07
3244,13,2,4608.94,9217.88
3244,6,2,2150.57,4301.14
3245,12,2,6914.45,13828.9
3245,5,2,944.95,1889.9
3246,14,1,757.46,757.46
3246,3,3,2536.32,7608.96
3246,1,3,55468.26,166404.78
3246,6,1,2313.64,2313.64
3247,15,2,235.38,470.76
3247,6,1,2058.61,2058.61
3247,2,3,23115.21,69345.63
3247,1,3,57386.6,172159.8
3248,8,3,981.57,2944.71
3249,1,3,55431.73,166295.19
3249,14,1,631.64,631.64
3250,11,2,4851.31,9702.62
3250,6,3,2085.14,6255.42
3250,4,2,1634.8,3269.6
3250,2,1,25641.23,25641.23
3251,3,2,2724.44,5448.88
3252,9,3,1715.62,5146.86
3253,5,2,872.64,1745.28
3253,13,2,4558.32,9116.64
3253,10,3,4270.48,12811.44
3253,7,2,2757.09,5514.18
3254,7,2,3249.37,6498.74
3255,14,1,730.82,730.82
3255,6,3,2053.88,6161.64
3256,4,1,1654.99,1654.99
3256,13,2,3909.85,7819.7
3256,3,1,2398.52,2398.52
3256,1,3,60434.01,181302.03
3257,10,1,4372.38,4372.38
3257,1,3,56235.56,168706.68
3257,11,3,5283.76,15851.28
3258,14,3,659.8,1979.4
3258,12,3,6156.38,18469.14
3258,3,3,2376.76,7130.28
3259,6,1,2008.33,2008.33
3260,5,3,893.42,2680.26
3260,12,3,7032.07,21096.21
3261,10,2,4375.49,8750.98
3261,1,3,53513.92,160541.76
3262,13,2,4306.95,8613.9
3263,12,1,6478.58,6478.58
3264,5,3,854.57,2563.71
3264,11,1,5068.25,5068.25
3264,9,3,1959.41,5878.23
3264,12,1,6745.93,6745.93
3265,11,1,5441.15,5441.15
3265,1,2,52674.17,105348.34
3265,10,1,4570.92,4570.92
3265,13,1,4347.02,4347.02
3266,13,3,4142.38,12427.14
3266,14,3,630.4,1891.2
3266,8,2,821.7,1643.4
3266,6,2,2163.78,4327.56
3267,14,1,737.3,737.3
3268,9,1,1930.82,1930.82
3269,13,2,3875.62,7751.24
3269,10,1,4905.69,4905.69
3269,14,2,739.05,1478.1
3269,5,2,960.01,1920.02
3270,1,2,53062.82,106125.64
3270,8,1,983.43,983.43
3270,4,1,1975.82,1975.82
3270,3,2,2492.81,4985.62
3271,9,3,1965.18,5895.54
3271,14,1,681.55,681.55
3272,9,1,1671.63,1671.63
3272,11,2,5066.99,10133.98
3273,15,2,256.52,513.04
3273,7,2,3154.3,6308.6
3273,11,2,4815.22,9630.44
3273,2,3,23597.87,70793.61
3274,10,2,4884.69,9769.38
3274,14,2,657.21,1314.42
3274,9,3,1623.83,4871.49
3275,1,2,57322.11,114644.22
3275,2,1,27336.35,27336.35
3275,4,1,1739.44,1739.44
3275,13,3,4416.26,13248.78
3276,3,1,2623.77,2623.77
3277,2,1,27248.04,27248.04
3277,7,2,2721.67,5443.34
3278,3,1,2355.0,2355.0
3278,6,2,2225.74,4451.48
3278,7,2,2879.88,5759.76
3278,12,2,6502.02,13004.04
3279,3,1,2744.6,2744.6
3280,13,3,4437.11,13311.33
3280,9,2,1955.89,3911.78
3281,8,2,870.68,1741.36
3281,11,1,4734.23,4734.23
3281,13,2,4011.26,8022.52
3281,2,1,26596.73,26596.73
3282,14,2,671.43,1342.86
3283,10,2,4619.33,9238.66
3283,8,2,869.66,1739.32
3284,10,1,4630.9,4630.9
3284,5,1,980.43,980.43
3284,1,1,52741.59,52741.59
3285,1,3,53107.14,159321.42
3285,11,2,4601.73,9203.46
3285,5,3,867.38,2602.14
3285,6,1,2156.87,2156.87
3286,8,1,856.58,856.58
3286,7,3,2897.2,8691.6
3287,3,2,2267.6,4535.2
3288,14,2,714.05,1428.1
3289,3,3,2516.3,7548.9
3289,13,1,4085.8,4085.8
3289,8,2,860.85,1721.7
3289,11,1,5029.95,5029.95
3290,11,2,4555.15,9110.3
3290,15,2,243.9,487.8
3290,3,3,2260.01,6780.03
3290,10,2,4946.15,9892.3
3291,3,1,2357.59,2357.59
3292,2,1,25955.84,25955.84
3292,12,3,6241.17,18723.51
3293,3,1,2416.19,2416.19
3293,7,2,2719.6,5439.2
3293,12,2,6102.83,12205.66
3294,1,3,57886.68,173660.04
3294,4,3,1960.3,5880.9
3295,13,3,4586.15,13758.45
3295,8,1,943.45,943.45
3296,12,3,6639.31,19917.93
3296,7,2,3242.33,6484.66
3296,3,2,2403.61,4807.22
3296,4,2,1706.08,3412.16
3297,4,3,1787.45,5362.35
3297,10,1,4384.02,4384.02
3297,1,3,59542.48,178627.44
3297,13,1,3795.9,3795.9
3298,6,2,2043.1,4086.2
3298,5,2,817.73,1635.46
3298,13,3,3933.13,11799.39
3299,7,2,2747.94,5495.88
3299,8,3,984.05,2952.15
3299,3,1,2590.53,2590.53
3300,12,2,7022.89,14045.78
3300,11,1,5141.3,5141.3
3300,14,2,633.51,1267.02
3300,8,3,928.62,2785.86
3301,6,1,2223.77,2223.77
3301,12,1,6437.42,6437.42
3301,11,3,5478.01,16434.03
3301,14,2,646.37,1292.74
3302,1,3,58612.56,175837.68
3302,6,1,2231.51,2231.51
3302,15,1,270.44,270.44
3303,8,1,969.5,969.5
3303,6,1,2217.32,2217.32
3303,13,1,4380.44,4380.44
3303,14,2,719.88,1439.76
3304,7,2,3007.78,6015.56
3304,9,1,1788.54,1788.54
3304,10,3,4848.42,14545.26
3305,1,1,56329.85,56329.85
3305,14,1,746.61,746.61
3306,9,3,1721.03,5163.09
3306,5,2,826.22,1652.44
3306,14,1,675.97,675.97
3307,13,3,4433.86,13301.58
3308,6,1,2081.09,2081.09
3309,6,1,2186.03,2186.03
3309,5,3,866.82,2600.46
3310,15,1,228.1,228.1
3310,14,1,666.78,666.78
3310,11,3,5241.18,15723.54
3311,13,3,4164.56,12493.68
3311,15,1,242.75,242.75
3311,5,3,829.32,2487.96
3311,9,3,1731.7,5195.1
3312,14,3,665.55,1996.65
3312,1,1,55916.3,55916.3
3312,8,2,983.9,1967.8
3313,12,2,6981.69,13963.38
3313,6,3,2068.46,6205.38
3313,13,3,4385.06,13155.18
3313,1,3,60222.37,180667.11
3314,13,2,4353.84,8707.68
3314,5,2,961.55,1923.1
3314,2,3,23356.99,70070.97
3315,14,3,735.96,2207.88
3316,4,3,1797.36,5392.08
3316,6,1,2232.09,2232.09
3316,1,2,52926.24,105852.48
3316,7,3,3061.05,9183.15
3317,9,2,1741.67,3483.34
3317,6,3,1994.86,5984.58
3318,15,2,272.79,545.58
3318,10,2,4137.2,8274.4
3319,7,1,2921.57,2921.57
3319,6,3,2238.21,6714.63
3320,10,1,4763.0,4763.0
3320,4,1,1736.87,1736.87
3320,2,1,26849.41,26849.41
3321,10,2,4139.45,8278.9
3321,6,2,2384.91,4769.82
3321,5,3,822.93,2468.79
3322,12,2,6998.26,13996.52
3322,8,2,989.74,1979.48
3322,11,2,5110.73,10221.46
3323,6,1,2371.37,2371.37
3323,10,1,4930.48,4930.48
3324,13,2,4583.89,9167.78
3324,15,2,241.65,483.3
3325,6,3,2188.2,6564.6
3325,12,1,6375.24,6375.24
3325,14,2,700.38,1400.76
3326,5,2,889.63,1779.26
3326,10,2,4819.67,9639.34
3327,10,2,4476.46,8952.92
3327,3,3,2595.94,7787.82
3327,4,3,1870.02,5610.06
3327,11,1,4760.53,4760.53
3328,12,3,7007.68,21023.04
3328,8,1,965.53,965.53
3329,9,2,1672.22,3344.44
3329,2,3,26430.25,79290.75
3330,10,3,4731.46,14194.38
3330,14,3,730.83,2192.49
3331,14,1,631.42,631.42
3331,4,3,1939.37,5818.11
3331,15,2,237.69,475.38
3331,1,3,50078.94,150236.82
3332,5,2,960.87,1921.74
3332,12,2,6268.33,12536.66
3332,2,1,23486.5,23486.5
3332,3,3,2346.32,7038.96
3333,4,2,1676.23,3352.46
3333,8,3,903.46,2710.38
3333,11,2,4843.83,9687.66
3333,15,3,243.01,729.03
3334,1,3,60413.41,181240.23
3334,7,1,3064.2,3064.2
3335,5,1,849.99,849.99
3336,5,1,951.48,951.48
3336,6,1,2339.65,2339.65
3336,11,2,4877.16,9754.32
3337,12,2,7106.3,14212.6
3337,4,2,1848.43,3696.86
3337,6,3,2132.41,6397.23
3338,15,3,230.81,692.43
3339,11,1,5425.56,5425.56
3340,10,2,4584.05,9168.1
3341,7,3,3229.36,9688.08
3341,4,1,1777.26,1777.26
3342,6,1,2260.99,2260.99
3342,9,3,1939.63,5818.89
3342,1,3,58756.88,176270.64
3343,2,2,25560.1,51120.2
3343,10,2,4213.43,8426.86
3343,12,1,6367.48,6367.48
3343,5,3,935.61,2806.83
3344,15,2,240.74,481.48
3345,3,2,2433.68,4867.36
3345,5,3,847.84,2543.52
3345,11,1,4598.14,4598.14
3345,15,2,265.07,530.14
3346,15,2,267.85,535.7
3346,12,2,6697.16,13394.32
3347,3,2,2701.48,5402.96
3347,11,2,4501.62,9003.24
3347,15,1,260.45,260.45
3347,1,1,59327.96,59327.96
3348,11,2,5173.6,10347.2
3348,8,1,960.42,960.42
3349,2,2,24827.04,49654.08
3349,10,1,4404.36,4404.36
3350,13,1,4027.15,4027.15
3350,15,3,272.56,817.68
3350,8,3,850.09,2550.27
3350,12,2,6887.42,13774.84
3351,9,2,1874.97,3749.94
3351,6,3,2004.85,6014.55
3352,12,2,6073.47,12146.94
3352,5,1,914.67,914.67
3352,9,1,1652.49,1652.49
3353,14,2,633.29,1266.58
3353,8,2,937.05,1874.1
3354,4,1,1883.65,1883.65
3355,7,1,3173.88,3173.88
3355,13,3,4108.92,12326.76
3355,8,1,871.02,871.02
3356,13,2,4201.43,8402.86
3356,5,3,843.71,2531.13
3357,2,3,25318.2,75954.6
3358,8,3,858.92,2576.76
3358,3,2,2422.05,4844.1
3359,5,3,926.49,2779.47
3360,7,3,2871.02,8613.06
3360,2,3,24898.46,74695.38
3361,7,2,3244.57,6489.14
3362,12,3,6512.27,19536.81
3362,14,3,690.78,2072.34
3362,9,1,1722.68,1722.68
3362,7,3,3223.64,9670.92
3363,10,2,4515.54,9031.08
3363,5,3,864.5,2593.5
3364,6,1,2284.22,2284.22
3364,4,3,1774.08,5322.24
3365,9,1,1848.23,1848.23
3365,3,1,2405.53,2405.53
3365,10,2,4808.43,9616.86
3365,6,3,1994.34,5983.02
3366,4,3,1825.51,5476.53
3366,10,2,4337.74,8675.48
3366,11,1,4611.46,4611.46
3367,6,2,2002.85,4005.7
3367,4,3,1709.26,5127.78
3368,1,3,54166.79,162500.37
3369,5,1,900.99,900.99
3369,1,2,57426.45,114852.9
3369,15,3,272.67,818.01
3370,1,3,49581.49,148744.47
3371,9,3,1621.63,4864.89
3371,10,1,4088.22,4088.22
3371,6,2,2186.21,4372.42
3372,12,2,6966.18,13932.36
3373,9,1,1762.63,1762.63
3373,6,2,2228.87,4457.74
3374,11,3,5024.14,15072.42
3375,3,3,2445.75,7337.25
3375,11,2,5061.73,10123.46
3375,12,2,6483.45,12966.9
3376,4,3,1765.32,5295.96
3376,2,3,23607.49,70822.47
3376,3,1,2464.21,2464.21
3377,1,3,50132.24,150396.72
3377,3,2,2415.17,4830.34
3377,6,2,2276.45,4552.9
3377,8,1,837.48,837.48
3378,9,2,1884.11,3768.22
3378,11,3,5050.78,15152.34
3379,1,2,52327.07,104654.14
3380,8,1,862.47,862.47
3380,11,1,4787.9,4787.9
3381,1,3,56559.3,169677.9
3381,6,2,2259.16,4518.32
3382,10,2,4216.72,8433.44
3382,2,3,27075.6,81226.8
3382,3,1,2580.71,2580.71
3382,6,1,2064.16,2064.16
3383,8,1,875.76,875.76
3383,11,3,5057.05,15171.15
3384,9,2,1682.86,3365.72
3384,8,1,883.25,883.25
3384,1,1,54860.28,54860.28
3385,3,2,2366.57,4733.14
3385,15,3,250.27,750.81
3385,14,2,641.55,1283.1
3386,13,3,4307.61,12922.83
3387,12,2,5853.65,11707.3
3388,4,3,1872.7,5618.1
3389,8,3,826.1,2478.3
3389,14,3,642.64,1927.92
3390,6,2,2376.11,4752.22
3390,10,2,4173.16,8346.32
3390,2,1,23074.48,23074.48
3390,11,3,5315.53,15946.59
3391,9,3,1668.1,5004.3
3391,3,1,2647.04,2647.04
3392,4,2,1862.93,3725.86
3393,12,1,7067.37,7067.37
3393,13,3,3974.5,11923.5
3394,11,1,4504.5,4504.5
3394,15,3,238.65,715.95
3394,9,1,1837.64,1837.64
3395,9,1,1729.95,1729.95
3396,4,1,1733.4,1733.4
3397,1,2,59118.03,118236.06
3398,3,3,2675.73,8027.19
3398,11,1,5354.3,5354.3
3399,1,3,53471.83,160415.49
3400,6,3,2243.62,6730.86
3401,12,1,6854.94,6854.94
3401,4,1,1825.36,1825.36
3401,2,1,25521.98,25521.98
3401,5,3,820.0,2460.0
3402,1,3,56246.27,168738.81
3403,14,1,633.96,633.96
3403,1,2,54034.53,108069.06
3404,5,3,909.95,2729.85
3404,13,1,4517.53,4517.53
3404,11,2,5321.4,10642.8
3404,15,2,248.62,497.24
3405,14,1,639.9,639.9
3405,9,3,1918.55,5755.65
3406,12,2,6104.3,12208.6
3406,4,2,1678.98,3357.96
3406,3,3,2475.53,7426.59
3407,11,1,5334.63,5334.63
3407,12,2,6286.32,12572.64
3408,2,2,24268.45,48536.9
3408,12,2,5978.66,11957.32
3408,7,1,3148.38,3148.38
3408,8,1,858.86,858.86
3409,14,1,729.5,729.5
3409,1,1,58593.55,58593.55
3410,6,3,1980.31,5940.93
3410,2,1,27370.15,27370.15
3411,15,3,255.58,766.74
3412,10,3,4394.27,13182.81
3412,6,2,2121.2,4242.4
3413,12,3,6819.7,20459.1
3413,8,3,963.83,2891.49
3413,11,3,5253.21,15759.63
3413,6,1,2351.69,2351.69
3414,9,2,1685.36,3370.72
3414,10,1,4282.75,4282.75
3415,12,2,6599.43,13198.86
3415,3,2,2722.18,5444.36
3415,5,3,890.42,2671.26
3416,12,3,6041.11,18123.33
3416,1,3,53053.81,159161.43
3416,11,2,5052.6,10105.2
3416,3,3,2310.31,6930.93
3417,2,1,24528.46,24528.46
3417,6,1,2259.93,2259.93
3417,1,2,56936.2,113872.4
3417,10,3,4169.92,12509.76
3418,7,3,2853.07,8559.21
3419,6,1,1984.68,1984.68
3419,2,1,24829.67,24829.67
3419,12,2,6739.33,13478.66
3419,1,3,50489.58,151468.74
3420,7,3,2741.46,8224.38
3421,3,2,2559.11,5118.22
3421,12,1,6358.5,6358.5
3421,9,1,1636.05,1636.05
3422,12,2,6151.43,12302.86
3423,13,2,4215.59,8431.18
3423,9,3,1747.07,5241.21
3423,2,2,26722.89,53445.78
3423,15,2,271.29,542.58
3424,2,2,23588.69,47177.38
3424,4,3,1799.61,5398.83
3424,7,1,3122.01,3122.01
3424,9,2,1801.18,3602.36
3425,6,1,2403.75,2403.75
3425,14,2,730.86,1461.72
3425,5,1,863.24,863.24
3425,3,2,2677.67,5355.34
3426,13,1,3849.59,3849.59
3426,12,1,6963.27,6963.27
3426,4,3,1750.92,5252.76
3427,14,3,652.48,1957.44
3428,6,1,2084.28,2084.28
3429,6,1,2289.16,2289.16
3430,13,1,4336.01,4336.01
3431,10,2,4271.63,8543.26
3431,11,1,5354.81,5354.81
3432,15,3,266.39,799.17
3433,10,1,4800.17,4800.17
3434,4,2,1799.22,3598.44
3434,1,3,54818.57,164455.71
3434,15,1,243.54,243.54
3435,10,3,4527.5,13582.5
3435,12,3,6301.56,18904.68
3435,4,1,1786.46,1786.46
3435,8,2,971.74,1943.48
3436,15,1,255.07,255.07
3436,10,1,4897.25,4897.25
3437,13,1,4046.62,4046.62
3437,14,1,672.3,672.3
3437,6,3,2058.58,6175.74
3438,2,3,25320.87,75962.61
3439,3,1,2346.46,2346.46
3439,4,3,1623.81,4871.43
3439,14,3,642.89,1928.67
3440,2,1,24907.12,24907.12
3440,4,1,1778.65,1778.65
3441,6,1,2087.13,2087.13
3441,15,1,260.81,260.81
3441,2,2,25302.64,50605.28
3441,7,3,2804.64,8413.92
3442,4,3,1756.36,5269.08
3442,2,3,26179.13,78537.39
3443,5,2,958.38,1916.76
3443,1,3,50703.77,152111.31
3443,6,2,2286.67,4573.34
3444,10,2,4817.94,9635.88
3444,5,1,824.11,824.11
3444,6,2,2099.33,4198.66
3444,8,1,964.64,964.64
3445,6,2,2391.49,4782.98
3445,4,1,1893.04,1893.04
3446,1,2,57736.04,115472.08
3447,1,2,53070.59,106141.18
3447,12,2,6875.76,13751.52
3447,11,1,5379.03,5379.03
3447,3,1,2273.21,2273.21
3448,3,3,2587.14,7761.42
3448,12,1,6908.75,6908.75
3448,9,3,1725.49,5176.47
3448,6,3,2355.36,7066.08
3449,9,3,1731.06,5193.18
3450,7,2,2823.82,5647.64
3451,7,1,3265.02,3265.02
3451,2,2,26624.94,53249.88
3451,14,2,719.8,1439.6
3452,13,2,3891.78,7783.56
3452,2,3,22815.77,68447.31
3453,6,3,2353.57,7060.71
3453,15,1,253.69,253.69
3453,7,3,2733.22,8199.66
3454,5,1,896.37,896.37
3454,10,1,4555.92,4555.92
3455,13,1,4480.54,4480.54
3455,7,2,2836.66,5673.32
3455,2,1,27487.15,27487.15
3455,14,2,764.46,1528.92
3456,6,2,2412.77,4825.54
3456,14,1,750.66,750.66
3456,8,2,860.19,1720.38
3457,2,3,25639.77,76919.31
3457,1,2,50805.69,101611.38
3457,6,2,2101.25,4202.5
3458,14,2,698.06,1396.12
3459,12,2,6836.81,13673.62
3460,6,3,2260.7,6782.1
3460,3,2,2560.12,5120.24
3460,9,2,1766.84,3533.68
3461,10,1,4718.6,4718.6
3462,4,2,1679.87,3359.74
3462,11,1,5157.45,5157.45
3462,15,2,274.14,548.28
3463,6,3,2320.2,6960.6
3463,2,3,26295.57,78886.71
3463,7,2,2734.01,5468.02
3464,9,3,1708.34,5125.02
3464,11,1,5317.4,5317.4
3464,12,2,6402.9,12805.8
3464,10,1,4241.16,4241.16
3465,14,3,701.49,2104.47
3465,4,1,1969.7,1969.7
3465,15,2,242.89,485.78
3465,8,2,829.79,1659.58
3466,15,1,269.53,269.53
3467,3,3,2636.48,7909.44
3467,5,1,958.25,958.25
3467,10,2,4146.68,8293.36
3468,3,1,2467.39,2467.39
3468,12,1,6600.99,6600.99
3469,7,1,2945.39,2945.39
3470,9,1,1911.59,1911.59
3470,12,2,6274.71,12549.42
3470,15,2,247.97,495.94
3470,8,1,891.25,891.25
3471,12,3,6600.13,19800.39
3472,4,3,1864.17,5592.51
3473,5,3,846.76,2540.28
3473,11,3,5292.05,15876.15
3473,12,3,6135.05,18405.15
3474,8,1,892.47,892.47
3474,13,2,4155.88,8311.76
3474,3,2,2704.71,5409.42
3475,14,2,757.57,1515.14
3475,7,2,2796.79,5593.58
3475,2,3,23172.3,69516.9
3476,10,2,4749.41,9498.82
3476,4,1,1972.26,1972.26
3476,9,1,1905.6,1905.6
3477,6,3,2399.15,7197.45
3477,7,2,2863.56,5727.12
3477,13,1,4234.66,4234.66
3477,4,1,1654.63,1654.63
3478,5,1,815.56,815.56
3479,12,1,6813.53,6813.53
3480,8,1,977.59,977.59
3480,9,1,1861.39,1861.39
3481,8,2,824.14,1648.28
3481,13,1,4224.25,4224.25
3482,9,2,1798.41,3596.82
3482,8,1,923.8,923.8
3482,6,1,2080.59,2080.59
3483,1,3,52979.99,158939.97
3483,10,2,4702.52,9405.04
3483,4,2,1891.35,3782.7
3484,3,1,2499.66,2499.66
3484,11,2,5318.75,10637.5
3485,15,2,233.6,467.2
3485,11,3,4941.06,14823.18
3486,11,3,5210.74,15632.22
3486,9,1,1938.34,1938.34
3486,8,3,954.76,2864.28
3487,15,1,234.71,234.71
3487,9,1,1825.0,1825.0
3487,2,3,27391.58,82174.74
3487,14,1,713.95,713.95
3488,9,1,1855.35,1855.35
3488,7,3,3185.43,9556.29
3489,1,1,58511.24,58511.24
3489,8,1,907.2,907.2
3489,7,3,3111.94,9335.82
3489,5,1,877.61,877.61
3490,1,1,55398.35,55398.35
3491,6,3,2017.3,6051.9
3492,6,3,2111.03,6333.09
3492,8,2,818.22,1636.44
3492,13,3,3827.65,11482.95
3492,14,3,635.68,1907.04
3493,2,2,26963.52,53927.04
3493,15,1,250.17,250.17
3493,10,3,4529.43,13588.29
3494,10,3,4316.89,12950.67
3494,6,2,2043.53,4087.06
3494,2,1,26210.03,26210.03
3495,15,1,260.43,260.43
3496,14,2,689.48,1378.96
3496,3,1,2648.66,2648.66
3497,2,1,23848.62,23848.62
3497,1,3,51770.04,155310.12
3498,10,3,4227.92,12683.76
3498,12,1,6437.63,6437.63
3499,7,2,2917.54,5835.08
3499,14,2,712.78,1425.56
3499,6,2,2403.56,4807.12
3500,10,3,4286.7,12860.1
3500,8,2,924.3,1848.6
3501,6,1,2248.05,2248.05
3501,12,2,7139.81,14279.62
3501,2,2,23008.75,46017.5
3502,13,1,4278.71,4278.71
3502,8,1,956.08,956.08
3503,3,2,2684.31,5368.62
3503,14,2,725.45,1450.9
3503,2,3,27457.92,82373.76
3504,10,1,4557.25,4557.25
3504,13,2,4172.92,8345.84
3505,9,2,1800.01,3600.02
3505,13,1,3982.82,3982.82
3506,14,1,630.53,630.53
3506,9,2,1690.51,3381.02
3506,3,1,2576.31,2576.31
3506,8,1,955.0,955.0
3507,9,2,1789.88,3579.76
3508,2,3,24594.67,73784.01
3508,6,3,2079.52,6238.56
3509,10,2,4664.98,9329.96
3509,11,2,5225.14,10450.28
3509,5,1,867.03,867.03
3509,7,1,2818.68,2818.68
3510,7,1,2847.74,2847.74
3510,8,1,970.26,970.26
3510,13,3,3949.47,11848.41
3510,15,1,260.66,260.66
3511,6,3,2053.7,6161.1
3511,7,1,3298.88,3298.88
3511,1,1,59218.49,59218.49
3512,4,3,1790.34,5371.02
3513,11,1,4770.75,4770.75
3513,15,2,226.29,452.58
3513,8,2,830.36,1660.72
3513,3,3,2508.13,7524.39
3514,4,2,1913.44,3826.88
3515,11,1,4607.64,4607.64
3515,4,3,1712.37,5137.11
3515,13,1,4242.05,4242.05
3516,8,1,945.92,945.92
3516,5,2,852.32,1704.64
3516,15,1,252.23,252.23
3516,13,2,4018.08,8036.16
3517,1,2,53980.11,107960.22
3517,11,1,4661.17,4661.17
3517,7,1,3117.49,3117.49
3517,6,3,2415.78,7247.34
3518,9,1,1783.17,1783.17
3519,15,1,254.69,254.69
3519,10,3,4151.03,12453.09
3519,12,3,6766.67,20300.01
3520,6,3,2319.49,6958.47
3520,2,1,23906.67,23906.67
3520,13,2,3839.03,7678.06
3520,8,3,930.0,2790.0
3521,2,1,25343.41,25343.41
3521,4,1,1634.06,1634.06
3521,9,1,1717.69,1717.69
3521,7,3,2716.77,8150.31
3522,2,2,26298.44,52596.88
3523,1,1,59572.06,59572.06
3523,13,2,3903.35,7806.7
3524,5,3,973.79,2921.37
3525,10,2,4635.98,9271.96
3526,10,2,4413.25,8826.5
3527,14,3,637.21,1911.63
3527,13,2,3893.85,7787.7
3527,4,3,1685.67,5057.01
3527,5,2,911.12,1822.24
3528,4,2,1798.04,3596.08
3528,13,1,3791.61,3791.61
3528,7,3,3025.56,9076.68
3529,8,1,833.41,833.41
3529,3,1,2747.25,2747.25
3529,6,1,2364.74,2364.74
3530,12,2,6320.84,12641.68
3530,7,3,3167.75,9503.25
3530,10,1,4470.27,4470.27
3530,1,3,58846.84,176540.52
3531,4,1,1876.56,1876.56
3531,15,2,230.94,461.88
3531,9,2,1903.95,3807.9
3531,6,2,2310.48,4620.96
3532,9,1,1656.6,1656.6
3532,15,1,241.17,241.17
3532,8,1,870.46,870.46
3533,7,3,2727.44,8182.32
3533,6,3,2192.44,6577.32
3533,4,2,1724.09,3448.18
3533,11,1,5336.62,5336.62
3534,15,3,237.69,713.07
3534,3,1,2715.59,2715.59
3534,6,3,2302.95,6908.85
3534,14,2,686.73,1373.46
3535,12,3,6102.52,18307.56
3535,7,3,3132.73,9398.19
3535,3,2,2619.6,5239.2
3535,10,3,4416.55,13249.65
3536,2,2,23929.8,47859.6
3536,12,3,5984.04,17952.12
3536,3,1,2516.06,2516.06
3536,11,1,4737.82,4737.82
3537,2,2,24078.05,48156.1
3537,15,1,251.26,251.26
3538,11,3,5311.94,15935.82
3538,9,1,1901.71,1901.71
3538,6,1,2303.23,2303.23
3539,9,2,1852.98,3705.96
3539,8,2,859.96,1719.92
3539,1,2,49918.75,99837.5
3539,5,3,905.04,2715.12
3540,7,2,2804.25,5608.5
3540,2,2,24259.97,48519.94
3541,2,3,24589.99,73769.97
3541,14,1,691.42,691.42
3541,12,1,6981.85,6981.85
3541,10,2,4253.43,8506.86
3542,4,3,1956.42,5869.26
3542,3,2,2576.32,5152.64
3543,14,2,764.28,1528.56
3543,15,2,243.54,487.08
3544,14,1,646.81,646.81
3545,5,1,931.72,931.72
3545,13,3,4131.62,12394.86
3545,1,3,53959.73,161879.19
3546,12,1,5994.74,5994.74
3546,15,3,227.78,683.34
3547,8,1,816.84,816.84
3547,13,1,3967.29,3967.29
3547,3,2,2487.03,4974.06
3547,2,1,22955.52,22955.52
3548,3,3,2696.6,8089.8
3548,13,1,4552.22,4552.22
3548,2,2,25469.83,50939.66
3549,9,1,1770.62,1770.62
3550,15,3,240.55,721.65
3550,11,2,4528.28,9056.56
3550,5,3,985.24,2955.72
3551,13,1,4185.36,4185.36
3551,15,2,247.86,495.72
3551,14,2,705.62,1411.24
3552,7,2,2780.49,5560.98
3552,3,2,2575.49,5150.98
3552,1,3,54097.79,162293.37
3552,14,2,659.79,1319.58
3553,4,1,1870.54,1870.54
3553,7,3,3049.46,9148.38
3553,12,2,5879.52,11759.04
3553,3,2,2479.17,4958.34
3554,3,2,2693.91,5387.82
3554,14,1,650.1,650.1
3555,12,1,6326.23,6326.23
3555,14,3,692.4,2077.2
3555,5,2,946.33,1892.66
3555,2,2,26368.15,52736.3
3556,4,1,1817.11,1817.11
3556,5,3,846.54,2539.62
3557,15,2,269.67,539.34
3558,15,2,244.64,489.28
3558,10,2,4688.87,9377.74
3558,2,2,23856.06,47712.12
3559,1,2,55000.26,110000.52
3560,15,2,270.4,540.8
3560,3,2,2423.95,4847.9
3560,13,3,3987.17,11961.51
3561,4,2,1814.71,3629.42
3561,11,3,5025.12,15075.36
3562,9,1,1838.28,1838.28
3562,1,3,54188.86,162566.58
3562,12,1,6874.94,6874.94
3562,4,2,1835.55,3671.1
3563,11,1,5245.38,5245.38
3564,11,1,4671.75,4671.75
3565,15,2,231.36,462.72
3565,1,3,60414.62,181243.86
3565,9,3,1801.21,5403.63
3566,1,1,50847.44,50847.44
3566,8,2,813.77,1627.54
3566,3,2,2363.83,4727.66
3566,2,2,26083.58,52167.16
3567,1,3,55371.41,166114.23
3567,12,2,6563.66,13127.32
3567,13,2,3838.53,7677.06
3567,14,3,706.23,2118.69
3568,10,2,4642.19,9284.38
3568,1,1,53085.21,53085.21
3568,4,1,1774.76,1774.76
3569,14,3,763.85,2291.55
3570,5,3,968.13,2904.39
3570,6,2,2419.51,4839.02
3570,10,3,4760.02,14280.06
3571,15,2,230.01,460.02
3571,7,3,2824.31,8472.93
3571,8,1,857.34,857.34
3571,12,1,6107.69,6107.69
3572,5,1,847.85,847.85
3572,3,1,2467.24,2467.24
3572,2,1,27371.08,27371.08
3573,9,2,1765.53,3531.06
3573,14,3,731.27,2193.81
3573,12,1,6184.57,6184.57
3573,15,2,259.13,518.26
3574,15,2,273.96,547.92
3574,12,3,5894.48,17683.44
3574,8,2,881.94,1763.88
3574,6,2,2108.53,4217.06
3575,3,2,2534.39,5068.78
3576,8,1,928.55,928.55
3576,6,1,2009.49,2009.49
3577,3,1,2361.43,2361.43
3577,13,2,4402.33,8804.66
3577,6,2,2006.93,4013.86
3577,10,1,4471.5,4471.5
3578,8,3,893.58,2680.74
3578,5,3,976.01,2928.03
3579,6,1,2223.01,2223.01
3580,10,3,4371.68,13115.04
3580,15,3,257.89,773.67
3580,6,1,2372.26,2372.26
3581,14,2,658.87,1317.74
3582,15,3,247.87,743.61
3582,2,2,24017.37,48034.74
3583,13,3,3849.35,11548.05
3583,6,3,2199.11,6597.33
3583,12,2,6836.17,13672.34
3584,3,2,2524.83,5049.66
3585,12,3,6787.93,20363.79
3585,8,1,927.97,927.97
3585,9,2,1928.42,3856.84
3586,2,3,23678.52,71035.56
3586,4,1,1896.7,1896.7
3586,13,2,4546.0,9092.0
3586,5,3,976.13,2928.39
3587,13,3,3917.82,11753.46
3588,2,1,25243.41,25243.41
3588,10,1,4698.3,4698.3
3589,11,2,5404.38,10808.76
3589,3,2,2644.46,5288.92
3589,13,2,3879.25,7758.5
3590,13,3,4059.9,12179.7
3590,15,2,245.37,490.74
3591,15,2,263.72,527.44
3591,8,2,896.94,1793.88
3591,13,1,3959.14,3959.14
3591,10,2,4300.89,8601.78
3592,3,1,2280.85,2280.85
3592,2,3,26828.29,80484.87
3593,12,3,6656.3,19968.9
3593,8,1,933.96,933.96
3594,11,3,5470.95,16412.85
3595,10,3,4511.12,13533.36
3595,3,1,2478.72,2478.72
3596,15,3,243.59,730.77
3596,13,3,4489.32,13467.96
3597,10,3,4144.19,12432.57
3597,6,2,2404.26,4808.52
3598,6,2,2175.86,4351.72
3598,9,2,1775.93,3551.86
3599,4,3,1649.78,4949.34
3600,8,1,907.69,907.69
3600,2,1,23773.67,23773.67
3600,15,1,237.84,237.84
3600,13,3,4517.49,13552.47
3601,15,2,231.25,462.5
3601,7,3,2747.07,8241.21
3602,2,1,25094.81,25094.81
3602,8,3,963.6,2890.8
3603,8,2,951.82,1903.64
3603,10,1,4185.76,4185.76
3604,14,3,759.58,2278.74
3604,15,2,226.11,452.22
3604,6,3,2145.23,6435.69
3605,8,2,872.34,1744.68
3605,5,2,899.13,1798.26
3605,7,2,3008.49,6016.98
3605,4,2,1660.57,3321.14
3606,14,3,744.06,2232.18
3606,2,1,23162.56,23162.56
3606,3,3,2285.66,6856.98
3607,10,1,4752.71,4752.71
3607,12,2,6427.91,12855.82
3607,5,1,819.85,819.85
3608,13,2,4277.51,8555.02
3609,5,1,851.83,851.83
3609,11,3,4792.82,14378.46
3609,7,2,3092.6,6185.2
3609,1,2,52783.2,105566.4
3610,3,1,2726.99,2726.99
3610,1,3,52680.07,158040.21
3610,6,3,2098.36,6295.08
3610,10,2,4845.87,9691.74
3611,12,3,6774.51,20323.53
3612,9,3,1676.55,5029.65
3612,4,3,1661.22,4983.66
3612,11,3,5171.44,15514.32
3612,1,3,56841.24,170523.72
3613,14,1,728.41,728.41
3614,8,1,987.05,987.05
3615,11,3,4867.57,14602.71
3615,12,3,6270.83,18812.49
3616,8,1,970.7,970.7
3616,2,2,24079.75,48159.5
3617,11,1,4916.53,4916.53
3617,12,1,5892.58,5892.58
3617,4,3,1945.76,5837.28
3617,15,3,236.76,710.28
3618,7,1,2827.57,2827.57
3618,14,3,646.95,1940.85
3618,8,2,824.98,1649.96
3619,15,1,263.53,263.53
3619,13,2,3903.04,7806.08
3619,5,3,908.6,2725.8
3619,6,1,2032.9,2032.9
3620,4,3,1726.82,5180.46
3620,1,1,55556.32,55556.32
3621,7,2,3020.1,6040.2
3621,1,2,55066.45,110132.9
3622,8,1,866.83,866.83
3622,12,2,6213.15,12426.3
3623,1,2,58701.25,117402.5
3623,14,1,725.87,725.87
3624,12,1,5994.02,5994.02
3624,4,1,1836.75,1836.75
3624,14,1,765.98,765.98
3624,6,2,2200.61,4401.22
3625,15,3,252.61,757.83
3625,10,3,4182.48,12547.44
3625,4,1,1934.21,1934.21
3625,12,2,6037.7,12075.4
3626,1,1,49537.74,49537.74
3627,6,3,2251.18,6753.54
3627,8,2,832.86,1665.72
3628,4,3,1668.06,5004.18
3628,1,1,49623.06,49623.06
3628,13,3,3844.77,11534.31
3628,15,3,262.78,788.34
3629,5,3,916.62,2749.86
3630,14,2,769.28,1538.56
3631,9,2,1929.69,3859.38
3631,8,2,920.01,1840.02
3631,1,2,53708.74,107417.48
3631,14,1,757.12,757.12
3632,2,1,24963.63,24963.63
3633,2,3,23505.0,70515.0
3634,9,2,1862.52,3725.04
3635,15,1,248.74,248.74
3635,13,3,4067.74,12203.22
3636,15,1,229.22,229.22
3636,13,3,4466.91,13400.73
3636,9,1,1681.63,1681.63
3636,1,2,56173.46,112346.92
3637,3,3,2448.34,7345.02
3637,7,2,3116.1,6232.2
3637,12,2,6957.23,13914.46
3637,6,2,2034.48,4068.96
3638,12,3,6597.97,19793.91
3638,14,2,760.36,1520.72
3638,6,3,2138.95,6416.85
3638,15,3,229.16,687.48
3639,12,1,6188.72,6188.72
3639,8,1,910.69,910.69
3639,2,1,27326.83,27326.83
3640,6,2,2234.08,4468.16
3640,15,3,239.05,717.15
3641,3,1,2642.03,2642.03
3641,2,2,22934.91,45869.82
3641,5,2,920.62,1841.24
3642,3,2,2687.36,5374.72
3643,10,3,4182.87,12548.61
3644,5,2,816.33,1632.66
3644,4,1,1662.98,1662.98
3645,1,2,51247.18,102494.36
3645,11,3,4875.17,14625.51
3645,13,2,4166.32,8332.64
3645,8,3,883.15,2649.45
3646,7,3,2716.08,8148.24
3646,10,3,4433.2,13299.6
3646,5,2,947.42,1894.84
3646,12,3,6001.27,18003.81
3647,14,1,749.98,749.98
3647,4,1,1964.02,1964.02
3647,6,1,2102.43,2102.43
3647,2,2,27119.56,54239.12
3648,11,1,4963.38,4963.38
3648,5,1,959.62,959.62
3648,8,1,974.76,974.76
3648,13,3,4155.01,12465.03
3649,3,2,2536.62,5073.24
3649,2,3,25076.26,75228.78
3649,12,1,5857.76,5857.76
3650,4,3,1910.38,5731.14
3650,10,2,4647.99,9295.98
3650,1,2,56571.27,113142.54
3650,8,2,820.31,1640.62
3651,9,2,1736.91,3473.82
3651,10,2,4222.09,8444.18
3652,12,1,6696.6,6696.6
3652,5,3,951.09,2853.27
3652,1,1,56467.23,56467.23
3652,7,1,2738.04,2738.04
3653,7,1,2881.37,2881.37
3653,13,3,3922.43,11767.29
3653,10,3,4750.84,14252.52
3653,4,3,1877.51,5632.53
3654,2,3,27068.49,81205.47
3655,10,1,4315.97,4315.97
3655,7,2,3183.43,6366.86
3655,9,1,1815.48,1815.48
3655,11,2,5178.14,10356.28
3656,2,2,22846.54,45693.08
3657,3,1,2501.47,2501.47
3657,6,1,2187.58,2187.58
3658,10,2,4605.24,9210.48
3659,3,3,2381.48,7144.44
3659,12,2,6911.5,13823.0
3659,9,1,1837.6,1837.6
3660,10,2,4653.23,9306.46
3661,1,3,58531.18,175593.54
3661,5,2,854.58,1709.16
3662,11,3,4651.85,13955.55
3662,3,1,2520.77,2520.77
3662,8,3,940.06,2820.18
3662,14,2,662.59,1325.18
3663,13,1,4500.31,4500.31
3664,4,2,1763.69,3527.38
3664,6,1,2367.3,2367.3
3664,12,3,6567.84,19703.52
3665,10,1,4613.92,4613.92
3665,8,1,896.35,896.35
3665,5,3,810.35,2431.05
3665,4,1,1917.65,1917.65
3666,13,2,4212.04,8424.08
3666,14,1,666.0,666.0
3666,10,3,4515.16,13545.48
3667,6,2,2094.14,4188.28
3667,13,3,4099.54,12298.62
3667,5,1,841.42,841.42
3667,3,1,2576.37,2576.37
3668,3,3,2262.23,6786.69
3668,14,2,688.5,1377.0
3668,2,2,25930.98,51861.96
3669,15,1,241.03,241.03
3669,4,1,1731.68,1731.68
3670,7,1,2978.95,2978.95
3670,13,1,3813.95,3813.95
3671,9,2,1903.33,3806.66
3671,10,2,4460.14,8920.28
3672,10,1,4444.89,4444.89
3673,11,3,5469.55,16408.65
3673,9,3,1840.94,5522.82
3673,2,1,25773.82,25773.82
3674,11,2,5325.01,10650.02
3674,1,1,55023.97,55023.97
3675,1,1,52129.2,52129.2
3675,2,3,26524.38,79573.14
3675,13,3,3944.34,11833.02
3676,4,2,1838.61,3677.22
3677,6,2,2265.57,4531.14
3677,13,2,4190.01,8380.02
3677,9,1,1763.9,1763.9
3677,7,1,2999.31,2999.31
3678,10,3,4480.43,13441.29
3678,9,2,1733.68,3467.36
3678,6,2,2339.61,4679.22
3678,12,1,5973.53,5973.53
3679,6,2,2339.04,4678.08
3679,7,2,3190.45,6380.9
3680,14,1,763.86,763.86
3680,4,1,1813.92,1813.92
3680,2,2,25014.21,50028.42
3680,8,3,821.75,2465.25
3681,4,2,1640.44,3280.88
3681,2,2,24090.53,48181.06
3682,1,2,58982.6,117965.2
3682,14,1,689.89,689.89
3682,11,2,4758.45,9516.9
3682,3,1,2724.45,2724.45
3683,14,3,683.11,2049.33
3683,4,3,1951.07,5853.21
3683,11,1,4661.19,4661.19
3683,5,1,956.02,956.02
3684,4,2,1828.08,3656.16
3684,9,2,1675.54,3351.08
3684,2,1,26006.49,26006.49
3685,5,3,976.36,2929.08
3685,7,2,2957.1,5914.2
3685,6,2,2035.79,4071.58
3685,15,3,233.41,700.23
3686,6,2,2410.0,4820.0
3686,11,3,4707.49,14122.47
3686,1,1,56627.8,56627.8
3686,2,2,25759.34,51518.68
3687,14,2,638.82,1277.64
3687,10,3,4199.53,12598.59
3688,14,2,677.11,1354.22
3689,6,2,2029.06,4058.12
3689,5,2,903.8,1807.6
3689,3,2,2685.71,5371.42
3689,13,3,3839.16,11517.48
3690,13,2,3896.16,7792.32
3690,8,2,862.89,1725.78
3690,3,1,2684.86,2684.86
3690,12,1,6126.55,6126.55
3691,15,2,273.7,547.4
3691,4,1,1791.06,1791.06
3691,9,2,1926.89,3853.78
3691,11,3,4578.96,13736.88
3692,5,2,959.87,1919.74
3692,1,3,50055.1,150165.3
3692,3,1,2348.9,2348.9
3692,13,1,4098.52,4098.52
3693,10,3,4100.15,12300.45
3694,10,1,4829.93,4829.93
3694,8,3,928.91,2786.73
3695,9,2,1952.3,3904.6
3695,10,1,4744.15,4744.15
3695,11,1,4912.46,4912.46
3696,12,3,6679.18,20037.54
3696,13,2,4185.95,8371.9
3696,15,2,240.99,481.98
3696,6,3,2173.28,6519.84
3697,12,2,6358.12,12716.24
3698,6,2,2122.36,4244.72
3698,11,1,4569.24,4569.24
3698,10,1,4611.19,4611.19
3698,7,1,3066.26,3066.26
3699,4,3,1911.7,5735.1
3699,7,3,3048.12,9144.36
3699,2,2,24585.98,49171.96
3700,7,2,2762.15,5524.3
3701,11,2,5138.01,10276.02
3701,5,1,901.2,901.2
3701,10,3,4948.46,14845.38
3701,9,2,1636.3,3272.6
3702,14,2,630.79,1261.58
3702,12,3,6657.97,19973.91
3702,4,1,1757.46,1757.46
3703,10,2,4236.69,8473.38
3703,6,2,1983.24,3966.48
3703,14,2,655.04,1310.08
3703,7,1,3222.69,3222.69
3704,12,1,6670.0,6670.0
3704,10,1,4233.43,4233.43
3704,3,1,2354.2,2354.2
3704,9,2,1857.22,3714.44
3705,8,2,855.9,1711.8
3705,9,1,1641.33,1641.33
3705,3,3,2439.85,7319.55
3705,1,2,51739.62,103479.24
3706,6,3,2269.97,6809.91
3706,1,2,55351.36,110702.72
3706,15,3,253.21,759.63
3707,5,3,939.21,2817.63
3708,8,1,982.07,982.07
3708,12,1,6639.17,6639.17
3709,12,1,6403.53,6403.53
3709,4,1,1767.61,1767.61
3709,15,1,234.31,234.31
3709,14,1,731.56,731.56
3710,9,3,1624.26,4872.78
3711,14,3,677.25,2031.75
3711,4,3,1623.28,4869.84
3712,8,3,825.52,2476.56
3713,12,1,6274.38,6274.38
3713,8,1,875.64,875.64
3714,11,1,5265.98,5265.98
3714,7,1,2811.03,2811.03
3715,14,2,640.94,1281.88
3715,2,2,22717.43,45434.86
3716,12,1,5893.16,5893.16
3717,8,2,895.56,1791.12
3717,12,3,6177.69,18533.07
3717,4,1,1700.6,1700.6
3718,9,1,1701.75,1701.75
3718,2,3,25557.27,76671.81
3718,3,2,2417.44,4834.88
3719,5,3,922.59,2767.77
3719,12,3,5900.31,17700.93
3720,7,2,3213.94,6427.88
3721,12,3,6894.49,20683.47
3721,11,1,4590.88,4590.88
3721,10,1,4288.67,4288.67
3721,8,3,863.74,2591.22
3722,15,1,271.26,271.26
3722,14,1,709.89,709.89
3722,7,3,3112.96,9338.88
3722,4,1,1970.46,1970.46
3723,3,3,2590.92,7772.76
3723,4,1,1681.1,1681.1
3723,14,1,698.87,698.87
3723,5,3,841.28,2523.84
3724,12,3,5869.19,17607.57
3724,1,1,57025.63,57025.63
3724,11,3,4604.98,13814.94
3724,7,1,2884.54,2884.54
3725,14,2,661.0,1322.0
3726,13,3,4447.91,13343.73
3726,12,2,6808.87,13617.74
3727,11,3,5197.98,15593.94
3727,4,1,1757.5,1757.5
3727,8,2,914.67,1829.34
3727,9,1,1859.25,1859.25
3728,15,2,259.04,518.08
3728,4,1,1931.43,1931.43
3728,12,2,6904.62,13809.24
3728,9,2,1713.01,3426.02
3729,15,1,249.61,249.61
3730,4,1,1958.9,1958.9
3731,11,3,5263.83,15791.49
3731,12,1,6205.26,6205.26
3731,3,3,2499.0,7497.0
3731,13,1,4342.74,4342.74
3732,10,3,4327.13,12981.39
3733,7,2,2775.77,5551.54
3733,14,1,699.28,699.28
3733,6,3,2350.28,7050.84
3734,10,3,4718.63,14155.89
3734,3,1,2675.66,2675.66
3734,9,3,1842.31,5526.93
3734,8,1,905.47,905.47
3735,12,2,5924.23,11848.46
3735,15,1,241.28,241.28
3735,1,3,53566.61,160699.83
3735,7,1,3260.32,3260.32
3736,9,3,1849.75,5549.25
3736,2,1,23449.46,23449.46
3737,6,3,2406.26,7218.78
3737,2,1,24215.82,24215.82
3738,2,2,23089.58,46179.16
3738,1,2,57286.27,114572.54
3738,15,3,255.48,766.44
3739,14,2,679.02,1358.04
3740,2,1,23462.97,23462.97
3740,15,1,255.88,255.88
3741,7,1,3122.68,3122.68
3742,6,2,1998.79,3997.58
3743,2,2,26077.48,52154.96
3743,4,3,1751.87,5255.61
3744,3,3,2366.6,7099.8
3745,1,1,54694.02,54694.02
3745,13,3,4239.4,12718.2
3746,9,1,1623.29,1623.29
3746,6,2,2175.89,4351.78
3746,8,2,861.89,1723.78
3747,3,3,2279.67,6839.01
3747,9,3,1705.34,5116.02
3748,4,2,1780.11,3560.22
3749,13,3,4371.45,13114.35
3749,2,3,23047.28,69141.84
3749,14,1,722.89,722.89
3750,2,1,24791.89,24791.89
3750,15,1,229.35,229.35
3750,4,2,1932.29,3864.58
3750,1,1,58134.35,58134.35
3751,4,2,1710.06,3420.12
3752,15,1,264.74,264.74
3752,5,2,948.63,1897.26
3752,10,1,4354.55,4354.55
3753,3,1,2386.83,2386.83
3754,10,1,4075.77,4075.77
3754,11,2,5214.73,10429.46
3754,3,3,2480.6,7441.8
3755,8,3,833.54,2500.62
3755,13,2,4589.47,9178.94
3755,2,1,23334.18,23334.18
3755,9,1,1702.11,1702.11
3756,4,3,1871.14,5613.42
3756,11,1,4825.57,4825.57
3756,14,2,651.26,1302.52
3757,10,2,4344.69,8689.38
3757,9,1,1690.19,1690.19
3757,12,2,7064.34,14128.68
3758,6,2,2292.27,4584.54
3758,8,3,966.2,2898.6
3759,7,3,3205.97,9617.91
3759,13,2,3973.62,7947.24
3759,15,3,245.73,737.19
3759,10,3,4533.25,13599.75
3760,1,3,50569.17,151707.51
3761,14,1,657.99,657.99
3761,1,1,50660.58,50660.58
3761,2,1,26214.51,26214.51
3761,3,1,2660.81,2660.81
3762,3,3,2700.49,8101.47
3763,14,3,654.63,1963.89
3763,5,3,976.34,2929.02
3763,15,2,248.66,497.32
3763,4,3,1789.67,5369.01
3764,6,2,2259.32,4518.64
3764,13,1,4523.74,4523.74
3765,2,2,26270.7,52541.4
3765,6,3,2338.26,7014.78
3765,7,1,2902.0,2902.0
3766,12,1,6559.8,6559.8
3766,13,1,4430.57,4430.57
3766,14,1,649.87,649.87
3767,12,3,6187.93,18563.79
3767,3,2,2723.14,5446.28
3767,9,1,1713.7,1713.7
3768,14,2,707.3,1414.6
3768,3,3,2468.02,7404.06
3768,6,3,2304.19,6912.57
3769,3,2,2702.9,5405.8
3769,6,3,2065.74,6197.22
3770,3,3,2485.26,7455.78
3771,2,2,24636.76,49273.52
3771,10,3,4734.42,14203.26
3771,9,3,1627.96,4883.88
3771,7,3,3052.86,9158.58
3772,10,3,4617.71,13853.13
3773,10,2,4398.36,8796.72
3773,11,1,4571.91,4571.91
3773,5,2,892.22,1784.44
3774,14,1,647.23,647.23
3774,3,3,2416.53,7249.59
3774,10,2,4519.01,9038.02
3775,13,2,4041.24,8082.48
3775,14,1,647.54,647.54
3775,15,2,260.87,521.74
3776,10,2,4295.06,8590.12
3776,15,2,249.03,498.06
3777,2,3,25224.95,75674.85
3778,4,3,1808.61,5425.83
3779,2,2,26052.7,52105.4
3779,7,2,2914.83,5829.66
3780,8,3,955.92,2867.76
3780,10,3,4065.55,12196.65
3781,10,3,4693.32,14079.96
3782,5,2,811.72,1623.44
3782,8,2,864.34,1728.68
3782,3,1,2488.53,2488.53
3782,11,2,4586.82,9173.64
3783,5,3,843.11,2529.33
3783,3,3,2476.38,7429.14
3784,4,3,1850.82,5552.46
3784,7,1,2736.16,2736.16
3784,13,2,4458.99,8917.98
3784,5,2,928.08,1856.16
3785,7,3,2812.61,8437.83
3785,9,2,1621.66,3243.32
3786,4,2,1977.52,3955.04
3786,2,3,24904.93,74714.79
3786,11,2,5490.69,10981.38
3787,9,1,1942.86,1942.86
3787,13,3,4315.11,12945.33
3787,10,2,4880.71,9761.42
3788,9,2,1871.1,3742.2
3788,4,1,1763.05,1763.05
3789,2,2,25057.02,50114.04
3789,3,1,2471.45,2471.45
3789,6,1,2036.49,2036.49
3789,5,3,825.52,2476.56
3790,11,3,5076.95,15230.85
3791,8,2,817.01,1634.02
3791,9,2,1936.23,3872.46
3791,15,2,229.64,459.28
3792,9,1,1633.13,1633.13
3792,8,3,837.47,2512.41
3792,12,3,6883.66,20650.98
3792,15,3,257.0,771.0
3793,5,1,959.62,959.62
3793,4,3,1883.15,5649.45
3793,6,2,2292.38,4584.76
3793,11,2,5101.78,10203.56
3794,2,1,23752.65,23752.65
3794,14,2,711.71,1423.42
3794,8,3,898.45,2695.35
3795,11,1,5107.78,5107.78
3795,10,2,4136.36,8272.72
3796,12,2,6043.03,12086.06
3796,14,1,727.23,727.23
3796,11,2,5410.38,10820.76
3796,9,2,1796.53,3593.06
3797,1,1,57257.65,57257.65
3797,5,3,866.02,2598.06
3797,12,3,6037.57,18112.71
3797,4,3,1757.98,5273.94
3798,4,2,1798.87,3597.74
3798,11,3,5447.5,16342.5
3799,4,1,1706.95,1706.95
3799,1,2,49905.88,99811.76
3799,13,1,3991.04,3991.04
3800,13,2,4264.43,8528.86
3800,15,2,238.75,477.5
3800,7,3,3151.11,9453.33
3800,4,1,1645.6,1645.6
3801,4,3,1697.89,5093.67
3801,3,3,2615.45,7846.35
3801,1,1,55003.92,55003.92
3801,11,2,5081.45,10162.9
3802,4,2,1739.41,3478.82
3802,6,3,2017.72,6053.16
3802,10,3,4649.98,13949.94
3802,14,1,748.97,748.97
3803,6,3,2094.15,6282.45
3803,12,3,5918.46,17755.38
3804,15,1,238.51,238.51
3804,8,3,856.92,2570.76
3804,2,3,24084.63,72253.89
3805,11,3,5421.69,16265.07
3805,7,2,3208.75,6417.5
3805,15,1,255.56,255.56
3806,8,1,830.65,830.65
3806,1,3,50384.66,151153.98
3807,10,2,4803.81,9607.62
3807,9,3,1827.24,5481.72
3807,15,1,225.4,225.4
3808,9,1,1854.9,1854.9
3808,7,1,2880.44,2880.44
3808,1,2,50998.35,101996.7
3809,1,3,56466.49,169399.47
3809,2,3,22834.88,68504.64
3809,13,3,4099.13,12297.39
3810,3,2,2627.97,5255.94
3810,6,2,2148.9,4297.8
3811,15,3,230.42,691.26
3811,2,3,24756.74,74270.22
3811,1,1,57825.22,57825.22
3812,11,3,4855.31,14565.93
3812,14,1,657.93,657.93
3812,12,3,6046.15,18138.45
3812,3,3,2508.51,7525.53
3813,3,3,2365.31,7095.93
3813,8,2,822.55,1645.1
3813,13,1,4403.57,4403.57
3814,12,1,7085.86,7085.86
3814,5,1,984.81,984.81
3814,2,1,23957.87,23957.87
3814,1,2,50260.11,100520.22
3815,13,3,4518.8,13556.4
3815,12,3,6476.42,19429.26
3815,1,1,56737.08,56737.08
3815,8,2,838.33,1676.66
3816,13,1,4114.51,4114.51
3816,2,1,22788.36,22788.36
3816,9,2,1822.79,3645.58
3816,1,2,59602.0,119204.0
3817,8,2,824.31,1648.62
3817,10,1,4451.67,4451.67
3817,5,2,886.42,1772.84
3817,1,3,60175.18,180525.54
3818,15,2,254.74,509.48
3818,2,2,23656.73,47313.46
3818,4,2,1667.34,3334.68
3818,10,2,4813.61,9627.22
3819,9,1,1911.05,1911.05
3820,8,3,815.79,2447.37
3820,12,2,6449.9,12899.8
3820,15,3,267.49,802.47
3821,1,1,55892.52,55892.52
3822,10,2,4584.51,9169.02
3822,15,1,246.3,246.3
3822,12,1,6666.19,6666.19
3823,4,3,1708.07,5124.21
3823,10,1,4180.08,4180.08
3823,12,3,6416.1,19248.3
3824,8,1,852.38,852.38
3824,3,1,2621.02,2621.02
3825,3,3,2713.09,8139.27
3826,1,2,51364.23,102728.46
3826,12,1,6279.22,6279.22
3827,10,3,4941.82,14825.46
3827,9,1,1752.3,1752.3
3827,13,1,4205.69,4205.69
3828,15,1,241.14,241.14
3828,9,1,1939.83,1939.83
3829,8,3,969.41,2908.23
3829,4,2,1746.06,3492.12
3830,11,1,4979.01,4979.01
3830,2,3,25683.13,77049.39
3830,5,1,851.84,851.84
3831,3,3,2327.85,6983.55
3831,11,1,4957.32,4957.32
3831,15,3,232.93,698.79
3831,9,1,1913.24,1913.24
3832,13,1,3817.86,3817.86
3832,9,1,1778.78,1778.78
3832,1,2,49654.91,99309.82
3833,13,3,4444.98,13334.94
3833,8,3,878.24,2634.72
3834,3,1,2672.73,2672.73
3835,15,2,272.23,544.46
3835,1,2,58394.32,116788.64
3836,11,2,5179.91,10359.82
3836,9,2,1693.42,3386.84
3836,14,1,692.04,692.04
3836,12,2,7111.83,14223.66
3837,12,2,6278.22,12556.44
3838,8,1,956.14,956.14
3838,14,2,767.06,1534.12
3839,2,2,26810.54,53621.08
3840,13,1,3855.21,3855.21
3840,5,2,887.97,1775.94
3840,3,3,2420.75,7262.25
3841,15,3,266.54,799.62
3841,8,3,912.11,2736.33
3841,14,3,723.61,2170.83
3842,4,2,1825.02,3650.04
3842,8,1,835.71,835.71
3843,4,2,1770.39,3540.78
3843,7,3,2934.68,8804.04
3844,1,1,49784.94,49784.94
3844,5,3,966.33,2898.99
3845,5,2,851.6,1703.2
3846,2,1,22796.61,22796.61
3847,3,3,2728.89,8186.67
3847,2,2,23261.97,46523.94
3847,5,1,817.41,817.41
3848,14,1,743.92,743.92
3848,6,3,2302.96,6908.88
3849,4,2,1703.66,3407.32
3849,9,1,1978.65,1978.65
3849,15,3,267.5,802.5
3849,5,3,846.56,2539.68
3850,6,3,2408.03,7224.09
3850,1,3,55796.55,167389.65
3850,10,3,4932.1,14796.3
3851,12,1,6714.86,6714.86
3852,5,2,859.45,1718.9
3852,11,3,5096.36,15289.08
3853,9,1,1814.21,1814.21
3853,15,2,264.52,529.04
3853,1,2,56497.44,112994.88
3854,14,2,632.66,1265.32
3854,6,1,2135.99,2135.99
3854,1,3,58754.17,176262.51
3854,15,1,227.01,227.01
3855,9,3,1698.44,5095.32
3855,6,1,2348.22,2348.22
3855,15,1,261.23,261.23
3856,4,2,1683.34,3366.68
3856,3,2,2626.55,5253.1
3856,6,2,2184.56,4369.12
3856,7,2,3170.32,6340.64
3857,8,2,840.65,1681.3
3857,4,3,1865.72,5597.16
3857,10,2,4603.87,9207.74
3858,6,1,2252.27,2252.27
3858,8,1,863.72,863.72
3858,2,2,24326.96,48653.92
3859,5,2,827.66,1655.32
3860,7,2,3224.97,6449.94
3860,14,3,727.71,2183.13
3861,10,3,4498.78,13496.34
3862,11,1,4892.96,4892.96
3862,1,1,54828.03,54828.03
3862,10,2,4355.48,8710.96
3862,5,3,934.99,2804.97
3863,6,1,2293.97,2293.97
3863,4,1,1687.12,1687.12
3863,3,1,2696.34,2696.34
3864,15,1,270.86,270.86
3865,14,2,759.6,1519.2
3865,9,2,1712.12,3424.24
3865,6,3,2203.59,6610.77
3865,13,3,3836.21,11508.63
3866,3,2,2721.3,5442.6
3866,12,3,6639.93,19919.79
3866,5,2,885.48,1770.96
3867,10,3,4247.12,12741.36
3867,8,2,966.9,1933.8
3867,6,2,2373.55,4747.1
3868,15,3,260.96,782.88
3869,14,1,659.98,659.98
3869,15,2,251.18,502.36
3869,9,2,1663.57,3327.14
3869,11,2,5475.54,10951.08
3870,7,2,2985.18,5970.36
3871,11,2,5141.65,10283.3
3872,5,2,873.99,1747.98
3872,7,3,3059.71,9179.13
3872,13,2,4613.56,9227.12
3873,8,1,819.16,819.16
3874,9,1,1738.86,1738.86
3875,8,2,939.24,1878.48
3875,12,1,6404.34,6404.34
3875,9,1,1831.73,1831.73
3876,2,2,24773.0,49546.0
3876,11,2,4603.69,9207.38
3876,13,2,3813.0,7626.0
3877,2,2,22963.61,45927.22
3877,15,2,230.09,460.18
3877,3,2,2707.87,5415.74
3877,9,2,1657.01,3314.02
3878,3,3,2602.96,7808.88
3878,13,1,3851.86,3851.86
3878,7,2,2784.78,5569.56
3879,7,2,2838.43,5676.86
3879,4,1,1972.4,1972.4
3879,1,2,55041.34,110082.68
3880,14,2,669.68,1339.36
3880,2,3,23674.18,71022.54
3880,15,2,226.84,453.68
3880,3,2,2315.23,4630.46
3881,13,3,3939.99,11819.97
3881,2,3,26633.13,79899.39
3881,10,3,4429.32,13287.96
3881,9,2,1897.46,3794.92
3882,7,2,3016.55,6033.1
3882,4,2,1891.9,3783.8
3882,15,3,267.41,802.23
3883,14,3,738.67,2216.01
3884,14,1,669.82,669.82
3885,12,2,6847.06,13694.12
3886,6,3,2184.53,6553.59
3886,15,3,249.54,748.62
3887,15,3,268.01,804.03
3887,9,3,1838.38,5515.14
3888,9,1,1976.0,1976.0
3888,12,1,6185.89,6185.89
3888,14,2,737.21,1474.42
3889,1,2,54750.54,109501.08
3889,13,1,4547.72,4547.72
3889,14,2,658.1,1316.2
3890,13,2,3933.55,7867.1
3890,10,2,4173.68,8347.36
3891,8,3,946.81,2840.43
3891,13,3,3988.14,11964.42
3891,9,1,1907.45,1907.45
3891,5,2,977.22,1954.44
3892,4,3,1931.55,5794.65
3892,11,3,4940.39,14821.17
3892,10,1,4454.67,4454.67
3892,12,2,7028.66,14057.32
3893,6,2,2180.33,4360.66
3893,4,3,1915.65,5746.95
3893,11,1,5422.6,5422.6
3893,2,2,26168.92,52337.84
3894,11,3,4632.26,13896.78
3894,5,3,841.34,2524.02
3895,14,3,723.92,2171.76
3895,4,2,1757.21,3514.42
3896,9,1,1686.86,1686.86
3896,15,1,272.05,272.05
3897,7,1,2727.01,2727.01
3897,14,1,696.91,696.91
3897,13,1,4601.93,4601.93
3898,3,1,2737.84,2737.84
3898,6,3,1987.98,5963.94
3898,11,1,5196.9,5196.9
3899,8,3,823.97,2471.91
3899,1,2,53511.29,107022.58
3899,6,2,2172.03,4344.06
3900,6,2,2010.82,4021.64
3900,10,1,4939.95,4939.95
3901,14,1,691.75,691.75
3901,1,3,50275.23,150825.69
3901,13,3,4061.42,12184.26
3901,7,3,3023.32,9069.96
3902,13,2,4304.85,8609.7
3903,13,2,4082.53,8165.06
3903,6,2,2325.66,4651.32
3903,12,1,6884.08,6884.08
3904,11,2,5050.43,10100.86
3905,10,2,4335.48,8670.96
3905,2,3,26702.33,80106.99
3906,4,2,1890.19,3780.38
3906,7,1,3219.78,3219.78
3907,12,3,6730.93,20192.79
3907,14,3,722.94,2168.82
3907,2,2,23947.9,47895.8
3908,9,1,1949.04,1949.04
3908,6,2,2349.56,4699.12
3908,11,1,4741.76,4741.76
3908,10,2,4723.4,9446.8
3909,2,1,25609.42,25609.42
3909,5,1,940.52,940.52
3910,5,1,982.2,982.2
3910,6,3,1994.13,5982.39
3911,5,1,927.65,927.65
3911,11,2,4710.7,9421.4
3911,1,2,52996.85,105993.7
3912,7,2,2979.13,5958.26
3913,6,1,2364.24,2364.24
3913,8,3,843.09,2529.27
3913,5,2,920.72,1841.44
3913,13,2,3943.19,7886.38
3914,2,1,27262.22,27262.22
3914,10,3,4404.86,13214.58
3915,5,1,854.46,854.46
3915,4,1,1677.06,1677.06
3916,11,1,4855.06,4855.06
3917,3,3,2571.94,7715.82
3918,15,3,236.14,708.42
3918,5,1,983.23,983.23
3918,4,3,1947.19,5841.57
3919,14,2,708.65,1417.3
3919,5,3,860.43,2581.29
3920,1,3,55966.26,167898.78
3921,15,2,239.17,478.34
3921,12,3,6028.02,18084.06
3922,3,1,2550.19,2550.19
3923,5,1,931.34,931.34
3923,2,3,27031.78,81095.34
3924,5,3,860.62,2581.86
3924,4,2,1753.53,3507.06
3924,3,1,2709.53,2709.53
3925,4,2,1918.75,3837.5
3925,3,1,2658.94,2658.94
3925,7,1,3281.65,3281.65
3925,13,2,4411.88,8823.76
3926,6,2,2379.33,4758.66
3926,13,1,4497.15,4497.15
3926,7,3,3067.23,9201.69
3926,2,1,24535.5,24535.5
3927,15,1,255.79,255.79
3927,3,3,2487.86,7463.58
3927,4,1,1649.73,1649.73
3928,11,2,4592.57,9185.14
3929,13,2,4563.94,9127.88
3930,2,1,24546.64,24546.64
3931,15,3,254.02,762.06
3931,2,2,27269.16,54538.32
3931,14,3,764.02,2292.06
3932,14,3,711.39,2134.17
3933,11,2,4552.58,9105.16
3933,4,1,1762.46,1762.46
3934,6,1,2100.58,2100.58
3934,13,3,3928.49,11785.47
3934,11,1,4678.74,4678.74
3934,15,3,233.91,701.73
3935,12,1,6816.67,6816.67
3936,13,3,4091.36,12274.08
3937,15,1,242.1,242.1
3938,6,2,2286.45,4572.9
3939,10,3,4620.53,13861.59
3939,2,1,26386.31,26386.31
3939,12,3,7116.49,21349.47
3939,4,3,1825.62,5476.86
3940,9,1,1649.62,1649.62
3940,13,3,4447.53,13342.59
3940,6,2,2221.9,4443.8
3941,8,3,836.19,2508.57
3941,10,2,4706.63,9413.26
3941,9,3,1745.01,5235.03
3942,3,3,2257.37,6772.11
3942,5,3,901.83,2705.49
3943,10,1,4934.45,4934.45
3943,14,1,682.36,682.36
3943,9,2,1915.86,3831.72
3943,15,2,254.93,509.86
3944,3,2,2394.56,4789.12
3945,15,1,225.33,225.33
3945,12,2,6528.93,13057.86
3945,14,3,643.85,1931.55
3946,14,3,688.03,2064.09
3946,12,2,7143.26,14286.52
3946,3,2,2632.61,5265.22
3946,5,1,849.66,849.66
3947,8,1,894.55,894.55
3947,15,2,232.64,465.28
3947,14,3,661.66,1984.98
3948,8,3,814.06,2442.18
3948,13,3,3912.53,11737.59
3948,11,2,4613.93,9227.86
3948,2,3,27222.18,81666.54
3949,9,3,1678.77,5036.31
3950,1,2,59033.46,118066.92
3950,7,3,3097.92,9293.76
3951,7,1,3257.62,3257.62
3951,10,1,4177.12,4177.12
3951,12,3,6829.79,20489.37
3952,8,2,853.56,1707.12
3952,6,1,2337.89,2337.89
3952,13,1,4074.17,4074.17
3952,3,1,2365.87,2365.87
3953,7,3,2729.42,8188.26
3954,15,2,242.36,484.72
3955,6,2,2031.5,4063.0
3955,1,3,57974.21,173922.63
3955,7,2,3025.82,6051.64
3956,11,2,4723.54,9447.08
3957,12,3,6131.51,18394.53
3957,11,1,4948.0,4948.0
3958,6,3,2084.82,6254.46
3958,12,1,7074.96,7074.96
3958,4,3,1642.11,4926.33
3958,8,1,925.08,925.08
3959,9,1,1789.21,1789.21
3959,7,1,2931.38,2931.38
3959,6,2,2064.21,4128.42
3960,8,2,901.62,1803.24
3960,3,3,2320.25,6960.75
3960,15,1,257.67,257.67
3960,9,1,1914.42,1914.42
3961,10,1,4086.81,4086.81
3961,14,3,762.19,2286.57
3961,5,1,873.01,873.01
3962,3,1,2529.06,2529.06
3962,9,3,1936.21,5808.63
3962,10,2,4877.86,9755.72
3963,13,2,3865.65,7731.3
3963,8,3,911.66,2734.98
3964,13,1,4495.5,4495.5
3964,11,3,5219.35,15658.05
3964,15,3,227.67,683.01
3965,14,3,638.3,1914.9
3965,2,1,26318.66,26318.66
3965,5,3,891.03,2673.09
3966,9,2,1669.54,3339.08
3966,3,1,2511.2,2511.2
3967,2,3,24020.88,72062.64
3967,1,1,52767.15,52767.15
3968,7,2,2930.35,5860.7
3968,8,2,957.38,1914.76
3969,7,1,2953.7,2953.7
3969,8,2,906.03,1812.06
3969,11,1,5478.3,5478.3
3969,6,3,2090.78,6272.34
3970,9,3,1723.06,5169.18
3970,12,1,6543.39,6543.39
3971,6,2,2183.79,4367.58
3972,3,3,2492.07,7476.21
3972,4,3,1622.63,4867.89
3973,2,3,25856.7,77570.1
3973,8,1,977.72,977.72
3973,14,1,674.12,674.12
3974,8,1,894.71,894.71
3974,6,1,2178.33,2178.33
3974,14,3,740.2,2220.6
3975,10,2,4415.82,8831.64
3975,5,2,983.12,1966.24
3975,8,2,948.08,1896.16
3975,3,2,2491.51,4983.02
3976,10,1,4085.15,4085.15
3976,14,1,662.94,662.94
3976,9,3,1648.05,4944.15
3977,8,2,918.15,1836.3
3977,14,2,631.21,1262.42
3977,15,2,264.79,529.58
3977,1,2,50741.64,101483.28
3978,14,3,718.64,2155.92
3978,6,3,2107.19,6321.57
3979,12,2,6000.98,12001.96
3979,10,3,4317.7,12953.1
3980,15,2,236.67,473.34
3980,7,1,3203.29,3203.29
3981,2,2,25732.57,51465.14
3982,5,1,854.1,854.1
3982,14,3,654.26,1962.78
3982,4,3,1629.84,4889.52
3983,9,3,1635.35,4906.05
3983,10,3,4614.44,13843.32
3983,6,1,2348.11,2348.11
3984,7,2,3096.4,6192.8
3984,8,3,962.31,2886.93
3984,12,3,6007.49,18022.47
3984,1,2,54211.08,108422.16
3985,10,2,4297.21,8594.42
3985,14,3,660.77,1982.31
3985,12,1,7043.86,7043.86
3985,11,3,4843.98,14531.94
3986,9,2,1969.59,3939.18
3986,14,3,665.15,1995.45
3986,7,2,3111.31,6222.62
3986,12,3,6562.56,19687.68
3987,14,2,708.8,1417.6
3987,1,3,54077.0,162231.0
3988,1,3,56246.64,168739.92
3989,13,3,4181.06,12543.18
3989,6,1,2188.76,2188.76
3990,10,3,4211.48,12634.44
3990,12,2,6807.69,13615.38
3990,3,2,2626.15,5252.3
3990,14,3,716.24,2148.72
3991,9,2,1850.98,3701.96
3991,3,2,2287.87,4575.74
3991,7,2,2784.53,5569.06
3991,15,1,263.13,263.13
3992,5,3,971.19,2913.57
3992,15,2,249.19,498.38
3993,3,2,2275.32,4550.64
3993,10,3,4704.72,14114.16
3994,10,2,4080.1,8160.2
3994,2,3,23432.19,70296.57
3994,14,3,652.76,1958.28
3994,4,1,1649.46,1649.46
3995,10,3,4267.81,12803.43
3995,9,1,1840.71,1840.71
3995,4,2,1631.38,3262.76
3996,9,1,1878.89,1878.89
3996,14,3,707.96,2123.88
3996,7,1,3163.41,3163.41
3996,2,3,25058.63,75175.89
3997,13,1,4131.77,4131.77
3997,2,2,26121.76,52243.52
3997,9,1,1715.57,1715.57
3998,8,3,876.02,2628.06
3998,13,1,4197.13,4197.13
3998,12,1,6317.12,6317.12
3999,11,3,4566.98,13700.94
4000,12,1,6545.18,6545.18
4000,3,3,2622.46,7867.38
4000,6,3,2038.98,6116.94
4000,4,2,1695.84,3391.68
4001,4,3,1898.06,5694.18
4001,12,2,6042.52,12085.04
4001,9,3,1885.07,5655.21
4002,1,3,57623.88,172871.64
4003,8,3,976.97,2930.91
4003,10,1,4777.12,4777.12
4003,6,2,2070.53,4141.06
4003,9,2,1830.97,3661.94
4004,11,1,5206.53,5206.53
4004,8,1,985.29,985.29
4004,7,2,3141.64,6283.28
4005,5,3,980.47,2941.41
4005,11,2,4917.93,9835.86
4005,3,1,2394.47,2394.47
4005,1,1,52744.71,52744.71
4006,6,1,2235.92,2235.92
4007,6,2,2319.16,4638.32
4007,11,3,5487.16,16461.48
4007,4,3,1955.13,5865.39
4008,2,2,27428.39,54856.78
4009,7,2,3170.26,6340.52
4009,12,1,6741.49,6741.49
4009,3,2,2288.59,4577.18
4010,12,1,6478.13,6478.13
4010,8,1,950.44,950.44
4010,1,1,54455.51,54455.51
4010,7,2,3226.88,6453.76
4011,12,1,6113.36,6113.36
4012,13,1,4548.14,4548.14
4012,4,1,1698.16,1698.16
4012,11,3,4945.21,14835.63
4012,3,3,2705.46,8116.38
4013,6,3,2170.65,6511.95
4014,5,3,857.24,2571.72
4014,13,1,4005.79,4005.79
4014,14,1,679.0,679.0
4015,6,1,2380.22,2380.22
4015,15,1,258.04,258.04
4016,3,2,2491.14,4982.28
4016,9,1,1948.88,1948.88
4016,6,2,2419.27,4838.54
4017,13,2,3869.74,7739.48
4017,15,2,240.56,481.12
4017,9,3,1652.64,4957.92
4017,1,2,49752.36,99504.72
4018,11,3,5315.53,15946.59
4018,8,2,832.45,1664.9
4019,5,3,884.9,2654.7
4019,10,1,4357.46,4357.46
4020,9,3,1883.09,5649.27
4020,12,2,6558.83,13117.66
4020,10,1,4656.04,4656.04
4021,15,2,258.62,517.24
4022,8,2,847.08,1694.16
4022,1,3,54571.69,163715.07
4023,8,3,822.69,2468.07
4023,4,3,1709.23,5127.69
4023,9,3,1736.65,5209.95
4023,6,1,2014.84,2014.84
4024,3,2,2720.29,5440.58
4024,8,2,816.34,1632.68
4024,14,1,644.22,644.22
4024,2,3,26476.04,79428.12
4025,3,3,2338.85,7016.55
4025,15,3,267.92,803.76
4025,5,3,959.21,2877.63
4025,2,1,25777.34,25777.34
4026,6,1,2369.78,2369.78
4027,12,2,6753.31,13506.62
4028,15,1,263.4,263.4
4028,12,3,6046.86,18140.58
4029,8,3,943.11,2829.33
4030,13,1,4609.81,4609.81
4030,9,3,1688.93,5066.79
4030,14,1,761.57,761.57
4030,2,3,24540.08,73620.24
4031,12,2,6170.65,12341.3
4031,6,1,2183.08,2183.08
4031,4,3,1871.98,5615.94
4032,11,1,4820.4,4820.4
4033,9,1,1822.95,1822.95
4033,6,2,2172.82,4345.64
4034,14,2,631.69,1263.38
4034,12,3,6177.9,18533.7
4034,11,2,5105.46,10210.92
4034,15,1,252.41,252.41
4035,4,3,1694.57,5083.71
4035,13,3,4007.41,12022.23
4035,12,1,6977.88,6977.88
4035,11,3,4839.8,14519.4
4036,3,2,2410.1,4820.2
4036,12,1,6268.98,6268.98
4037,6,2,1998.42,3996.84
4037,12,3,7119.3,21357.9
4037,14,3,732.67,2198.01
4037,11,1,5434.05,5434.05
4038,6,1,2392.82,2392.82
4039,15,3,239.75,719.25
4039,2,1,24216.19,24216.19
4039,1,3,56222.22,168666.66
4039,7,3,3260.94,9782.82
4040,11,1,4954.92,4954.92
4040,9,1,1650.8,1650.8
4040,2,2,24812.52,49625.04
4040,15,3,261.88,785.64
4041,3,1,2325.12,2325.12
4041,9,2,1775.05,3550.1
4041,2,1,22887.75,22887.75
4041,6,3,2128.96,6386.88
4042,4,2,1718.73,3437.46
4043,3,2,2470.4,4940.8
4044,1,1,58362.3,58362.3
4044,10,1,4218.81,4218.81
4045,15,3,261.47,784.41
4046,7,3,2754.73,8264.19
4046,12,2,6324.41,12648.82
4046,1,2,58591.47,117182.94
4046,3,1,2392.29,2392.29
4047,2,3,23723.17,71169.51
4048,12,1,7056.8,7056.8
4049,9,2,1631.94,3263.88
4049,10,2,4715.8,9431.6
4049,13,2,4592.05,9184.1
4050,1,3,55864.63,167593.89
4050,9,3,1654.82,4964.46
4051,4,3,1735.22,5205.66
4051,2,3,22642.69,67928.07
4052,3,3,2610.75,7832.25
4053,8,3,914.08,2742.24
4053,1,2,51542.52,103085.04
4054,3,2,2716.0,5432.0
4054,12,1,6522.49,6522.49
4054,11,2,5311.03,10622.06
4055,13,1,3959.63,3959.63
4055,3,2,2406.59,4813.18
4055,8,2,980.28,1960.56
4056,15,2,253.66,507.32
4056,14,3,714.13,2142.39
4056,5,1,901.82,901.82
4056,13,1,3893.91,3893.91
4057,11,2,4637.57,9275.14
4057,3,2,2717.26,5434.52
4057,1,1,58973.1,58973.1
4057,12,3,6740.33,20220.99
4058,14,2,746.42,1492.84
4058,11,3,5152.45,15457.35
4058,12,1,6047.07,6047.07
4058,5,3,907.54,2722.62
4059,14,1,747.94,747.94
4059,13,1,4046.23,4046.23
4060,5,2,960.52,1921.04
4060,9,1,1968.33,1968.33
4061,10,3,4496.23,13488.69
4061,2,2,25631.26,51262.52
4061,4,2,1955.3,3910.6
4061,3,2,2615.43,5230.86
4062,2,3,22727.43,68182.29
4062,13,1,3844.81,3844.81
4062,12,1,6934.61,6934.61
4062,9,2,1776.77,3553.54
4063,9,2,1891.69,3783.38
4063,8,3,889.9,2669.7
4064,2,2,24144.28,48288.56
4064,4,2,1658.24,3316.48
4065,9,1,1940.05,1940.05
4065,10,2,4599.12,9198.24
4065,11,3,4825.29,14475.87
4065,15,3,253.37,760.11
4066,12,2,5976.51,11953.02
4066,11,2,5159.68,10319.36
4066,15,1,244.52,244.52
4066,4,1,1678.77,1678.77
4067,5,2,824.83,1649.66
4068,11,3,5374.49,16123.47
4068,15,1,247.44,247.44
4068,2,1,25778.23,25778.23
4068,13,3,4519.54,13558.62
4069,11,1,4646.27,4646.27
4069,7,1,3099.16,3099.16
4069,8,2,822.01,1644.02
4069,14,3,679.86,2039.58
4070,4,1,1833.67,1833.67
4070,9,1,1801.96,1801.96
4070,7,3,3178.21,9534.63
4070,5,3,944.31,2832.93
4071,2,3,23551.04,70653.12
4071,11,2,4742.12,9484.24
4071,7,2,3015.08,6030.16
4072,2,1,22514.82,22514.82
4072,9,1,1975.25,1975.25
4073,2,1,24517.53,24517.53
4074,11,1,5175.21,5175.21
4075,4,2,1842.11,3684.22
4075,11,1,5369.07,5369.07
4076,1,1,50769.24,50769.24
4076,13,3,4223.99,12671.97
4076,4,3,1698.62,5095.86
4077,5,2,839.73,1679.46
4077,14,2,665.95,1331.9
4077,8,3,969.29,2907.87
4077,11,1,4918.62,4918.62
4078,7,3,2906.11,8718.33
4079,14,3,709.7,2129.1
4079,7,2,2901.98,5803.96
4079,8,3,941.42,2824.26
4079,4,3,1715.51,5146.53
4080,8,3,835.91,2507.73
4081,4,1,1824.13,1824.13
4081,1,3,57834.25,173502.75
4081,10,3,4437.96,13313.88
4082,2,1,27401.75,27401.75
4082,7,3,3239.92,9719.76
4082,11,3,4684.63,14053.89
4083,1,1,59365.36,59365.36
4084,7,1,3271.04,3271.04
4084,14,3,662.88,1988.64
4085,7,1,3100.63,3100.63
4085,8,3,875.84,2627.52
4085,12,1,6936.22,6936.22
4085,15,3,262.31,786.93
4086,14,2,643.86,1287.72
4086,9,2,1662.39,3324.78
4087,8,3,917.81,2753.43
4087,10,1,4289.41,4289.41
4088,12,3,5951.45,17854.35
4089,2,2,23387.61,46775.22
4089,15,2,274.89,549.78
4089,5,3,958.92,2876.76
4089,7,2,3105.32,6210.64
4090,6,1,2170.93,2170.93
4091,13,2,3944.51,7889.02
4091,15,3,257.85,773.55
4091,3,3,2265.54,6796.62
4092,4,3,1808.17,5424.51
4092,9,3,1946.36,5839.08
4092,6,1,2206.08,2206.08
4092,8,1,982.72,982.72
4093,7,1,2988.11,2988.11
4093,6,1,2341.9,2341.9
4094,9,3,1893.64,5680.92
4094,11,3,5203.87,15611.61
4095,3,3,2592.18,7776.54
4095,13,2,3995.09,7990.18
4095,9,3,1713.21,5139.63
4096,2,3,22780.43,68341.29
4097,12,1,6864.14,6864.14
4097,14,2,645.84,1291.68
4098,2,1,26082.17,26082.17
4098,9,3,1753.64,5260.92
4098,10,3,4806.67,14420.01
4098,4,3,1732.71,5198.13
4099,7,3,3049.33,9147.99
4099,11,3,4771.85,14315.55
4100,4,2,1938.67,3877.34
4100,12,1,6367.54,6367.54
4100,14,1,670.3,670.3
4101,15,1,249.27,249.27
4101,5,2,950.56,1901.12
4101,10,1,4881.31,4881.31
4101,9,3,1624.84,4874.52
4102,6,3,2406.74,7220.22
4102,5,3,939.98,2819.94
4102,8,2,973.05,1946.1
4102,2,3,26446.73,79340.19
4103,9,2,1667.56,3335.12
4103,15,1,229.05,229.05
4103,13,1,4085.95,4085.95
4104,3,1,2500.79,2500.79
4105,7,3,3253.69,9761.07
4105,3,2,2329.45,4658.9
4106,12,2,7116.18,14232.36
4106,8,1,977.54,977.54
4106,11,3,5484.89,16454.67
4106,15,1,233.22,233.22
4107,2,1,25354.03,25354.03
4107,14,2,656.8,1313.6
4107,4,2,1909.16,3818.32
4108,5,3,930.9,2792.7
4109,14,1,694.65,694.65
4109,12,3,6151.81,18455.43
4110,15,3,260.75,782.25
4110,14,3,692.37,2077.11
4110,7,3,2750.71,8252.13
4110,9,2,1650.19,3300.38
4111,15,3,248.51,745.53
4112,6,2,2326.32,4652.64
4112,15,3,233.29,699.87
4112,3,1,2517.04,2517.04
4112,7,2,2733.5,5467.0
4113,1,2,54415.4,108830.8
4113,9,3,1658.25,4974.75
4113,8,1,912.29,912.29
4113,5,2,893.49,1786.98
4114,9,2,1825.6,3651.2
4114,4,2,1704.17,3408.34
4115,3,1,2547.92,2547.92
4115,7,3,3203.83,9611.49
4116,4,2,1921.31,3842.62
4116,7,1,3189.85,3189.85
4117,14,2,758.02,1516.04
4117,10,1,4709.38,4709.38
4117,15,2,271.26,542.52
4117,3,2,2716.01,5432.02
4118,15,1,261.34,261.34
4118,12,2,6738.96,13477.92
4118,1,1,54392.28,54392.28
4118,9,2,1895.8,3791.6
4119,5,1,846.63,846.63
4120,6,3,2110.97,6332.91
4120,4,1,1677.41,1677.41
4120,2,3,26752.21,80256.63
4121,7,3,3064.22,9192.66
4121,11,3,5140.45,15421.35
4121,8,2,851.14,1702.28
4121,13,2,4232.2,8464.4
4122,4,1,1715.91,1715.91
4122,12,3,6565.36,19696.08
4122,13,3,3922.17,11766.51
4123,7,2,3047.79,6095.58
4123,14,1,768.12,768.12
4123,10,3,4185.89,12557.67
4124,12,2,6236.93,12473.86
4124,6,1,2115.36,2115.36
4125,2,2,27268.23,54536.46
4126,15,2,257.85,515.7
4127,15,2,233.22,466.44
4127,3,3,2682.85,8048.55
4127,5,3,949.93,2849.79
4127,8,2,967.01,1934.02
4128,10,1,4185.82,4185.82
4129,7,2,2912.62,5825.24
4129,13,1,4409.28,4409.28
4130,7,1,2960.01,2960.01
4130,8,1,823.21,823.21
4130,13,1,3979.57,3979.57
4130,2,3,24730.31,74190.93
4131,10,1,4178.3,4178.3
4131,15,1,246.99,246.99
4132,6,1,2349.73,2349.73
4132,4,2,1971.14,3942.28
4132,5,3,964.14,2892.42
4132,8,3,896.3,2688.9
4133,5,2,949.33,1898.66
4134,3,1,2481.25,2481.25
4134,8,1,922.43,922.43
4134,11,1,4538.59,4538.59
4135,14,1,739.87,739.87
4135,8,2,905.63,1811.26
4136,5,1,832.5,832.5
4136,9,3,1779.83,5339.49
4136,3,3,2373.25,7119.75
4136,7,2,2846.52,5693.04
4137,4,3,1840.3,5520.9
4137,13,3,4575.64,13726.92
4138,14,2,651.98,1303.96
4139,12,2,6124.16,12248.32
4139,7,3,2975.01,8925.03
4139,14,3,638.34,1915.02
4139,11,1,4996.6,4996.6
4140,7,1,2796.9,2796.9
4140,9,3,1701.88,5105.64
4140,8,2,972.31,1944.62
4141,6,1,2225.3,2225.3
4141,5,1,879.1,879.1
4141,15,3,240.08,720.24
4141,10,3,4348.65,13045.95
4142,7,1,3056.43,3056.43
4143,7,1,3013.57,3013.57
4143,5,2,826.04,1652.08
4143,3,2,2534.44,5068.88
4143,8,1,862.7,862.7
4144,9,2,1739.49,3478.98
4144,10,1,4469.75,4469.75
4144,7,1,3211.08,3211.08
4145,1,3,54799.96,164399.88
4146,3,2,2502.22,5004.44
4147,6,2,2238.27,4476.54
4147,4,2,1838.7,3677.4
4148,4,1,1665.16,1665.16
4148,11,3,4932.85,14798.55
4149,10,3,4107.77,12323.31
4149,3,2,2432.44,4864.88
4149,2,1,27221.51,27221.51
4150,3,1,2399.43,2399.43
4150,6,1,2192.11,2192.11
4150,5,2,865.8,1731.6
4150,7,1,3229.44,3229.44
4151,11,1,4880.29,4880.29
4151,15,1,269.01,269.01
4151,4,1,1710.06,1710.06
4152,3,3,2406.77,7220.31
4152,4,3,1857.71,5573.13
4152,12,3,6543.57,19630.71
4153,12,1,6586.43,6586.43
4153,11,3,5354.69,16064.07
4153,7,3,2909.23,8727.69
4153,8,1,891.31,891.31
4154,4,3,1654.41,4963.23
4154,13,1,4559.31,4559.31
4155,7,1,2874.29,2874.29
4155,10,3,4196.99,12590.97
4155,14,1,659.82,659.82
4155,1,1,59655.87,59655.87
4156,11,3,4801.45,14404.35
4157,3,1,2423.16,2423.16
4157,6,1,2028.37,2028.37
4158,13,1,4016.37,4016.37
4158,1,2,50987.81,101975.62
4159,14,2,644.18,1288.36
4159,15,2,234.44,468.88
4160,4,3,1715.7,5147.1
4160,5,1,851.11,851.11
4161,12,1,6191.22,6191.22
4161,8,1,846.17,846.17
4162,4,3,1950.16,5850.48
4163,15,1,229.45,229.45
4164,5,3,894.34,2683.02
4164,10,3,4438.02,13314.06
4164,14,3,696.69,2090.07
4165,6,1,2296.28,2296.28
4166,7,2,3097.97,6195.94
4166,6,1,2352.29,2352.29
4166,14,2,759.02,1518.04
4166,1,1,55928.63,55928.63
4167,15,2,231.11,462.22
4168,3,2,2282.98,4565.96
4169,6,2,2026.71,4053.42
4169,3,2,2323.38,4646.76
4170,12,1,6837.22,6837.22
4170,7,1,2746.74,2746.74
4170,1,2,57478.41,114956.82
4170,10,2,4775.81,9551.62
4171,2,1,26084.65,26084.65
4171,11,1,4819.61,4819.61
4171,15,2,268.03,536.06
4171,10,3,4736.91,14210.73
4172,7,2,2735.23,5470.46
4172,4,1,1856.44,1856.44
4172,14,1,636.05,636.05
4172,2,1,22786.04,22786.04
4173,12,3,6629.33,19887.99
4173,15,2,247.29,494.58
4174,14,2,763.69,1527.38
4175,11,1,4824.67,4824.67
4176,15,1,246.32,246.32
4177,11,1,4572.25,4572.25
4177,15,1,241.71,241.71
4178,14,2,635.3,1270.6
4178,12,2,6525.3,13050.6
4178,3,2,2255.65,4511.3
4179,6,3,2033.42,6100.26
4180,1,1,60027.86,60027.86
4180,8,3,861.05,2583.15
4180,12,2,6235.53,12471.06
4180,15,3,258.45,775.35
4181,3,3,2698.66,8095.98
4182,15,2,253.34,506.68
4182,2,3,25871.97,77615.91
4183,14,2,705.23,1410.46
4183,15,2,250.54,501.08
4184,6,2,2025.74,4051.48
4184,1,1,53532.08,53532.08
4184,13,2,3988.58,7977.16
4185,12,2,6719.81,13439.62
4186,4,2,1719.64,3439.28
4186,15,1,227.26,227.26
4187,5,2,953.25,1906.5
4188,5,1,972.52,972.52
4188,13,2,4203.33,8406.66
4188,7,2,2894.82,5789.64
4188,2,3,23860.84,71582.52
4189,2,1,24509.92,24509.92
4189,10,3,4888.06,14664.18
4189,13,1,4468.75,4468.75
4190,13,3,4115.34,12346.02
4191,11,3,4538.49,13615.47
4191,1,2,55658.22,111316.44
4192,2,1,25470.81,25470.81
4193,7,2,2976.81,5953.62
4193,8,2,818.86,1637.72
4194,8,1,859.77,859.77
4195,14,3,649.88,1949.64
4196,5,1,853.34,853.34
4196,7,3,3126.47,9379.41
4196,15,3,233.38,700.14
4196,11,3,5410.44,16231.32
4197,6,3,2157.62,6472.86
4198,7,1,2965.71,2965.71
4198,11,2,4907.48,9814.96
4198,13,3,4310.07,12930.21
4199,9,1,1689.13,1689.13
4199,6,1,2332.55,2332.55
4199,14,1,657.36,657.36
4199,4,1,1933.15,1933.15
4200,9,2,1830.17,3660.34
4200,8,3,906.23,2718.69
4200,7,1,3226.67,3226.67
4201,15,2,243.23,486.46
4201,1,1,54420.62,54420.62
4201,8,2,826.9,1653.8
4201,3,2,2274.87,4549.74
4202,9,1,1832.32,1832.32
4202,4,2,1835.69,3671.38
4203,12,3,5898.92,17696.76
4203,3,3,2579.12,7737.36
4203,8,1,959.0,959.0
4203,5,1,869.26,869.26
4204,4,3,1743.95,5231.85
4204,15,3,244.9,734.7
4204,14,1,738.85,738.85
4205,11,2,5288.7,10577.4
4206,5,3,970.6,2911.8
4207,12,1,6624.67,6624.67
4207,11,1,4909.32,4909.32
4207,13,2,3890.31,7780.62
4207,8,2,953.5,1907.0
4208,13,3,4611.5,13834.5
4209,7,3,3160.38,9481.14
4209,13,1,4222.17,4222.17
4210,11,2,4745.96,9491.92
4210,14,3,652.95,1958.85
4210,13,2,4432.65,8865.3
4211,10,2,4227.81,8455.62
4211,15,1,263.56,263.56
4211,3,2,2382.63,4765.26
4212,8,2,877.34,1754.68
4212,9,1,1652.94,1652.94
4213,4,2,1956.7,3913.4
4213,9,1,1877.72,1877.72
4213,5,3,902.34,2707.02
4214,7,1,3299.91,3299.91
4214,6,1,2116.27,2116.27
4214,3,2,2555.18,5110.36
4214,11,1,4860.01,4860.01
4215,2,3,25241.72,75725.16
4216,11,2,5270.19,10540.38
4216,7,3,3174.92,9524.76
4217,6,3,2191.48,6574.44
4217,1,2,59491.14,118982.28
4217,3,1,2358.24,2358.24
4217,11,2,5008.5,10017.0
4218,3,2,2339.72,4679.44
4219,10,1,4922.9,4922.9
4219,1,1,53263.07,53263.07
4220,1,3,56721.32,170163.96
4220,15,3,229.97,689.91
4220,13,2,4456.24,8912.48
4221,5,2,956.25,1912.5
4222,1,1,51236.98,51236.98
4222,2,2,25099.23,50198.46
4222,8,1,942.86,942.86
4223,10,3,4533.37,13600.11
4223,11,3,5129.35,15388.05
4224,6,2,2051.19,4102.38
4224,5,3,937.95,2813.85
4225,7,1,2906.45,2906.45
4225,10,1,4455.32,4455.32
4226,13,1,3827.35,3827.35
4226,15,2,227.38,454.76
4226,11,2,4776.87,9553.74
4227,12,3,6982.69,20948.07
4227,11,3,5004.37,15013.11
4227,15,2,255.45,510.9
4227,10,3,4196.93,12590.79
4228,11,1,5101.83,5101.83
4228,2,3,24493.16,73479.48
4228,7,1,2910.05,2910.05
4228,1,1,53025.52,53025.52
4229,15,3,259.59,778.77
4229,12,1,6147.96,6147.96
4230,8,3,984.49,2953.47
4230,5,3,817.68,2453.04
4230,15,1,263.81,263.81
4231,9,2,1759.92,3519.84
4231,2,2,26787.93,53575.86
4231,7,1,3022.92,3022.92
4231,13,1,4053.92,4053.92
4232,9,2,1858.17,3716.34
4232,2,3,23288.46,69865.38
4233,3,2,2388.26,4776.52
4233,2,1,23473.88,23473.88
4233,1,1,52594.4,52594.4
4234,7,3,2820.48,8461.44
4234,15,3,240.44,721.32
4234,14,3,753.91,2261.73
4235,3,2,2491.44,4982.88
4235,4,3,1794.68,5384.04
4235,13,1,3840.5,3840.5
4235,8,2,853.47,1706.94
4236,4,2,1847.02,3694.04
4236,15,1,273.37,273.37
4237,15,3,274.2,822.6
4237,13,2,4088.05,8176.1
4237,4,1,1934.95,1934.95
4237,6,3,2142.95,6428.85
4238,7,2,3101.95,6203.9
4239,2,2,24451.47,48902.94
4239,12,3,7043.25,21129.75
4239,14,2,636.77,1273.54
4240,13,1,4065.98,4065.98
4240,8,3,813.52,2440.56
4240,1,1,56948.26,56948.26
4241,8,2,941.87,1883.74
4241,12,2,7036.49,14072.98
4242,2,1,25275.45,25275.45
4242,9,3,1947.34,5842.02
4242,10,3,4415.07,13245.21
4243,14,3,757.08,2271.24
4243,5,3,855.85,2567.55
4243,6,2,2392.3,4784.6
4244,13,3,4585.39,13756.17
4244,9,2,1620.68,3241.36
4245,8,3,872.61,2617.83
4245,11,1,4647.18,4647.18
4245,5,3,910.67,2732.01
4245,4,2,1693.97,3387.94
4246,6,3,2270.39,6811.17
4247,4,2,1962.76,3925.52
4247,14,2,711.99,1423.98
4247,9,3,1945.16,5835.48
4248,15,1,268.93,268.93
4248,11,2,5232.03,10464.06
4249,13,3,3822.69,11468.07
4249,4,1,1725.44,1725.44
4249,15,1,265.34,265.34
4249,9,2,1955.36,3910.72
4250,1,3,53322.49,159967.47
4251,13,3,4163.67,12491.01
4251,1,3,55808.35,167425.05
4251,11,3,4753.81,14261.43
4251,5,2,830.0,1660.0
4252,12,1,6846.84,6846.84
4252,4,3,1904.8,5714.4
4252,15,1,269.13,269.13
4252,14,2,756.05,1512.1
4253,7,2,2773.85,5547.7
4253,3,1,2592.9,2592.9
4253,11,1,4534.21,4534.21
4254,2,2,27290.49,54580.98
4254,9,2,1853.66,3707.32
4254,8,2,889.0,1778.0
4255,5,1,958.0,958.0
4255,8,3,965.95,2897.85
4255,3,1,2277.65,2277.65
4256,14,1,643.05,643.05
4256,13,2,3900.4,7800.8
4257,2,1,24545.97,24545.97
4257,11,2,4958.72,9917.44
4257,13,1,4003.46,4003.46
4258,3,3,2443.95,7331.85
4259,9,3,1870.65,5611.95
4259,10,2,4489.17,8978.34
4260,5,3,932.21,2796.63
4260,2,3,24025.34,72076.02
4261,12,2,7018.91,14037.82
4261,7,1,3076.85,3076.85
4262,10,2,4942.49,9884.98
4262,12,2,6280.19,12560.38
4262,13,2,3953.8,7907.6
4263,3,1,2280.92,2280.92
4264,3,1,2490.84,2490.84
4264,15,1,231.52,231.52
4265,5,3,823.44,2470.32
4265,2,1,23816.34,23816.34
4266,2,2,22971.36,45942.72
4266,3,2,2738.99,5477.98
4266,5,3,965.07,2895.21
4267,10,2,4067.85,8135.7
4268,1,2,56064.71,112129.42
4268,15,1,226.91,226.91
4269,1,2,51743.35,103486.7
4269,3,3,2573.14,7719.42
4269,7,3,2899.52,8698.56
4269,4,3,1836.77,5510.31
4270,4,3,1689.52,5068.56
4270,10,2,4184.71,8369.42
4271,1,1,58729.7,58729.7
4272,2,1,24190.53,24190.53
4272,14,3,767.71,2303.13
4272,9,3,1660.5,4981.5
4272,11,3,4747.88,14243.64
4273,10,1,4914.82,4914.82
4273,5,3,836.04,2508.12
4274,15,1,235.51,235.51
4274,7,1,2844.76,2844.76
4274,2,3,23344.92,70034.76
4274,5,3,924.41,2773.23
4275,3,1,2516.35,2516.35
4276,8,3,946.5,2839.5
4277,6,2,1997.04,3994.08
4277,3,1,2553.65,2553.65
4278,15,3,268.26,804.78
4278,4,3,1692.89,5078.67
4279,9,2,1775.51,3551.02
4279,15,1,266.0,266.0
4279,10,2,4794.82,9589.64
4280,14,1,738.45,738.45
4280,8,3,821.36,2464.08
4280,4,3,1785.8,5357.4
4280,15,3,256.43,769.29
4281,7,2,3038.48,6076.96
4281,15,2,243.15,486.3
4281,6,3,2279.81,6839.43
4282,14,1,694.57,694.57
4282,4,1,1688.38,1688.38
4283,2,3,23569.94,70709.82
4283,13,2,4402.73,8805.46
4283,11,2,4590.79,9181.58
4283,12,2,6510.23,13020.46
4284,9,1,1907.98,1907.98
4284,8,2,877.51,1755.02
4285,9,2,1694.89,3389.78
4285,4,3,1917.93,5753.79
4286,7,3,3232.9,9698.7
4286,10,1,4751.97,4751.97
4287,5,1,838.43,838.43
4287,14,1,761.56,761.56
4288,13,3,4149.38,12448.14
4288,6,3,2371.55,7114.65
4288,3,2,2324.34,4648.68
4288,10,3,4635.2,13905.6
4289,13,3,4541.67,13625.01
4290,9,2,1762.24,3524.48
4290,4,1,1801.2,1801.2
4290,15,1,260.54,260.54
4291,12,3,7095.65,21286.95
4291,11,1,5387.16,5387.16
4291,8,3,872.18,2616.54
4291,2,2,24455.73,48911.46
4292,15,1,258.55,258.55
4293,3,1,2473.37,2473.37
4293,6,1,2387.08,2387.08
4293,12,1,6791.52,6791.52
4294,1,2,57474.18,114948.36
4294,14,1,636.45,636.45
4294,10,3,4584.95,13754.85
4294,5,3,945.12,2835.36
4295,3,2,2491.71,4983.42
4295,13,3,3909.98,11729.94
4295,10,1,4264.36,4264.36
4295,8,2,986.81,1973.62
4296,15,1,270.96,270.96
4296,14,1,650.21,650.21
4297,9,3,1880.37,5641.11
4297,12,3,6159.9,18479.7
4297,2,3,23813.83,71441.49
4297,1,1,50801.98,50801.98
4298,6,3,2140.24,6420.72
4298,3,2,2559.48,5118.96
4298,9,1,1621.65,1621.65
4298,4,1,1932.52,1932.52
4299,6,1,2267.98,2267.98
4299,10,3,4583.9,13751.7
4300,12,3,6586.03,19758.09
4300,8,1,980.91,980.91
4300,1,1,53536.59,53536.59
4300,7,1,2996.61,2996.61
4301,14,3,707.73,2123.19
4301,4,1,1885.78,1885.78
4301,10,3,4235.18,12705.54
4301,3,3,2645.48,7936.44
4302,14,2,755.81,1511.62
4302,5,2,848.58,1697.16
4302,1,3,53422.53,160267.59
4302,8,1,836.71,836.71
4303,5,2,964.85,1929.7
4303,15,1,269.68,269.68
4303,13,2,4585.31,9170.62
4304,1,1,50114.09,50114.09
4304,11,1,4523.17,4523.17
4305,9,1,1639.28,1639.28
4305,2,3,27154.27,81462.81
4305,12,1,6444.32,6444.32
4305,11,2,5164.12,10328.24
4306,11,2,4721.6,9443.2
4306,9,2,1843.64,3687.28
4306,3,1,2400.46,2400.46
4307,3,2,2336.19,4672.38
4307,7,3,3174.82,9524.46
4307,11,3,5210.42,15631.26
4307,2,3,22753.67,68261.01
4308,2,1,24694.79,24694.79
4308,9,2,1773.0,3546.0
4308,4,1,1710.48,1710.48
4309,2,1,26060.6,26060.6
4309,12,3,6968.86,20906.58
4309,7,1,2729.18,2729.18
4310,1,1,57361.0,57361.0
4310,3,1,2293.19,2293.19
4310,14,2,727.54,1455.08
4310,15,3,260.62,781.86
4311,4,2,1947.03,3894.06
4311,1,1,56825.81,56825.81
4311,12,2,7010.29,14020.58
4312,5,2,977.67,1955.34
4313,15,2,234.1,468.2
4314,6,1,2048.38,2048.38
4314,15,1,256.1,256.1
4314,10,1,4534.91,4534.91
4315,13,1,4438.69,4438.69
4316,8,3,857.09,2571.27
4316,15,2,271.52,543.04
4317,3,1,2594.02,2594.02
4317,14,2,758.99,1517.98
4317,5,3,929.07,2787.21
4317,10,3,4530.22,13590.66
4318,5,1,942.74,942.74
4318,4,3,1903.39,5710.17
4318,3,2,2571.58,5143.16
4319,1,3,58570.29,175710.87
4319,4,3,1724.07,5172.21
4319,10,1,4376.49,4376.49
4319,2,2,27030.46,54060.92
4320,15,3,274.79,824.37
4321,4,2,1876.88,3753.76
4321,7,3,3087.18,9261.54
4321,8,2,897.85,1795.7
4321,15,1,230.5,230.5
4322,11,3,4824.88,14474.64
4322,3,2,2514.66,5029.32
4322,7,3,2825.05,8475.15
4323,14,1,703.14,703.14
4324,1,1,52311.91,52311.91
4324,11,3,5344.74,16034.22
4324,7,1,2766.32,2766.32
4324,6,2,2299.67,4599.34
4325,9,2,1916.61,3833.22
4326,4,2,1667.66,3335.32
4326,2,3,23513.63,70540.89
4327,14,3,685.04,2055.12
4327,8,2,826.81,1653.62
4327,12,2,6077.7,12155.4
4328,10,2,4688.24,9376.48
4329,5,1,952.31,952.31
4329,10,1,4755.08,4755.08
4329,8,1,903.99,903.99
4329,6,2,2289.14,4578.28
4330,15,1,231.89,231.89
4330,7,1,3002.7,3002.7
4331,2,3,24586.36,73759.08
4331,12,1,5912.75,5912.75
4331,8,3,967.6,2902.8
4331,15,2,236.87,473.74
4332,10,1,4201.6,4201.6
4333,13,2,4187.87,8375.74
4333,15,1,254.11,254.11
4333,5,2,929.91,1859.82
4334,8,3,888.79,2666.37
4335,8,1,865.99,865.99
4335,12,3,6321.9,18965.7
4335,14,3,670.95,2012.85
4335,15,1,232.96,232.96
4336,4,3,1906.33,5718.99
4336,12,2,6055.45,12110.9
4336,6,2,2012.13,4024.26
4337,4,2,1700.3,3400.6
4337,7,1,2703.03,2703.03
4337,10,1,4902.13,4902.13
4338,9,1,1810.37,1810.37
4339,7,1,3219.77,3219.77
4339,12,2,6286.46,12572.92
4339,4,1,1632.56,1632.56
4340,4,2,1726.86,3453.72
4341,1,2,50772.89,101545.78
4342,14,2,665.57,1331.14
4342,2,2,26136.11,52272.22
4342,8,1,837.93,837.93
4342,15,2,226.61,453.22
4343,10,2,4374.51,8749.02
4344,12,2,6175.73,12351.46
4345,13,3,4323.61,12970.83
4345,9,1,1787.23,1787.23
4346,7,1,2972.47,2972.47
4346,1,2,50741.39,101482.78
4346,6,2,2103.16,4206.32
4346,3,1,2408.43,2408.43
4347,14,1,718.7,718.7
4347,2,2,25812.13,51624.26
4348,13,1,4089.99,4089.99
4348,12,3,6591.63,19774.89
4348,2,1,24016.82,24016.82
4348,9,1,1930.49,1930.49
4349,6,3,2231.88,6695.64
4350,12,2,6051.13,12102.26
4350,4,2,1716.03,3432.06
4351,1,1,60344.82,60344.82
4352,11,3,5236.54,15709.62
4353,7,1,3106.28,3106.28
4353,14,1,700.93,700.93
4353,6,1,2270.25,2270.25
4354,7,3,2989.98,8969.94
4354,5,1,848.78,848.78
4354,6,1,2232.89,2232.89
4354,1,3,57341.24,172023.72
4355,4,1,1672.54,1672.54
4355,6,3,2236.28,6708.84
4355,7,1,2969.7,2969.7
4355,12,1,6133.8,6133.8
4356,1,1,56539.49,56539.49
4356,7,1,2701.41,2701.41
4356,4,3,1751.87,5255.61
4357,15,2,237.38,474.76
4357,6,1,2043.01,2043.01
4358,5,3,826.66,2479.98
4359,7,3,2996.14,8988.42
4359,4,3,1887.65,5662.95
4359,9,1,1840.82,1840.82
4360,4,1,1631.46,1631.46
4361,14,2,694.24,1388.48
4361,7,2,3097.32,6194.64
4361,13,1,4087.67,4087.67
4361,15,2,233.06,466.12
4362,1,1,57598.78,57598.78
4362,2,2,26485.76,52971.52
4362,15,3,267.76,803.28
4363,8,2,988.2,1976.4
4363,5,2,893.8,1787.6
4363,7,1,2798.41,2798.41
4364,5,1,870.83,870.83
4364,10,3,4086.41,12259.23
4364,2,2,22972.94,45945.88
4365,10,2,4611.24,9222.48
4365,8,2,928.65,1857.3
4366,6,3,2280.15,6840.45
4366,10,2,4654.3,9308.6
4366,8,2,819.25,1638.5
4367,5,1,915.75,915.75
4367,4,3,1901.58,5704.74
4367,8,1,916.3,916.3
4367,1,3,50265.1,150795.3
4368,2,3,24633.19,73899.57
4368,1,3,50191.01,150573.03
4368,7,3,2826.13,8478.39
4368,11,3,5000.27,15000.81
4369,15,1,250.45,250.45
4370,1,1,53035.85,53035.85
4370,13,2,4138.06,8276.12
4370,10,2,4555.3,9110.6
4370,2,1,26655.7,26655.7
4371,3,3,2437.96,7313.88
4371,7,2,2796.96,5593.92
4371,1,2,56805.28,113610.56
4372,1,2,49879.71,99759.42
4372,12,1,6187.89,6187.89
4373,4,3,1867.13,5601.39
4373,2,3,23445.74,70337.22
4373,3,3,2359.09,7077.27
4374,13,3,4160.68,12482.04
4374,11,2,5287.89,10575.78
4374,15,2,267.71,535.42
4375,10,1,4704.09,4704.09
4375,2,2,27111.34,54222.68
4375,7,3,3126.81,9380.43
4375,3,2,2747.82,5495.64
4376,2,3,23172.83,69518.49
4376,1,3,55029.52,165088.56
4376,13,1,4252.72,4252.72
4376,5,1,922.18,922.18
4377,15,1,263.79,263.79
4377,8,2,819.92,1639.84
4377,4,2,1828.35,3656.7
4377,11,1,4723.46,4723.46
4378,11,3,5246.22,15738.66
4378,2,1,24110.63,24110.63
4379,6,2,2302.54,4605.08
4380,11,1,5416.34,5416.34
4381,6,2,2395.93,4791.86
4381,13,3,4555.11,13665.33
4382,4,1,1798.63,1798.63
4382,9,3,1665.99,4997.97
4383,11,3,4672.95,14018.85
4383,8,1,935.79,935.79
4383,2,1,23543.15,23543.15
4383,15,3,246.8,740.4
4384,15,1,225.44,225.44
4384,3,1,2432.48,2432.48
4384,10,3,4687.51,14062.53
4385,9,2,1940.25,3880.5
4386,1,1,51737.3,51737.3
4386,13,1,4030.65,4030.65
4386,4,3,1659.0,4977.0
4386,8,2,814.71,1629.42
4387,14,1,641.1,641.1
4387,11,1,5023.09,5023.09
4387,15,2,246.97,493.94
4387,1,1,50341.83,50341.83
4388,2,2,27496.99,54993.98
4388,11,2,4515.76,9031.52
4388,6,2,2224.35,4448.7
4388,4,3,1950.89,5852.67
4389,1,2,54061.95,108123.9
4390,10,1,4157.7,4157.7
4390,4,2,1705.92,3411.84
4391,10,1,4750.34,4750.34
4391,2,3,23871.74,71615.22
4392,9,1,1704.04,1704.04
4393,7,3,3249.81,9749.43
4393,6,3,2315.83,6947.49
4393,8,1,812.09,812.09
4394,1,1,53510.33,53510.33
4394,3,1,2402.16,2402.16
4395,11,1,5043.01,5043.01
4395,5,3,887.27,2661.81
4395,10,1,4442.18,4442.18
4396,15,3,269.48,808.44
4397,7,3,2757.63,8272.89
4397,6,2,2063.11,4126.22
4397,2,1,23898.86,23898.86
4398,3,3,2411.62,7234.86
4398,10,1,4275.89,4275.89
4398,7,2,3084.65,6169.3
4398,6,3,2291.13,6873.39
4399,11,2,5407.39,10814.78
4400,4,2,1792.15,3584.3
4400,6,1,2087.69,2087.69
4400,3,2,2339.13,4678.26
4400,8,3,976.92,2930.76
4401,15,3,235.26,705.78
4401,11,3,4937.04,14811.12
4402,11,3,4964.92,14894.76
4402,6,1,2254.21,2254.21
4403,13,2,4186.66,8373.32
4404,4,3,1861.88,5585.64
4404,13,2,4162.8,8325.6
4405,2,1,26686.26,26686.26
4405,9,3,1679.92,5039.76
4406,3,1,2585.36,2585.36
4407,2,3,25824.3,77472.9
4408,6,2,2324.96,4649.92
4409,9,1,1857.23,1857.23
4409,13,2,4574.09,9148.18
4410,12,2,6131.0,12262.0
4411,7,2,2978.0,5956.0
4411,15,1,268.17,268.17
4411,1,3,60160.36,180481.08
4411,6,2,2161.83,4323.66
4412,5,1,857.36,857.36
4413,5,2,974.06,1948.12
4413,3,3,2539.95,7619.85
4413,2,2,26869.65,53739.3
4413,13,3,4183.07,12549.21
4414,13,2,4558.46,9116.92
4415,14,1,654.76,654.76
4416,14,3,690.47,2071.41
4417,3,1,2476.61,2476.61
4417,14,2,767.32,1534.64
4418,10,2,4755.22,9510.44
4419,5,2,828.78,1657.56
4419,8,3,820.43,2461.29
4419,14,2,737.55,1475.1
4420,8,1,944.17,944.17
4420,5,1,845.9,845.9
4420,2,3,23569.53,70708.59
4420,12,2,6147.57,12295.14
4421,6,2,2148.08,4296.16
4422,6,2,2403.53,4807.06
4422,5,1,962.69,962.69
4422,2,2,26032.58,52065.16
4423,6,3,2227.19,6681.57
4423,3,2,2635.85,5271.7
4423,14,2,723.04,1446.08
4424,8,2,985.92,1971.84
4424,13,3,4503.62,13510.86
4424,12,1,6337.78,6337.78
4424,4,1,1870.52,1870.52
4425,14,2,643.75,1287.5
4426,13,3,4087.54,12262.62
4426,8,3,928.63,2785.89
4426,2,2,26322.65,52645.3
4426,10,1,4845.98,4845.98
4427,4,2,1707.7,3415.4
4428,7,1,2830.53,2830.53
4428,8,3,851.2,2553.6
4428,12,2,6584.73,13169.46
4428,1,2,53362.09,106724.18
4429,11,3,5098.21,15294.63
4429,9,3,1621.04,4863.12
4429,6,3,2297.21,6891.63
4429,2,3,26186.76,78560.28
4430,2,3,26090.25,78270.75
4430,10,3,4641.9,13925.7
4430,1,2,53986.64,107973.28
4431,10,3,4792.65,14377.95
4432,12,3,6522.53,19567.59
4432,4,1,1811.28,1811.28
4432,2,1,22824.36,22824.36
4433,1,3,49818.87,149456.61
4433,4,3,1694.3,5082.9
4433,15,3,265.21,795.63
4433,10,2,4595.05,9190.1
4434,1,2,52349.5,104699.0
4434,3,2,2626.2,5252.4
4434,9,2,1767.98,3535.96
4435,3,3,2491.37,7474.11
4436,2,1,26368.55,26368.55
4436,1,3,50168.72,150506.16
4436,6,2,2079.68,4159.36
4436,14,2,737.98,1475.96
4437,13,1,4202.71,4202.71
4437,11,3,5409.57,16228.71
4438,14,1,751.75,751.75
4439,1,3,59827.62,179482.86
4440,9,2,1924.51,3849.02
4440,1,1,54380.14,54380.14
4440,15,1,227.36,227.36
4441,13,2,4468.64,8937.28
4441,2,1,27437.69,27437.69
4441,7,1,3075.92,3075.92
4441,1,3,51886.8,155660.4
4442,8,2,940.09,1880.18
4443,1,1,58908.99,58908.99
4443,9,2,1701.02,3402.04
4444,6,3,2265.72,6797.16
4444,8,1,879.21,879.21
4445,15,3,228.94,686.82
4445,14,3,754.12,2262.36
4445,8,2,878.01,1756.02
4445,2,2,24763.73,49527.46
4446,5,3,888.36,2665.08
4446,13,2,4434.54,8869.08
4446,12,3,6087.63,18262.89
4447,8,3,852.82,2558.46
4447,15,3,255.89,767.67
4447,13,3,4376.92,13130.76
4447,11,2,4944.54,9889.08
4448,5,2,886.2,1772.4
4448,2,3,22882.78,68648.34
4448,3,2,2729.91,5459.82
4448,8,1,906.46,906.46
4449,14,3,735.23,2205.69
4449,9,3,1766.81,5300.43
4449,1,2,50729.9,101459.8
4450,9,2,1666.95,3333.9
4450,14,3,670.99,2012.97
4451,3,1,2367.15,2367.15
4451,4,3,1870.71,5612.13
4451,10,3,4168.66,12505.98
4452,8,2,944.15,1888.3
4452,12,2,6273.16,12546.32
4453,10,3,4269.34,12808.02
4454,2,3,27493.65,82480.95
4454,12,1,6559.79,6559.79
4454,10,3,4780.52,14341.56
4454,11,3,5454.01,16362.03
4455,9,3,1737.34,5212.02
4455,13,3,4149.47,12448.41
4455,15,1,270.34,270.34
4456,1,2,51738.61,103477.22
4457,11,2,5333.31,10666.62
4457,5,1,872.99,872.99
4457,2,1,26642.06,26642.06
4457,6,2,2322.2,4644.4
4458,10,2,4806.39,9612.78
4458,3,3,2366.57,7099.71
4458,12,2,6795.95,13591.9
4459,15,3,268.71,806.13
4460,8,2,844.31,1688.62
4460,13,2,4429.35,8858.7
4460,9,1,1942.22,1942.22
4461,6,2,2166.96,4333.92
4461,2,3,25340.11,76020.33
4462,13,2,4296.72,8593.44
4462,2,2,25318.46,50636.92
4462,11,1,4719.42,4719.42
4462,6,2,2034.25,4068.5
4463,9,1,1882.01,1882.01
4463,8,2,816.76,1633.52
4463,15,2,245.57,491.14
4463,11,2,4807.63,9615.26
4464,15,1,243.26,243.26
4465,2,1,23063.28,23063.28
4465,11,3,5266.73,15800.19
4465,6,2,2290.14,4580.28
4466,1,2,58152.32,116304.64
4467,11,1,4655.12,4655.12
4468,7,1,2928.37,2928.37
4468,4,2,1911.56,3823.12
4469,1,1,53416.79,53416.79
4469,4,2,1957.41,3914.82
4470,8,2,981.17,1962.34
4470,14,3,726.28,2178.84
4470,1,3,57246.88,171740.64
4471,6,1,2323.56,2323.56
4472,9,3,1816.76,5450.28
4473,6,3,2032.45,6097.35
4473,4,3,1759.38,5278.14
4474,14,2,717.29,1434.58
4474,9,2,1912.64,3825.28
4474,2,3,26918.08,80754.24
4474,1,3,59058.11,177174.33
4475,7,2,3175.8,6351.6
4475,13,1,3790.58,3790.58
4476,4,3,1828.45,5485.35
4476,5,2,866.59,1733.18
4477,12,1,7015.46,7015.46
4478,5,2,958.04,1916.08
4479,7,2,3228.47,6456.94
4479,6,3,2017.14,6051.42
4479,13,2,4231.94,8463.88
4480,9,1,1819.26,1819.26
4480,6,2,2365.67,4731.34
4481,2,2,23727.43,47454.86
4482,5,3,874.95,2624.85
4482,11,1,4566.7,4566.7
4482,3,2,2321.77,4643.54
4482,7,1,3027.13,3027.13
4483,7,3,3212.98,9638.94
4484,9,3,1682.01,5046.03
4485,7,2,3261.71,6523.42
4486,9,1,1849.73,1849.73
4487,9,1,1723.23,1723.23
4487,2,3,25882.32,77646.96
4488,1,3,49955.55,149866.65
4488,7,2,2925.58,5851.16
4488,2,1,27330.83,27330.83
4489,12,2,6770.09,13540.18
4489,7,3,3136.45,9409.35
4490,15,2,250.87,501.74
4490,11,1,5426.91,5426.91
4490,10,2,4338.02,8676.04
4490,14,1,672.21,672.21
4491,1,3,54769.43,164308.29
4492,2,2,24326.01,48652.02
4492,8,1,915.52,915.52
4492,6,1,2123.59,2123.59
4492,5,2,970.89,1941.78
4493,10,2,4880.18,9760.36
4494,3,3,2734.39,8203.17
4494,13,1,4614.31,4614.31
4494,7,1,3235.72,3235.72
4494,8,3,813.16,2439.48
4495,2,2,23028.99,46057.98
4495,10,3,4939.65,14818.95
4495,1,1,58880.53,58880.53
4496,14,2,662.77,1325.54
4496,1,1,58718.53,58718.53
4496,3,2,2570.48,5140.96
4496,11,1,5371.23,5371.23
4497,10,2,4338.92,8677.84
4497,7,2,3222.18,6444.36
4497,13,2,4206.56,8413.12
4498,6,3,2263.75,6791.25
4498,1,2,52684.06,105368.12
4499,13,3,4355.24,13065.72
4499,1,2,54945.07,109890.14
4499,9,1,1771.94,1771.94
4499,3,1,2426.6,2426.6
4500,9,2,1828.28,3656.56
4500,12,2,7149.83,14299.66
4500,6,2,2395.08,4790.16
4501,8,3,871.8,2615.4
4502,9,2,1913.35,3826.7
4502,7,1,3164.31,3164.31
4503,5,2,957.18,1914.36
4503,6,1,2026.8,2026.8
4504,3,2,2274.87,4549.74
4504,15,2,234.24,468.48
4504,6,3,2097.58,6292.74
4504,4,1,1863.32,1863.32
4505,6,1,2185.47,2185.47
4505,10,3,4219.79,12659.37
4505,7,2,2702.61,5405.22
4505,4,1,1964.74,1964.74
4506,11,3,5313.05,15939.15
4506,8,1,861.04,861.04
4506,10,2,4837.25,9674.5
4506,4,3,1975.46,5926.38
4507,1,1,55035.25,55035.25
4507,8,2,914.18,1828.36
4507,11,3,5102.83,15308.49
4507,15,1,238.83,238.83
4508,6,3,2298.83,6896.49
4508,13,2,4107.52,8215.04
4508,5,1,819.73,819.73
4508,8,3,986.34,2959.02
4509,10,2,4297.18,8594.36
4509,1,1,56143.54,56143.54
4509,11,3,5439.56,16318.68
4509,6,2,2110.09,4220.18
4510,1,1,51728.94,51728.94
4510,12,2,6502.37,13004.74
4510,3,1,2566.54,2566.54
4511,13,2,4114.52,8229.04
4512,11,3,4565.33,13695.99
4513,5,3,963.95,2891.85
4513,9,2,1923.73,3847.46
4513,13,2,4216.94,8433.88
4513,15,1,260.88,260.88
4514,11,1,4897.94,4897.94
4514,7,2,3152.04,6304.08
4514,3,3,2583.77,7751.31
4515,7,3,2777.09,8331.27
4515,15,3,238.51,715.53
4515,4,3,1631.07,4893.21
4515,14,3,747.54,2242.62
4516,5,3,979.43,2938.29
4517,1,2,51126.08,102252.16
4517,9,3,1766.52,5299.56
4517,10,2,4585.93,9171.86
4518,5,2,985.57,1971.14
4518,2,1,26260.14,26260.14
4518,9,3,1703.82,5111.46
4519,13,3,4223.88,12671.64
4519,7,2,2726.97,5453.94
4519,8,1,918.37,918.37
4520,7,2,3242.6,6485.2
4520,15,1,273.21,273.21
4520,3,2,2514.15,5028.3
4520,12,3,6713.99,20141.97
4521,4,1,1900.03,1900.03
4521,1,2,53751.56,107503.12
4521,11,1,4603.28,4603.28
4521,14,1,680.37,680.37
4522,8,1,870.71,870.71
4522,10,2,4449.93,8899.86
4522,11,1,5159.86,5159.86
4523,9,1,1705.61,1705.61
4523,8,1,901.83,901.83
4524,2,2,23046.15,46092.3
4524,7,1,3165.73,3165.73
4524,8,3,957.29,2871.87
4525,4,3,1894.87,5684.61
4525,8,1,935.61,935.61
4525,12,1,7050.83,7050.83
4526,4,1,1687.15,1687.15
4526,6,3,2131.24,6393.72
4527,5,3,956.97,2870.91
4528,10,3,4365.75,13097.25
4528,5,3,825.42,2476.26
4528,13,2,4072.23,8144.46
4529,1,1,58367.7,58367.7
4530,10,2,4912.06,9824.12
4531,12,1,6639.3,6639.3
4531,8,3,932.54,2797.62
4531,11,2,4779.3,9558.6
4532,14,1,677.71,677.71
4532,9,3,1918.2,5754.6
4532,15,1,274.59,274.59
4532,6,1,2277.36,2277.36
4533,10,1,4067.54,4067.54
4533,11,1,4616.62,4616.62
4533,9,1,1728.8,1728.8
4534,1,2,54112.31,108224.62
4535,4,1,1730.25,1730.25
4535,12,2,7062.78,14125.56
4535,15,2,252.75,505.5
4536,8,1,846.09,846.09
4537,5,1,975.7,975.7
4537,4,1,1932.35,1932.35
4537,13,2,4442.98,8885.96
4537,1,3,57939.25,173817.75
4538,11,2,4883.82,9767.64
4539,8,2,939.87,1879.74
4539,13,3,4547.68,13643.04
4539,11,3,5132.55,15397.65
4540,12,3,6083.03,18249.09
4540,5,3,930.8,2792.4
4541,5,1,927.84,927.84
4542,6,3,2255.37,6766.11
4543,9,3,1825.37,5476.11
4544,14,3,674.22,2022.66
4544,11,3,5373.69,16121.07
4545,11,3,4502.48,13507.44
4545,1,2,51346.15,102692.3
4545,6,1,2004.68,2004.68
4546,5,3,974.23,2922.69
4546,7,1,3107.54,3107.54
4546,9,2,1945.71,3891.42
4547,5,2,955.82,1911.64
4547,13,2,4038.58,8077.16
4547,7,3,2756.98,8270.94
4547,1,3,51159.65,153478.95
4548,12,2,5922.97,11845.94
4548,4,2,1935.45,3870.9
4549,10,3,4599.98,13799.94
4549,8,3,970.62,2911.86
4550,5,2,835.4,1670.8
4550,10,3,4211.78,12635.34
4550,12,3,6373.18,19119.54
4551,3,1,2604.69,2604.69
4552,8,3,895.01,2685.03
4552,11,2,5372.42,10744.84
4553,5,3,821.83,2465.49
4553,3,1,2347.15,2347.15
4554,8,3,876.46,2629.38
4554,12,1,6070.72,6070.72
4554,1,2,54700.55,109401.1
4554,14,2,750.59,1501.18
4555,8,1,929.61,929.61
4555,6,1,1982.78,1982.78
4556,5,3,886.1,2658.3
4557,8,2,961.44,1922.88
4557,15,1,235.7,235.7
4557,11,1,5105.86,5105.86
4558,9,1,1628.14,1628.14
4558,12,3,6392.06,19176.18
4558,11,3,4645.68,13937.04
4559,10,2,4353.78,8707.56
4559,3,1,2448.32,2448.32
4560,5,2,815.13,1630.26
4560,15,2,265.08,530.16
4561,10,3,4482.22,13446.66
4561,14,1,692.19,692.19
4562,9,3,1661.04,4983.12
4563,2,3,25138.97,75416.91
4563,5,3,953.97,2861.91
4563,10,1,4354.67,4354.67
4564,13,1,4475.96,4475.96
4564,12,2,6349.81,12699.62
4565,7,2,2934.29,5868.58
4565,10,3,4176.86,12530.58
4565,6,3,2012.23,6036.69
4566,14,3,708.02,2124.06
4566,4,1,1655.7,1655.7
4567,3,1,2596.09,2596.09
4568,7,2,2857.44,5714.88
4568,4,2,1976.18,3952.36
4569,12,2,6382.68,12765.36
4569,13,3,4271.43,12814.29
4569,7,2,2759.23,5518.46
4570,10,2,4275.36,8550.72
4571,12,3,5980.44,17941.32
4571,1,1,51509.53,51509.53
4571,14,1,669.17,669.17
4572,4,2,1893.71,3787.42
4572,14,1,740.54,740.54
4572,8,2,860.55,1721.1
4573,3,3,2564.97,7694.91
4574,14,1,666.32,666.32
4574,2,3,27110.18,81330.54
4575,8,3,837.1,2511.3
4575,1,3,54422.43,163267.29
4575,15,1,225.4,225.4
4576,14,1,678.03,678.03
4576,13,1,3817.86,3817.86
4576,4,2,1640.74,3281.48
4577,5,1,985.81,985.81
4578,1,3,51514.25,154542.75
4578,11,2,5008.0,10016.0
4578,10,3,4659.24,13977.72
4579,4,1,1749.55,1749.55
4579,1,1,50722.38,50722.38
4580,4,1,1832.6,1832.6
4580,14,2,689.51,1379.02
4581,12,2,6201.59,12403.18
4581,13,3,4477.75,13433.25
4581,6,3,2178.21,6534.63
4581,14,1,642.28,642.28
4582,8,2,911.11,1822.22
4582,6,3,2125.33,6375.99
4582,4,1,1770.18,1770.18
4583,5,2,922.88,1845.76
4584,12,2,6556.27,13112.54
4584,5,3,900.17,2700.51
4584,14,1,657.24,657.24
4584,4,3,1805.92,5417.76
4585,14,3,705.06,2115.18
4585,1,1,50617.08,50617.08
4585,10,1,4375.45,4375.45
4585,12,2,5976.91,11953.82
4586,1,3,58462.6,175387.8
4587,2,3,27066.11,81198.33
4587,13,1,4355.74,4355.74
4588,3,1,2524.06,2524.06
4588,13,2,4208.62,8417.24
4589,15,3,256.39,769.17
4589,3,2,2435.92,4871.84
4589,5,2,836.37,1672.74
4590,2,2,26336.39,52672.78
4591,3,2,2408.3,4816.6
4591,10,3,4088.08,12264.24
4591,2,3,22538.9,67616.7
4592,10,2,4521.97,9043.94
4593,8,2,837.26,1674.52
4593,4,2,1815.55,3631.1
4594,14,3,672.03,2016.09
4594,1,1,57598.92,57598.92
4594,4,1,1687.24,1687.24
4594,2,1,24859.69,24859.69
4595,2,1,23379.38,23379.38
4595,14,1,743.06,743.06
4596,13,2,4085.28,8170.56
4596,11,3,4575.93,13727.79
4597,5,3,822.62,2467.86
4597,4,1,1810.26,1810.26
4597,15,2,260.47,520.94
4597,9,1,1936.74,1936.74
4598,12,1,6369.36,6369.36
4598,15,3,265.61,796.83
4598,4,1,1731.95,1731.95
4598,10,3,4856.2,14568.6
4599,8,1,899.42,899.42
4599,5,2,835.48,1670.96
4599,7,1,3252.48,3252.48
4599,14,2,740.33,1480.66
4600,3,2,2441.62,4883.24
4600,9,3,1662.41,4987.23
4600,13,2,4405.08,8810.16
4600,5,2,988.45,1976.9
4601,12,3,6717.47,20152.41
4601,5,2,855.36,1710.72
4601,11,2,5372.71,10745.42
4602,6,2,2009.17,4018.34
4603,11,1,5442.17,5442.17
4603,9,3,1657.77,4973.31
4603,3,2,2563.99,5127.98
4604,8,1,866.88,866.88
4604,14,2,683.45,1366.9
4604,13,2,4076.22,8152.44
4605,1,3,51269.86,153809.58
4605,12,2,6526.3,13052.6
4605,3,1,2601.51,2601.51
4605,7,1,2932.0,2932.0
4606,8,3,980.42,2941.26
4606,9,3,1790.85,5372.55
4606,13,2,4483.68,8967.36
4607,2,3,26611.43,79834.29
4607,14,1,682.45,682.45
4607,11,3,5301.68,15905.04
4608,5,3,894.59,2683.77
4608,1,1,50424.92,50424.92
4609,6,2,2171.96,4343.92
4610,14,2,656.12,1312.24
4610,13,2,4458.87,8917.74
4610,11,2,4864.2,9728.4
4610,3,2,2479.77,4959.54
4611,15,1,263.96,263.96
4611,11,1,4751.16,4751.16
4612,9,2,1889.32,3778.64
4613,13,1,3853.69,3853.69
4613,5,2,846.16,1692.32
4613,1,1,53188.31,53188.31
4614,4,2,1860.55,3721.1
4614,3,2,2658.12,5316.24
4614,2,1,25674.92,25674.92
4614,14,3,714.07,2142.21
4615,3,2,2601.55,5203.1
4616,2,2,25539.11,51078.22
4616,7,1,2981.41,2981.41
4616,5,3,907.15,2721.45
4617,6,1,2367.99,2367.99
4617,14,3,685.38,2056.14
4617,13,2,3841.85,7683.7
4618,1,2,50692.63,101385.26
4619,6,3,2252.14,6756.42
4619,15,1,246.23,246.23
4620,9,3,1911.1,5733.3
4620,6,2,2046.64,4093.28
4621,8,2,936.73,1873.46
4622,4,2,1849.1,3698.2
4622,13,3,4228.48,12685.44
4623,9,3,1680.52,5041.56
4624,13,1,4081.78,4081.78
4624,8,3,869.21,2607.63
4624,14,1,658.69,658.69
4625,4,3,1737.7,5213.1
4625,12,3,6493.9,19481.7
4626,12,1,6385.31,6385.31
4626,2,3,24421.3,73263.9
4626,11,1,4606.29,4606.29
4627,14,3,716.48,2149.44
4628,2,1,24825.84,24825.84
4628,9,3,1722.29,5166.87
4628,1,2,56223.74,112447.48
4628,4,3,1754.11,5262.33
4629,13,2,4103.97,8207.94
4629,1,1,59637.84,59637.84
4630,8,1,955.18,955.18
4630,14,3,694.34,2083.02
4630,1,1,56081.64,56081.64
4631,3,1,2436.37,2436.37
4632,6,1,2323.45,2323.45
4632,3,1,2265.7,2265.7
4632,7,2,2758.38,5516.76
4633,14,2,701.79,1403.58
4633,7,2,2990.59,5981.18
4634,12,1,6092.42,6092.42
4634,14,1,630.35,630.35
4634,13,2,4575.25,9150.5
4635,2,1,25907.91,25907.91
4636,4,3,1976.15,5928.45
4636,3,2,2677.52,5355.04
4637,4,1,1833.54,1833.54
4637,12,1,6088.22,6088.22
4637,6,1,2068.77,2068.77
4637,14,3,635.47,1906.41
4638,5,1,969.63,969.63
4638,14,2,754.55,1509.1
4638,9,2,1905.89,3811.78
4638,1,2,57286.45,114572.9
4639,6,3,2075.27,6225.81
4639,11,1,5326.48,5326.48
4640,3,3,2269.37,6808.11
4641,8,3,932.6,2797.8
4641,10,1,4174.78,4174.78
4642,10,2,4753.11,9506.22
4642,4,1,1850.27,1850.27
4643,14,2,663.12,1326.24
4643,4,1,1928.04,1928.04
4643,10,3,4789.58,14368.74
4643,3,2,2275.34,4550.68
4644,12,3,6514.18,19542.54
4644,3,3,2476.57,7429.71
4644,7,1,3087.02,3087.02
4644,8,1,985.7,985.7
4645,8,2,984.59,1969.18
4645,14,2,763.06,1526.12
4645,3,2,2611.83,5223.66
4646,13,3,4293.9,12881.7
4646,14,1,746.79,746.79
4646,9,2,1758.7,3517.4
4647,2,1,23150.98,23150.98
4647,12,1,6107.46,6107.46
4647,8,3,898.93,2696.79
4648,4,3,1646.24,4938.72
4648,15,1,267.76,267.76
4648,3,1,2496.26,2496.26
4649,4,3,1842.58,5527.74
4649,12,3,6224.63,18673.89
4650,10,3,4234.87,12704.61
4651,13,2,4069.69,8139.38
4651,7,3,2865.3,8595.9
4651,11,1,5312.99,5312.99
4652,2,2,26097.9,52195.8
4653,9,2,1916.59,3833.18
4653,7,1,3022.07,3022.07
4653,4,1,1732.75,1732.75
4654,10,2,4312.87,8625.74
4654,15,1,273.07,273.07
4655,13,3,4057.09,12171.27
4655,6,1,2398.28,2398.28
4655,3,1,2634.85,2634.85
4655,5,1,843.1,843.1
4656,15,3,248.15,744.45
4657,8,3,821.94,2465.82
4657,11,3,5318.53,15955.59
4658,3,3,2250.4,6751.2
4658,6,3,2355.5,7066.5
4658,8,2,914.73,1829.46
4658,13,3,4249.0,12747.0
4659,9,1,1805.85,1805.85
4659,15,2,249.87,499.74
4660,9,3,1694.41,5083.23
4660,11,2,4516.32,9032.64
4661,9,3,1899.64,5698.92
4661,11,1,5186.7,5186.7
4661,8,2,846.4,1692.8
4662,1,1,55588.56,55588.56
4663,1,2,54900.82,109801.64
4663,10,1,4469.17,4469.17
4663,11,2,4902.27,9804.54
4663,9,2,1895.93,3791.86
4664,1,2,49551.58,99103.16
4664,8,3,860.3,2580.9
4664,2,2,22641.56,45283.12
4665,14,1,715.76,715.76
4665,9,2,1943.08,3886.16
4665,1,1,51882.76,51882.76
4666,4,2,1831.76,3663.52
4666,13,3,3915.38,11746.14
4666,6,2,2019.64,4039.28
4666,12,3,6797.57,20392.71
4667,6,1,2137.19,2137.19
4667,9,1,1906.89,1906.89
4668,2,1,23558.31,23558.31
4668,13,2,4047.09,8094.18
4668,10,1,4875.26,4875.26
4668,9,3,1906.25,5718.75
4669,7,2,3147.41,6294.82
4670,8,1,982.48,982.48
4670,4,2,1769.63,3539.26
4671,6,2,2023.1,4046.2
4672,8,3,980.74,2942.22
4672,2,1,23784.53,23784.53
4673,9,3,1714.44,5143.32
4673,5,3,834.33,2502.99
4673,12,1,6840.19,6840.19
4673,10,1,4390.64,4390.64
4674,15,1,225.97,225.97
4674,6,1,2321.32,2321.32
4674,13,2,4393.83,8787.66
4675,9,1,1966.84,1966.84
4675,7,2,3144.19,6288.38
4675,11,3,5450.16,16350.48
4675,2,2,23454.93,46909.86
4676,6,2,2246.54,4493.08
4676,13,3,4475.09,13425.27
4676,11,3,5418.13,16254.39
4676,1,3,53059.26,159177.78
4677,6,3,2143.16,6429.48
4677,4,3,1838.66,5515.98
4677,8,1,900.83,900.83
4677,13,1,4523.35,4523.35
4678,3,3,2606.01,7818.03
4678,11,3,5361.88,16085.64
4678,15,1,239.48,239.48
4679,13,2,3956.61,7913.22
4679,8,1,970.18,970.18
4680,11,3,4808.55,14425.65
4680,3,1,2588.41,2588.41
4680,4,2,1625.24,3250.48
4681,3,1,2697.38,2697.38
4682,7,3,3021.88,9065.64
4682,14,1,633.24,633.24
4682,10,1,4073.8,4073.8
4683,5,2,968.8,1937.6
4684,4,1,1938.23,1938.23
4684,3,2,2292.69,4585.38
4684,6,2,2272.16,4544.32
4684,5,2,959.23,1918.46
4685,7,3,3077.18,9231.54
4685,4,1,1773.76,1773.76
4685,2,3,23366.47,70099.41
4686,13,2,4360.47,8720.94
4686,2,1,23926.92,23926.92
4687,8,3,843.84,2531.52
4688,4,2,1852.42,3704.84
4688,1,1,55085.17,55085.17
4688,14,1,762.48,762.48
4688,5,3,835.73,2507.19
4689,7,2,2970.41,5940.82
4690,14,2,656.94,1313.88
4691,3,1,2736.3,2736.3
4691,10,1,4474.7,4474.7
4691,11,3,4555.06,13665.18
4692,14,1,763.02,763.02
4692,3,1,2719.6,2719.6
4692,15,2,243.69,487.38
4693,10,2,4515.64,9031.28
4693,2,3,24508.0,73524.0
4693,12,1,6523.63,6523.63
4693,1,1,59891.45,59891.45
4694,13,1,4152.03,4152.03
4694,10,3,4477.75,13433.25
4695,2,2,23443.75,46887.5
4695,13,3,4400.22,13200.66
4695,9,3,1748.11,5244.33
4696,3,3,2495.95,7487.85
4697,8,2,922.02,1844.04
4697,9,3,1833.99,5501.97
4697,7,3,2849.46,8548.38
4697,3,1,2743.64,2743.64
4698,9,1,1791.8,1791.8
4698,6,2,2218.37,4436.74
4698,5,1,972.0,972.0
4698,13,3,4534.55,13603.65
4699,4,1,1942.0,1942.0
4700,12,1,6434.55,6434.55
4700,7,2,3088.29,6176.58
4700,4,2,1896.81,3793.62
4701,12,3,6571.01,19713.03
4701,15,1,246.54,246.54
4701,2,3,26649.72,79949.16
4702,10,1,4377.88,4377.88
4702,13,3,4561.08,13683.24
4703,15,2,264.76,529.52
4703,10,3,4686.72,14060.16
4703,4,3,1952.22,5856.66
4703,7,3,3153.26,9459.78
4704,5,2,910.1,1820.2
4704,13,2,3966.49,7932.98
4704,7,2,2751.24,5502.48
4704,11,2,5083.93,10167.86
4705,8,3,913.92,2741.76
4705,2,3,25573.04,76719.12
4705,12,2,5886.02,11772.04
4705,7,1,3082.85,3082.85
4706,6,1,2144.92,2144.92
4706,11,2,4753.57,9507.14
4707,12,3,6562.77,19688.31
4708,8,1,890.82,890.82
4708,9,2,1873.82,3747.64
4709,12,3,5946.64,17839.92
4710,2,2,24741.44,49482.88
4711,10,1,4452.76,4452.76
4711,11,3,4694.56,14083.68
4711,8,2,891.97,1783.94
4712,8,3,853.44,2560.32
4712,2,1,23291.51,23291.51
4712,6,2,2266.37,4532.74
4713,12,1,6645.13,6645.13
4713,14,3,712.07,2136.21
4713,11,3,5282.79,15848.37
4713,4,3,1969.74,5909.22
4714,3,1,2610.86,2610.86
4715,12,2,6621.72,13243.44
4715,14,3,635.22,1905.66
4715,1,2,54352.01,108704.02
4715,10,3,4260.75,12782.25
4716,7,1,2791.5,2791.5
4716,12,1,6720.77,6720.77
4716,5,2,835.94,1671.88
4717,15,2,260.92,521.84
4717,5,3,975.63,2926.89
4718,15,2,248.39,496.78
4719,1,2,55888.03,111776.06
4719,12,3,6252.41,18757.23
4720,2,3,25123.36,75370.08
4721,7,3,2772.07,8316.21
4721,8,3,968.85,2906.55
4721,10,1,4209.62,4209.62
4722,14,1,758.03,758.03
4722,15,2,261.86,523.72
4722,3,1,2609.15,2609.15
4722,2,1,26359.32,26359.32
4723,3,1,2611.53,2611.53
4723,4,2,1720.01,3440.02
4724,15,1,252.9,252.9
4724,1,2,52098.0,104196.0
4724,3,3,2377.99,7133.97
4725,5,3,967.1,2901.3
4725,9,3,1954.3,5862.9
4726,8,1,838.16,838.16
4727,5,3,986.18,2958.54
4728,9,1,1907.63,1907.63
4728,10,2,4470.21,8940.42
4728,3,2,2536.83,5073.66
4729,6,3,2229.65,6688.95
4729,9,2,1784.82,3569.64
4729,5,2,931.87,1863.74
4729,4,1,1625.81,1625.81
4730,12,1,6070.21,6070.21
4730,9,1,1857.95,1857.95
4730,2,1,23265.95,23265.95
4730,15,3,228.26,684.78
4731,14,1,715.66,715.66
4731,5,3,875.43,2626.29
4731,9,3,1747.94,5243.82
4731,4,1,1870.75,1870.75
4732,15,1,249.88,249.88
4732,6,2,2147.03,4294.06
4732,5,3,852.18,2556.54
4733,7,2,2720.05,5440.1
4734,1,3,57785.7,173357.1
4734,9,3,1754.39,5263.17
4734,12,3,6141.41,18424.23
4734,3,2,2495.62,4991.24
4735,10,3,4092.19,12276.57
4735,3,1,2410.21,2410.21
4735,15,3,253.6,760.8
4736,10,2,4553.61,9107.22
4736,13,1,4367.51,4367.51
4737,13,2,3925.56,7851.12
4737,4,2,1952.29,3904.58
4737,12,1,6827.32,6827.32
4737,1,2,54300.41,108600.82
4738,12,1,6526.44,6526.44
4738,4,3,1887.02,5661.06
4738,13,3,3965.3,11895.9
4739,4,1,1654.45,1654.45
4740,3,3,2483.45,7450.35
4740,5,1,850.8,850.8
4741,8,3,898.07,2694.21
4741,14,1,667.21,667.21
4742,12,1,6094.88,6094.88
4742,1,3,55673.34,167020.02
4743,12,3,6587.76,19763.28
4743,9,3,1821.33,5463.99
4743,15,2,234.55,469.1
4744,14,3,658.5,1975.5
4744,1,3,56672.21,170016.63
4744,13,1,3793.48,3793.48
4744,9,3,1813.48,5440.44
4745,4,1,1977.21,1977.21
4745,12,1,7040.56,7040.56
4745,15,2,262.47,524.94
4745,1,3,52493.45,157480.35
4746,12,3,6537.98,19613.94
4746,13,1,3951.25,3951.25
4746,11,2,5428.65,10857.3
4747,8,1,833.84,833.84
4747,11,3,5227.57,15682.71
4747,7,2,3176.7,6353.4
4748,1,1,56720.7,56720.7
4748,6,1,2258.64,2258.64
4748,13,3,4387.59,13162.77
4749,3,3,2482.83,7448.49
4749,6,1,2002.13,2002.13
4750,10,3,4638.1,13914.3
4750,3,1,2544.94,2544.94
4750,14,1,664.31,664.31
4750,2,2,23828.17,47656.34
4751,9,2,1804.12,3608.24
4751,8,2,833.86,1667.72
4751,11,1,5310.41,5310.41
4752,8,3,817.52,2452.56
4752,1,3,53840.33,161520.99
4752,9,2,1776.33,3552.66
4752,4,1,1653.69,1653.69
4753,8,3,869.49,2608.47
4753,10,2,4304.08,8608.16
4753,9,3,1788.35,5365.05
4754,11,3,4845.81,14537.43
4755,4,1,1651.95,1651.95
4755,14,3,640.28,1920.84
4755,6,1,2202.27,2202.27
4756,14,1,639.97,639.97
4756,1,2,58937.71,117875.42
4757,3,3,2745.55,8236.65
4757,5,3,895.64,2686.92
4757,1,2,58708.66,117417.32
4757,4,3,1801.88,5405.64
4758,8,1,936.35,936.35
4759,11,2,4814.89,9629.78
4759,10,3,4200.04,12600.12
4759,14,2,649.65,1299.3
4760,1,1,57498.25,57498.25
4760,4,1,1652.6,1652.6
4761,6,3,2193.59,6580.77
4762,12,2,6800.52,13601.04
4762,11,1,5427.87,5427.87
4763,14,3,676.33,2028.99
4763,2,2,24640.49,49280.98
4764,1,1,59330.87,59330.87
4765,9,3,1801.88,5405.64
4766,10,3,4766.59,14299.77
4767,8,3,819.36,2458.08
4767,3,3,2366.29,7098.87
4768,5,1,907.12,907.12
4769,5,3,824.16,2472.48
4769,2,3,26540.25,79620.75
4770,4,1,1774.2,1774.2
4770,2,2,25502.67,51005.34
4770,5,1,866.0,866.0
4771,15,2,270.89,541.78
4772,3,1,2736.27,2736.27
4772,1,2,49797.8,99595.6
4773,14,2,693.6,1387.2
4773,8,2,872.42,1744.84
4774,7,2,2929.65,5859.3
4774,13,3,4403.4,13210.2
4774,9,1,1976.72,1976.72
4774,1,1,49980.62,49980.62
4775,6,1,2231.26,2231.26
4775,11,2,5323.29,10646.58
4775,14,3,670.31,2010.93
4775,15,2,236.06,472.12
4776,8,3,971.17,2913.51
4777,12,2,6218.29,12436.58
4777,3,3,2488.17,7464.51
4778,1,2,56837.55,113675.1
4779,13,2,4302.1,8604.2
4779,7,3,2798.98,8396.94
4779,11,3,4880.7,14642.1
4779,8,3,864.45,2593.35
4780,13,3,3815.88,11447.64
4781,9,1,1720.65,1720.65
4781,3,3,2266.13,6798.39
4781,13,1,3783.65,3783.65
4781,2,3,24989.85,74969.55
4782,1,1,59697.87,59697.87
4782,7,1,3059.6,3059.6
4782,4,3,1905.11,5715.33
4782,12,3,6154.97,18464.91
4783,10,2,4382.72,8765.44
4784,4,2,1901.06,3802.12
4784,9,1,1789.39,1789.39
4784,12,2,6969.29,13938.58
4785,4,2,1910.7,3821.4
4785,15,2,252.83,505.66
4785,11,1,5369.12,5369.12
4786,8,3,873.23,2619.69
4787,12,2,7026.85,14053.7
4787,7,1,3276.75,3276.75
4788,3,3,2519.13,7557.39
4788,15,2,267.48,534.96
4788,4,1,1621.63,1621.63
4789,7,2,3260.01,6520.02
4789,11,3,4747.1,14241.3
4789,2,1,24345.15,24345.15
4790,15,1,241.25,241.25
4790,5,3,987.05,2961.15
4790,12,3,6126.42,18379.26
4791,13,3,4617.43,13852.29
4791,15,1,233.11,233.11
4791,3,2,2271.47,4542.94
4791,12,1,6794.29,6794.29
4792,12,2,6107.73,12215.46
4792,7,1,2850.64,2850.64
4792,3,2,2478.92,4957.84
4793,11,3,4924.76,14774.28
4793,6,1,2391.11,2391.11
4793,4,1,1944.88,1944.88
4794,1,2,55788.6,111577.2
4794,5,2,926.44,1852.88
4795,5,3,965.6,2896.8
4795,14,1,721.2,721.2
4795,9,3,1810.76,5432.28
4795,13,3,4553.34,13660.02
4796,5,2,931.84,1863.68
4796,4,1,1965.81,1965.81
4796,8,1,871.42,871.42
4796,11,3,4776.09,14328.27
4797,12,1,6136.32,6136.32
4797,11,3,4688.15,14064.45
4797,2,2,22918.59,45837.18
4798,3,3,2706.93,8120.79
4799,6,1,2064.54,2064.54
4799,7,1,2751.36,2751.36
4799,5,1,876.32,876.32
4799,14,1,650.6,650.6
4800,12,3,6342.83,19028.49
4800,14,3,668.45,2005.35
4800,5,2,864.56,1729.12
4800,1,1,56143.5,56143.5
4801,1,3,55449.78,166349.34
4802,3,1,2328.46,2328.46
4802,15,3,248.75,746.25
4803,4,2,1946.82,3893.64
4803,9,1,1644.09,1644.09
4803,3,1,2749.32,2749.32
4803,8,1,818.21,818.21
4804,15,1,231.0,231.0
4804,3,3,2728.76,8186.28
4805,2,1,22615.4,22615.4
4805,5,1,855.32,855.32
4805,12,3,6139.09,18417.27
4805,1,2,60062.79,120125.58
4806,11,1,5440.19,5440.19
4806,12,3,6827.28,20481.84
4806,1,3,50951.01,152853.03
4806,5,1,957.52,957.52
4807,10,1,4452.36,4452.36
4807,12,3,6895.93,20687.79
4807,1,3,55115.27,165345.81
4808,11,2,4852.18,9704.36
4808,15,1,267.01,267.01
4808,13,1,4491.18,4491.18
4808,10,3,4177.39,12532.17
4809,1,3,53247.28,159741.84
4809,12,3,6130.93,18392.79
4809,10,3,4415.48,13246.44
4810,6,2,2325.34,4650.68
4810,13,3,3855.1,11565.3
4811,6,1,2299.52,2299.52
4812,1,3,56608.23,169824.69
4812,4,2,1742.57,3485.14
4812,3,2,2442.75,4885.5
4813,13,3,4342.76,13028.28
4813,9,3,1939.07,5817.21
4813,6,2,2130.17,4260.34
4813,15,1,229.32,229.32
4814,8,3,885.83,2657.49
4814,15,2,235.21,470.42
4815,15,1,257.25,257.25
4815,8,1,876.53,876.53
4816,15,1,268.59,268.59
4817,9,2,1648.93,3297.86
4817,1,3,58650.19,175950.57
4817,7,2,3130.79,6261.58
4818,7,1,3039.27,3039.27
4819,13,1,4469.82,4469.82
4819,2,3,24562.33,73686.99
4820,3,2,2285.79,4571.58
4820,9,2,1835.07,3670.14
4820,2,3,23908.35,71725.05
4820,10,2,4414.37,8828.74
4821,1,2,49956.36,99912.72
4821,9,3,1748.48,5245.44
4821,8,2,868.98,1737.96
4821,11,3,5312.69,15938.07
4822,3,3,2312.25,6936.75
4822,6,3,2026.69,6080.07
4823,14,3,718.02,2154.06
4823,9,1,1763.75,1763.75
4824,6,2,2055.83,4111.66
4825,10,1,4850.11,4850.11
4825,3,1,2446.5,2446.5
4825,7,3,2829.98,8489.94
4826,1,2,54418.76,108837.52
4827,3,2,2625.17,5250.34
4827,2,1,23191.74,23191.74
4827,13,3,4318.17,12954.51
4828,11,3,5153.54,15460.62
4828,8,1,967.41,967.41
4829,1,3,51757.01,155271.03
4829,6,2,2108.88,4217.76
4829,4,1,1930.43,1930.43
4829,5,2,962.89,1925.78
4830,5,3,902.88,2708.64
4831,5,3,885.96,2657.88
4831,6,3,2347.89,7043.67
4831,12,1,7022.01,7022.01
4831,11,1,5391.79,5391.79
4832,14,1,671.97,671.97
4832,8,1,921.25,921.25
4833,10,2,4424.69,8849.38
4833,2,3,25755.61,77266.83
4833,12,3,6220.98,18662.94
4833,15,3,226.93,680.79
4834,14,1,727.51,727.51
4834,5,3,916.98,2750.94
4834,10,2,4716.04,9432.08
4834,1,3,55787.54,167362.62
4835,14,2,671.09,1342.18
4835,2,2,24983.58,49967.16
4835,10,1,4501.85,4501.85
4836,5,3,832.42,2497.26
4836,7,2,2794.39,5588.78
4836,6,1,2110.1,2110.1
4836,3,2,2338.65,4677.3
4837,5,2,870.06,1740.12
4838,10,3,4589.67,13769.01
4838,15,1,226.97,226.97
4839,7,3,3181.4,9544.2
4839,9,1,1780.29,1780.29
4839,5,1,919.35,919.35
4839,14,1,708.47,708.47
4840,1,1,59760.35,59760.35
4840,5,3,898.17,2694.51
4840,3,2,2418.11,4836.22
4840,6,1,2310.86,2310.86
4841,1,1,51816.83,51816.83
4842,13,3,3914.69,11744.07
4842,6,3,2090.94,6272.82
4843,2,3,25004.99,75014.97
4843,10,1,4592.17,4592.17
4843,5,3,913.66,2740.98
4843,1,1,51530.1,51530.1
4844,10,1,4157.45,4157.45
4844,12,1,6527.54,6527.54
4844,8,1,926.63,926.63
4845,2,2,23442.17,46884.34
4846,6,2,2241.61,4483.22
4846,4,2,1825.34,3650.68
4846,3,3,2747.68,8243.04
4846,13,3,4112.81,12338.43
4847,10,1,4711.9,4711.9
4847,9,1,1687.47,1687.47
4847,12,1,7145.46,7145.46
4848,11,2,5194.1,10388.2
4848,6,3,2135.3,6405.9
4848,1,2,59477.52,118955.04
4849,9,3,1964.52,5893.56
4849,11,3,5048.91,15146.73
4850,10,2,4923.89,9847.78
4851,15,3,238.88,716.64
4851,5,2,819.07,1638.14
4851,14,1,765.54,765.54
4851,1,2,49616.84,99233.68
4852,3,3,2402.37,7207.11
4853,4,2,1801.37,3602.74
4853,3,2,2551.01,5102.02
4854,10,1,4240.55,4240.55
4855,14,3,726.24,2178.72
4855,5,1,895.21,895.21
4856,9,1,1745.1,1745.1
4856,3,3,2445.6,7336.8
4857,6,2,2184.31,4368.62
4858,11,2,5011.71,10023.42
4858,10,2,4444.57,8889.14
4858,7,1,3261.12,3261.12
4859,1,2,50108.21,100216.42
4859,14,1,688.71,688.71
4859,2,2,23301.1,46602.2
4860,1,1,53328.46,53328.46
4861,11,2,5233.33,10466.66
4861,9,3,1861.03,5583.09
4862,9,2,1813.01,3626.02
4862,2,2,26565.38,53130.76
4862,6,1,2247.83,2247.83
4862,12,2,7120.08,14240.16
4863,5,1,941.61,941.61
4864,5,1,907.24,907.24
4864,10,1,4138.34,4138.34
4864,12,1,6583.31,6583.31
4865,8,3,962.94,2888.82
4866,5,1,960.4,960.4
4866,3,1,2391.02,2391.02
4867,4,3,1763.12,5289.36
4867,15,3,247.46,742.38
4867,6,3,2398.9,7196.7
4867,13,2,4503.59,9007.18
4868,2,3,26831.42,80494.26
4868,6,3,2106.19,6318.57
4869,1,1,55521.75,55521.75
4869,13,2,4315.98,8631.96
4869,7,1,2827.38,2827.38
4869,4,3,1807.75,5423.25
4870,9,3,1948.4,5845.2
4871,4,3,1861.4,5584.2
4871,11,3,5081.0,15243.0
4872,1,3,56063.87,168191.61
4872,11,3,4793.97,14381.91
4872,12,1,6179.06,6179.06
4872,13,1,3937.52,3937.52
4873,10,3,4073.89,12221.67
4873,1,2,57268.87,114537.74
4874,9,2,1844.41,3688.82
4874,11,2,4602.08,9204.16
4875,6,2,2010.76,4021.52
4875,13,3,4558.14,13674.42
4875,8,1,854.84,854.84
4876,14,3,720.94,2162.82
4876,8,2,810.8,1621.6
4876,15,1,238.28,238.28
4876,7,3,3159.46,9478.38
4877,10,1,4547.39,4547.39
4877,15,1,270.33,270.33
4877,2,2,25828.63,51657.26
4878,6,2,1980.45,3960.9
4878,2,2,25270.2,50540.4
4879,1,3,55141.18,165423.54
4879,4,2,1946.31,3892.62
4879,9,3,1959.25,5877.75
4879,8,1,974.04,974.04
4880,11,3,4778.83,14336.49
4880,1,2,54517.63,109035.26
4880,8,1,918.56,918.56
4880,3,1,2632.39,2632.39
4881,14,1,659.35,659.35
4881,2,3,23160.89,69482.67
4881,9,2,1793.26,3586.52
4882,5,2,903.48,1806.96
4882,1,1,59227.04,59227.04
4882,4,3,1976.67,5930.01
4883,15,3,270.9,812.7
4883,3,2,2466.41,4932.82
4884,10,2,4758.61,9517.22
4884,3,2,2479.24,4958.48
4885,1,2,51255.67,102511.34
4885,14,1,680.38,680.38
4885,10,2,4800.69,9601.38
4886,3,3,2676.98,8030.94
4886,10,3,4505.82,13517.46
4887,2,3,26151.36,78454.08
4887,9,2,1835.25,3670.5
4888,9,1,1759.04,1759.04
4888,10,3,4261.27,12783.81
4889,15,3,271.29,813.87
4889,9,2,1646.17,3292.34
4889,11,2,4528.85,9057.7
4889,4,2,1893.06,3786.12
4890,14,1,640.58,640.58
4890,3,2,2636.71,5273.42
4890,6,3,2300.39,6901.17
4891,4,1,1709.87,1709.87
4891,10,2,4433.91,8867.82
4891,13,3,4097.54,12292.62
4891,6,1,2066.03,2066.03
4892,12,1,6988.67,6988.67
4892,8,2,883.06,1766.12
4893,8,3,965.87,2897.61
4894,11,3,4535.05,13605.15
4894,13,2,4130.46,8260.92
4895,4,2,1789.24,3578.48
4895,10,2,4478.8,8957.6
4895,11,2,4835.93,9671.86
4895,8,3,920.04,2760.12
4896,7,1,3256.64,3256.64
4897,6,2,2262.87,4525.74
4897,1,2,57277.24,114554.48
4897,2,1,24978.6,24978.6
4897,7,1,2873.24,2873.24
4898,15,2,241.11,482.22
4899,11,3,5300.27,15900.81
4899,4,2,1831.33,3662.66
4899,3,2,2516.6,5033.2
4899,10,2,4313.98,8627.96
4900,10,2,4828.7,9657.4
4901,6,3,2286.69,6860.07
4901,2,1,25441.57,25441.57
4901,9,2,1943.42,3886.84
4901,7,3,3108.12,9324.36
4902,1,2,52830.92,105661.84
4902,3,2,2732.8,5465.6
4902,4,1,1761.94,1761.94
4902,9,1,1739.07,1739.07
4903,13,3,4025.04,12075.12
4903,11,2,4820.66,9641.32
4903,3,1,2522.28,2522.28
4903,4,3,1920.2,5760.6
4904,12,3,7121.5,21364.5
4904,15,3,260.86,782.58
4905,4,1,1672.59,1672.59
4906,14,3,740.88,2222.64
4906,1,1,58173.63,58173.63
4907,10,1,4413.45,4413.45
4908,4,1,1831.12,1831.12
4908,8,2,829.02,1658.04
4908,2,2,26502.17,53004.34
4908,1,3,59281.19,177843.57
4909,9,1,1868.22,1868.22
4909,7,1,3040.99,3040.99
4909,13,1,4294.21,4294.21
4909,5,1,903.34,903.34
4910,14,3,706.51,2119.53
4910,9,3,1657.37,4972.11
4910,4,1,1757.5,1757.5
4910,11,3,5458.27,16374.81
4911,6,1,2093.53,2093.53
4911,9,3,1786.38,5359.14
4911,7,3,3213.27,9639.81
4911,8,1,980.25,980.25
4912,2,2,26103.93,52207.86
4912,5,1,887.22,887.22
4912,14,1,689.39,689.39
4913,4,3,1903.27,5709.81
4913,3,1,2511.24,2511.24
4913,15,1,269.47,269.47
4913,8,2,886.49,1772.98
4914,9,2,1722.95,3445.9
4914,12,1,6026.88,6026.88
4914,6,1,2084.26,2084.26
4914,1,3,54365.24,163095.72
4915,10,3,4858.67,14576.01
4916,8,2,856.06,1712.12
4917,13,2,3855.77,7711.54
4917,3,2,2658.43,5316.86
4918,7,3,2934.13,8802.39
4919,6,3,2378.6,7135.8
4919,5,1,880.05,880.05
4919,11,1,4796.19,4796.19
4920,14,2,740.87,1481.74
4921,14,3,738.66,2215.98
4922,3,2,2487.67,4975.34
4922,2,3,26293.31,78879.93
4922,4,2,1822.49,3644.98
4922,14,1,739.92,739.92
4923,3,1,2400.27,2400.27
4923,9,3,1800.9,5402.7
4923,14,2,639.08,1278.16
4924,14,1,654.97,654.97
4924,4,3,1969.32,5907.96
4924,7,3,2775.27,8325.81
4925,6,3,2198.56,6595.68
4925,15,1,256.54,256.54
4926,2,1,22733.97,22733.97
4927,8,3,905.56,2716.68
4928,4,2,1843.91,3687.82
4928,7,1,3043.02,3043.02
4929,4,3,1841.95,5525.85
4929,13,3,4346.87,13040.61
4929,1,2,56633.06,113266.12
4930,9,1,1768.62,1768.62
4931,13,3,4409.89,13229.67
4931,14,2,635.43,1270.86
4931,7,2,3260.17,6520.34
4931,4,1,1708.36,1708.36
4932,10,1,4410.65,4410.65
4932,2,3,26648.54,79945.62
4933,9,3,1808.96,5426.88
4934,11,3,5232.18,15696.54
4934,10,1,4931.16,4931.16
4935,15,3,246.48,739.44
4935,5,2,877.22,1754.44
4935,9,1,1894.48,1894.48
4936,11,3,4880.73,14642.19
4936,7,2,3054.21,6108.42
4937,14,1,734.95,734.95
4937,9,3,1888.9,5666.7
4937,11,3,5300.65,15901.95
4937,8,2,817.67,1635.34
4938,2,3,25729.46,77188.38
4938,3,3,2698.7,8096.1
4938,12,1,6714.81,6714.81
4938,4,1,1977.35,1977.35
4939,3,2,2599.11,5198.22
4939,6,1,1983.35,1983.35
4940,6,1,2333.04,2333.04
4941,1,2,59387.92,118775.84
4941,6,1,2416.26,2416.26
4942,5,3,878.55,2635.65
4942,11,2,4753.24,9506.48
4942,13,2,4501.68,9003.36
4942,9,3,1833.3,5499.9
4943,5,2,973.64,1947.28
4944,7,2,2768.26,5536.52
4944,15,1,254.51,254.51
4944,2,1,25812.77,25812.77
4945,6,3,2244.93,6734.79
4945,4,2,1757.54,3515.08
4945,1,2,55872.33,111744.66
4946,2,3,23865.56,71596.68
4946,15,3,231.77,695.31
4946,14,1,665.45,665.45
4946,13,2,4051.08,8102.16
4947,5,1,921.64,921.64
4947,12,3,6661.74,19985.22
4947,13,1,4133.85,4133.85
4947,3,1,2652.11,2652.11
4948,6,3,2201.19,6603.57
4948,9,1,1766.0,1766.0
4948,4,1,1934.46,1934.46
4948,8,3,910.27,2730.81
4949,6,2,2286.67,4573.34
4949,15,3,234.63,703.89
4949,5,3,838.48,2515.44
4949,10,2,4416.52,8833.04
4950,13,3,4190.41,12571.23
4950,2,2,23746.27,47492.54
4951,8,2,947.68,1895.36
4951,11,3,4715.34,14146.02
4951,14,3,665.65,1996.95
4952,8,1,978.59,978.59
4953,5,3,821.46,2464.38
4953,8,1,892.95,892.95
4954,11,2,4648.89,9297.78
4954,7,2,2893.73,5787.46
4954,3,2,2429.82,4859.64
4954,12,2,6278.25,12556.5
4955,6,2,2331.82,4663.64
4955,13,1,4227.52,4227.52
4955,10,2,4569.5,9139.0
4956,10,1,4286.2,4286.2
4956,8,1,974.13,974.13
4957,13,2,4494.02,8988.04
4958,10,1,4905.05,4905.05
4958,11,1,5494.01,5494.01
4959,1,3,57024.87,171074.61
4959,4,3,1882.13,5646.39
4960,14,3,741.94,2225.82
4961,6,1,2004.03,2004.03
4961,15,3,232.7,698.1
4962,15,3,233.16,699.48
4963,8,3,869.94,2609.82
4964,4,3,1700.09,5100.27
4964,7,3,3135.86,9407.58
4965,14,2,698.91,1397.82
4965,10,2,4845.7,9691.4
4965,15,1,233.68,233.68
4966,12,3,6926.65,20779.95
4966,15,2,253.63,507.26
4967,1,1,50228.44,50228.44
4967,14,3,706.93,2120.79
4967,6,1,2033.0,2033.0
4968,12,2,6875.93,13751.86
4968,1,3,55107.88,165323.64
4968,2,1,24942.88,24942.88
4969,11,3,4806.33,14418.99
4970,4,2,1857.77,3715.54
4970,8,3,897.63,2692.89
4971,11,1,5051.71,5051.71
4971,7,1,2765.82,2765.82
4972,14,3,759.11,2277.33
4972,3,1,2687.94,2687.94
4972,2,1,27163.96,27163.96
4972,6,3,2400.9,7202.7
4973,15,1,232.37,232.37
4973,9,3,1740.03,5220.09
4973,5,2,829.65,1659.3
4973,10,1,4455.82,4455.82
4974,8,3,921.4,2764.2
4974,7,1,2831.01,2831.01
4975,4,3,1880.79,5642.37
4976,4,3,1856.67,5570.01
4976,9,2,1901.86,3803.72
4976,10,1,4796.1,4796.1
4977,2,1,24325.88,24325.88
4977,5,1,831.05,831.05
4978,12,1,5999.45,5999.45
4979,14,2,734.3,1468.6
4979,2,3,22955.66,68866.98
4979,7,2,2747.72,5495.44
4979,12,1,7104.79,7104.79
4980,7,2,3058.6,6117.2
4980,13,3,4598.23,13794.69
4981,5,1,849.65,849.65
4982,2,1,27008.35,27008.35
4982,9,1,1738.41,1738.41
4982,1,2,51620.13,103240.26
4983,8,1,900.5,900.5
4983,12,1,6725.68,6725.68
4984,7,3,2863.91,8591.73
4984,6,1,2275.57,2275.57
4985,10,1,4185.16,4185.16
4986,6,2,2348.36,4696.72
4986,13,1,4301.81,4301.81
4987,3,3,2538.02,7614.06
4987,14,3,667.83,2003.49
4987,9,1,1959.24,1959.24
4987,8,2,963.76,1927.52
4988,14,3,678.04,2034.12
4988,8,1,907.45,907.45
4989,14,3,665.51,1996.53
4990,12,3,6713.08,20139.24
4990,8,1,902.44,902.44
4990,6,3,1990.38,5971.14
4991,13,3,4012.97,12038.91
4991,15,3,263.83,791.49
4991,3,1,2283.99,2283.99
4992,13,3,4066.79,12200.37
4992,8,1,837.29,837.29
4992,4,3,1867.71,5603.13
4993,3,1,2258.36,2258.36
4994,5,1,980.97,980.97
4994,1,2,59404.6,118809.2
4994,7,3,3153.44,9460.32
4995,2,1,24753.13,24753.13
4995,6,2,2252.31,4504.62
4996,5,1,859.1,859.1
4996,13,1,3837.07,3837.07
4997,8,3,871.28,2613.84
4997,9,2,1661.93,3323.86
4998,15,3,267.34,802.02
4998,5,3,923.47,2770.41
4999,9,2,1887.87,3775.74
4999,13,3,4543.99,13631.97
4999,3,3,2251.69,6755.07
4999,14,1,706.03,706.03
5000,8,1,933.01,933.01
