order_id,customer_id,order_date,payment_method,order_status
1,433,2025-07-29,UPI,Cancelled
2,265,2025-04-21,Cash on Delivery,Returned
3,442,2025-04-14,Credit Card,Delivered
4,429,2025-11-12,UPI,Delivered
5,150,2025-06-20,Cash on Delivery,Delivered
6,416,2025-12-22,UPI,Delivered
7,453,2025-11-20,UPI,Delivered
8,215,2025-05-13,Credit Card,Returned
9,197,2025-10-20,Credit Card,Delivered
10,42,2025-11-24,UPI,Cancelled
11,53,2025-05-07,UPI,Delivered
12,480,2025-04-16,Credit Card,Delivered
13,443,2025-04-02,Credit Card,Delivered
14,330,2025-10-14,Credit Card,Delivered
15,251,2025-02-20,UPI,Delivered
16,295,2025-01-29,UPI,Delivered
17,378,2025-10-23,UPI,Delivered
18,271,2025-10-24,UPI,Delivered
19,455,2025-08-02,Cash on Delivery,Delivered
20,413,2025-09-24,Credit Card,Delivered
21,123,2025-09-14,UPI,Delivered
22,367,2025-10-29,Debit Card,Delivered
23,387,2025-04-11,Credit Card,Delivered
24,339,2025-12-12,UPI,Delivered
25,266,2025-04-20,Debit Card,Delivered
26,348,2025-07-01,Debit Card,Delivered
27,29,2025-11-09,Credit Card,Delivered
28,463,2025-01-01,UPI,Delivered
29,35,2025-11-15,Credit Card,Cancelled
30,6,2025-02-24,Debit Card,Delivered
31,396,2025-05-29,UPI,Delivered
32,111,2025-11-05,UPI,Delivered
33,294,2025-05-17,Debit Card,Delivered
34,77,2025-07-21,UPI,Delivered
35,349,2025-11-09,Debit Card,Returned
36,147,2025-04-27,Credit Card,Delivered
37,67,2025-06-03,UPI,Delivered
38,392,2025-10-18,UPI,Delivered
39,8,2025-03-04,Debit Card,Delivered
40,122,2025-09-01,UPI,Delivered
41,340,2025-01-25,Credit Card,Delivered
42,175,2025-03-31,Credit Card,Returned
43,388,2025-03-16,Debit Card,Delivered
44,179,2025-10-21,Cash on Delivery,Cancelled
45,85,2025-07-29,Credit Card,Returned
46,451,2025-12-13,UPI,Delivered
47,45,2025-01-17,Cash on Delivery,Delivered
48,136,2025-05-08,Credit Card,Delivered
49,343,2025-12-30,UPI,Delivered
50,16,2025-09-08,UPI,Delivered
51,333,2025-06-28,Debit Card,Cancelled
52,195,2025-07-01,UPI,Delivered
53,496,2025-06-01,Credit Card,Delivered
54,9,2025-01-25,Credit Card,Delivered
55,316,2025-06-29,UPI,Delivered
56,334,2025-07-17,Credit Card,Delivered
57,333,2025-12-10,UPI,Delivered
58,327,2025-06-10,UPI,Delivered
59,15,2025-06-26,Credit Card,Delivered
60,327,2025-10-12,UPI,Cancelled
61,102,2025-03-04,Debit Card,Delivered
62,226,2025-05-30,Debit Card,Cancelled
63,425,2025-06-03,Debit Card,Delivered
64,278,2025-06-05,UPI,Delivered
65,408,2025-02-18,UPI,Delivered
66,113,2025-12-03,Credit Card,Delivered
67,485,2025-03-25,Cash on Delivery,Delivered
68,428,2025-12-27,Debit Card,Delivered
69,1,2025-06-26,Debit Card,Delivered
70,266,2025-05-28,UPI,Delivered
71,491,2025-04-28,UPI,Delivered
72,208,2025-12-08,Credit Card,Delivered
73,110,2025-03-04,UPI,Delivered
74,200,2025-07-08,UPI,Cancelled
75,440,2025-12-26,Cash on Delivery,Delivered
76,369,2025-02-18,UPI,Delivered
77,473,2025-11-23,UPI,Returned
78,306,2025-09-14,UPI,Delivered
79,12,2025-08-12,Cash on Delivery,Returned
80,345,2025-05-21,Credit Card,Delivered
81,465,2025-08-03,Credit Card,Cancelled
82,188,2025-07-30,Cash on Delivery,Delivered
83,154,2025-11-14,UPI,Cancelled
84,494,2025-02-01,Credit Card,Delivered
85,368,2025-06-07,UPI,Delivered
86,334,2025-10-12,UPI,Delivered
87,425,2025-11-01,Debit Card,Delivered
88,420,2025-10-13,Debit Card,Delivered
89,377,2025-05-24,UPI,Delivered
90,279,2025-01-19,UPI,Cancelled
91,171,2025-01-18,Credit Card,Delivered
92,134,2025-09-14,UPI,Cancelled
93,495,2025-03-19,UPI,Delivered
94,453,2025-06-24,UPI,Returned
95,427,2025-07-13,UPI,Returned
96,25,2025-04-23,Debit Card,Delivered
97,18,2025-04-24,UPI,Cancelled
98,190,2025-08-10,UPI,Delivered
99,141,2025-06-15,Credit Card,Delivered
100,43,2025-11-15,Debit Card,Delivered
101,334,2025-05-12,UPI,Delivered
102,284,2025-09-21,UPI,Delivered
103,146,2025-02-24,UPI,Delivered
104,315,2025-12-25,Debit Card,Delivered
105,444,2025-05-11,Credit Card,Delivered
106,319,2025-10-15,Debit Card,Delivered
107,441,2025-09-23,Cash on Delivery,Delivered
108,92,2025-06-11,Debit Card,Returned
109,179,2025-03-28,Credit Card,Delivered
110,56,2025-02-24,Credit Card,Delivered
111,155,2025-10-15,UPI,Delivered
112,160,2025-06-27,Cash on Delivery,Delivered
113,111,2025-12-15,UPI,Delivered
114,137,2025-01-08,UPI,Delivered
115,232,2025-11-17,Credit Card,Delivered
116,480,2025-11-09,UPI,Delivered
117,468,2025-09-04,Credit Card,Delivered
118,220,2025-11-19,Credit Card,Delivered
119,481,2025-09-12,UPI,Cancelled
120,68,2025-11-24,Debit Card,Delivered
121,302,2025-02-23,UPI,Delivered
122,249,2025-09-06,UPI,Delivered
123,482,2025-08-27,Credit Card,Delivered
124,496,2025-08-17,Credit Card,Delivered
125,323,2025-03-08,Debit Card,Delivered
126,410,2025-02-20,UPI,Delivered
127,392,2025-04-07,Credit Card,Delivered
128,6,2025-04-02,UPI,Delivered
129,464,2025-09-21,Cash on Delivery,Delivered
130,280,2025-10-18,UPI,Delivered
131,432,2025-04-06,Debit Card,Delivered
132,487,2025-03-29,UPI,Returned
133,94,2025-03-19,UPI,Delivered
134,429,2025-10-15,Credit Card,Delivered
135,269,2025-04-30,Debit Card,Delivered
136,197,2025-10-29,Credit Card,Delivered
137,25,2025-06-14,Cash on Delivery,Delivered
138,148,2025-07-01,Credit Card,Delivered
139,118,2025-08-11,Credit Card,Delivered
140,338,2025-11-07,UPI,Delivered
141,367,2025-01-07,Debit Card,Delivered
142,338,2025-11-26,UPI,Delivered
143,66,2025-09-20,Debit Card,Delivered
144,458,2025-06-10,Cash on Delivery,Delivered
145,301,2025-05-31,Cash on Delivery,Returned
146,370,2025-03-26,Credit Card,Delivered
147,175,2025-05-27,Credit Card,Delivered
148,319,2025-04-22,Debit Card,Delivered
149,76,2025-02-05,UPI,Cancelled
150,495,2025-10-12,Credit Card,Delivered
151,461,2025-07-07,UPI,Delivered
152,114,2025-03-23,Credit Card,Returned
153,111,2025-01-02,UPI,Cancelled
154,249,2025-10-30,UPI,Delivered
155,439,2025-07-16,UPI,Delivered
156,203,2025-01-11,UPI,Delivered
157,147,2025-08-22,Credit Card,Delivered
158,35,2025-07-14,UPI,Returned
159,487,2025-04-29,Credit Card,Delivered
160,309,2025-01-20,UPI,Cancelled
161,26,2025-09-18,Credit Card,Delivered
162,238,2025-10-20,Credit Card,Delivered
163,14,2025-09-13,Credit Card,Delivered
164,374,2025-08-10,Debit Card,Delivered
165,45,2025-08-14,UPI,Delivered
166,428,2025-02-22,Debit Card,Delivered
167,216,2025-12-21,UPI,Delivered
168,233,2025-12-08,Credit Card,Delivered
169,193,2025-12-30,Credit Card,Delivered
170,51,2025-10-07,UPI,Delivered
171,427,2025-03-22,Credit Card,Delivered
172,375,2025-07-21,Credit Card,Delivered
173,214,2025-06-07,UPI,Delivered
174,151,2025-04-30,UPI,Delivered
175,440,2025-02-28,UPI,Delivered
176,275,2025-08-03,Cash on Delivery,Delivered
177,338,2025-05-08,Credit Card,Delivered
178,76,2025-08-12,UPI,Delivered
179,439,2025-07-28,UPI,Delivered
180,220,2025-04-25,Credit Card,Delivered
181,348,2025-07-28,Debit Card,Delivered
182,444,2025-01-14,UPI,Cancelled
183,187,2025-01-09,UPI,Delivered
184,289,2025-02-09,Debit Card,Delivered
185,403,2025-08-25,UPI,Delivered
186,28,2025-10-08,UPI,Delivered
187,379,2025-12-25,Cash on Delivery,Returned
188,180,2025-07-20,Credit Card,Delivered
189,253,2025-09-03,UPI,Delivered
190,126,2025-10-05,UPI,Delivered
191,177,2025-08-23,UPI,Delivered
192,37,2025-01-04,UPI,Delivered
193,410,2025-06-03,Debit Card,Delivered
194,99,2025-01-29,UPI,Delivered
195,98,2025-04-19,Debit Card,Delivered
196,127,2025-04-08,Cash on Delivery,Delivered
197,483,2025-08-03,UPI,Delivered
198,168,2025-10-20,UPI,Delivered
199,80,2025-03-16,Credit Card,Returned
200,294,2025-11-22,Cash on Delivery,Delivered
201,333,2025-05-26,Debit Card,Delivered
202,126,2025-05-08,UPI,Delivered
203,343,2025-12-07,Credit Card,Delivered
204,310,2025-02-11,Credit Card,Delivered
205,150,2025-12-22,Cash on Delivery,Delivered
206,16,2025-02-10,UPI,Delivered
207,28,2025-02-03,Credit Card,Delivered
208,496,2025-01-17,Debit Card,Returned
209,419,2025-06-14,UPI,Delivered
210,444,2025-06-02,Credit Card,Cancelled
211,173,2025-03-17,UPI,Delivered
212,46,2025-03-28,UPI,Returned
213,328,2025-04-27,UPI,Delivered
214,236,2025-12-28,Cash on Delivery,Delivered
215,439,2025-12-08,UPI,Delivered
216,214,2025-01-27,Credit Card,Delivered
217,85,2025-11-09,Credit Card,Delivered
218,282,2025-10-14,UPI,Delivered
219,232,2025-05-14,Credit Card,Delivered
220,85,2025-08-07,Debit Card,Delivered
221,409,2025-06-17,Debit Card,Delivered
222,489,2025-04-08,Credit Card,Delivered
223,65,2025-09-25,Credit Card,Delivered
224,134,2025-08-25,UPI,Delivered
225,151,2025-11-05,Cash on Delivery,Delivered
226,115,2025-06-22,UPI,Returned
227,64,2025-07-09,Debit Card,Delivered
228,343,2025-05-02,UPI,Delivered
229,427,2025-02-15,Cash on Delivery,Delivered
230,363,2025-03-05,Debit Card,Delivered
231,407,2025-05-10,Debit Card,Delivered
232,352,2025-11-06,UPI,Delivered
233,158,2025-12-29,UPI,Delivered
234,77,2025-07-12,Credit Card,Delivered
235,491,2025-11-03,Debit Card,Delivered
236,146,2025-06-30,UPI,Delivered
237,343,2025-10-19,Cash on Delivery,Delivered
238,463,2025-10-09,Debit Card,Delivered
239,225,2025-01-29,UPI,Delivered
240,405,2025-05-29,Debit Card,Delivered
241,313,2025-09-24,Credit Card,Delivered
242,103,2025-10-23,Credit Card,Delivered
243,407,2025-01-11,UPI,Delivered
244,347,2025-06-13,Credit Card,Delivered
245,301,2025-04-23,Debit Card,Delivered
246,428,2025-07-06,UPI,Delivered
247,466,2025-10-22,Credit Card,Delivered
248,88,2025-08-20,Credit Card,Delivered
249,371,2025-08-15,Debit Card,Delivered
250,303,2025-11-06,UPI,Delivered
251,168,2025-04-08,Debit Card,Cancelled
252,435,2025-02-24,Credit Card,Delivered
253,170,2025-04-21,UPI,Delivered
254,135,2025-06-01,UPI,Delivered
255,50,2025-09-03,Credit Card,Delivered
256,432,2025-03-10,Debit Card,Cancelled
257,340,2025-11-08,UPI,Delivered
258,347,2025-10-16,Debit Card,Returned
259,134,2025-09-07,UPI,Delivered
260,347,2025-02-05,Credit Card,Delivered
261,137,2025-08-27,Cash on Delivery,Delivered
262,245,2025-05-28,Debit Card,Delivered
263,109,2025-08-15,UPI,Delivered
264,313,2025-09-01,Credit Card,Delivered
265,287,2025-12-03,UPI,Delivered
266,21,2025-12-31,UPI,Cancelled
267,90,2025-07-20,Debit Card,Delivered
268,296,2025-06-03,Debit Card,Delivered
269,112,2025-03-14,UPI,Delivered
270,301,2025-07-20,Cash on Delivery,Delivered
271,77,2025-10-23,Credit Card,Delivered
272,177,2025-01-17,UPI,Delivered
273,343,2025-05-09,Credit Card,Delivered
274,148,2025-08-05,Credit Card,Delivered
275,101,2025-03-02,Credit Card,Delivered
276,246,2025-04-14,Credit Card,Delivered
277,117,2025-02-11,Credit Card,Cancelled
278,92,2025-01-25,UPI,Delivered
279,401,2025-02-08,Debit Card,Delivered
280,28,2025-10-18,Credit Card,Delivered
281,425,2025-05-11,UPI,Delivered
282,450,2025-08-17,Debit Card,Delivered
283,25,2025-04-18,Cash on Delivery,Delivered
284,58,2025-06-21,Cash on Delivery,Delivered
285,498,2025-04-12,UPI,Delivered
286,297,2025-12-20,UPI,Delivered
287,134,2025-01-12,Credit Card,Delivered
288,331,2025-10-02,UPI,Delivered
289,249,2025-04-11,Cash on Delivery,Delivered
290,38,2025-02-13,UPI,Delivered
291,390,2025-11-01,UPI,Cancelled
292,429,2025-01-17,UPI,Delivered
293,75,2025-11-26,UPI,Delivered
294,142,2025-02-26,Debit Card,Delivered
295,322,2025-11-07,Credit Card,Delivered
296,168,2025-10-30,UPI,Delivered
297,259,2025-01-12,UPI,Returned
298,373,2025-11-14,Credit Card,Returned
299,355,2025-03-21,UPI,Delivered
300,225,2025-08-04,Credit Card,Delivered
301,152,2025-12-05,Credit Card,Delivered
302,19,2025-09-21,Debit Card,Delivered
303,146,2025-05-29,Cash on Delivery,Delivered
304,448,2025-03-22,Cash on Delivery,Delivered
305,241,2025-08-03,Cash on Delivery,Delivered
306,372,2025-07-17,UPI,Delivered
307,381,2025-07-19,UPI,Delivered
308,344,2025-01-25,UPI,Delivered
309,237,2025-03-30,Debit Card,Delivered
310,35,2025-09-25,Cash on Delivery,Delivered
311,190,2025-05-23,Debit Card,Delivered
312,1,2025-02-28,UPI,Delivered
313,484,2025-12-31,Cash on Delivery,Delivered
314,153,2025-01-26,UPI,Delivered
315,429,2025-02-16,UPI,Delivered
316,433,2025-10-15,UPI,Returned
317,126,2025-09-23,UPI,Delivered
318,491,2025-01-16,Credit Card,Delivered
319,482,2025-07-18,UPI,Delivered
320,345,2025-10-09,Credit Card,Returned
321,400,2025-03-27,Credit Card,Delivered
322,226,2025-09-07,Debit Card,Cancelled
323,221,2025-09-27,Credit Card,Delivered
324,403,2025-12-01,UPI,Returned
325,407,2025-04-27,Debit Card,Delivered
326,211,2025-01-07,Cash on Delivery,Delivered
327,25,2025-05-17,UPI,Delivered
328,16,2025-06-25,Credit Card,Cancelled
329,182,2025-11-24,UPI,Delivered
330,499,2025-11-11,UPI,Delivered
331,329,2025-08-03,Credit Card,Delivered
332,129,2025-03-23,Debit Card,Delivered
333,42,2025-08-11,UPI,Delivered
334,403,2025-04-13,Debit Card,Returned
335,481,2025-09-30,Debit Card,Delivered
336,418,2025-01-14,Cash on Delivery,Delivered
337,336,2025-06-08,UPI,Delivered
338,236,2025-06-01,Cash on Delivery,Delivered
339,360,2025-04-18,UPI,Delivered
340,439,2025-07-07,Credit Card,Delivered
341,402,2025-10-28,UPI,Delivered
342,34,2025-04-08,UPI,Delivered
343,345,2025-05-11,Debit Card,Delivered
344,381,2025-10-20,UPI,Delivered
345,45,2025-06-20,UPI,Returned
346,134,2025-07-02,UPI,Delivered
347,21,2025-12-30,Credit Card,Delivered
348,122,2025-02-08,UPI,Delivered
349,70,2025-01-15,Debit Card,Delivered
350,352,2025-01-04,UPI,Delivered
351,361,2025-12-15,UPI,Delivered
352,48,2025-07-29,UPI,Delivered
353,491,2025-06-10,Credit Card,Delivered
354,39,2025-01-16,UPI,Delivered
355,287,2025-04-18,UPI,Cancelled
356,490,2025-11-07,Cash on Delivery,Delivered
357,10,2025-08-15,Credit Card,Cancelled
358,30,2025-06-19,UPI,Delivered
359,244,2025-02-03,UPI,Delivered
360,274,2025-09-08,Debit Card,Delivered
361,444,2025-09-04,UPI,Delivered
362,88,2025-09-26,UPI,Delivered
363,244,2025-05-21,Debit Card,Delivered
364,381,2025-10-01,Credit Card,Delivered
365,329,2025-04-06,Credit Card,Delivered
366,479,2025-08-15,UPI,Returned
367,15,2025-02-08,UPI,Delivered
368,4,2025-10-29,Credit Card,Delivered
369,191,2025-01-29,UPI,Delivered
370,168,2025-11-14,Credit Card,Delivered
371,9,2025-09-02,Credit Card,Delivered
372,109,2025-08-24,UPI,Delivered
373,137,2025-07-04,Cash on Delivery,Delivered
374,154,2025-09-29,Debit Card,Delivered
375,388,2025-08-24,Debit Card,Delivered
376,209,2025-08-27,UPI,Delivered
377,272,2025-09-23,UPI,Returned
378,143,2025-12-25,Credit Card,Delivered
379,99,2025-12-06,UPI,Delivered
380,377,2025-03-06,Cash on Delivery,Cancelled
381,308,2025-06-26,UPI,Delivered
382,69,2025-01-03,Credit Card,Delivered
383,247,2025-05-22,UPI,Delivered
384,261,2025-06-07,Credit Card,Delivered
385,276,2025-11-20,UPI,Cancelled
386,79,2025-05-26,UPI,Delivered
387,146,2025-10-20,UPI,Delivered
388,111,2025-06-02,Debit Card,Delivered
389,258,2025-07-12,UPI,Cancelled
390,93,2025-03-14,Cash on Delivery,Delivered
391,13,2025-11-01,Debit Card,Delivered
392,260,2025-12-10,UPI,Returned
393,426,2025-05-20,Debit Card,Delivered
394,109,2025-07-06,UPI,Delivered
395,330,2025-10-20,Cash on Delivery,Delivered
396,189,2025-03-02,Credit Card,Delivered
397,95,2025-07-17,UPI,Delivered
398,105,2025-10-22,UPI,Delivered
399,8,2025-11-15,UPI,Delivered
400,67,2025-10-29,Cash on Delivery,Delivered
401,496,2025-12-10,UPI,Delivered
402,191,2025-01-11,Credit Card,Delivered
403,366,2025-03-03,UPI,Delivered
404,256,2025-11-29,Cash on Delivery,Returned
405,9,2025-08-14,UPI,Delivered
406,478,2025-06-02,Credit Card,Returned
407,117,2025-07-18,Credit Card,Delivered
408,267,2025-02-21,Debit Card,Delivered
409,99,2025-09-17,UPI,Delivered
410,485,2025-02-28,UPI,Delivered
411,298,2025-03-13,UPI,Delivered
412,397,2025-05-28,Debit Card,Delivered
413,164,2025-12-15,UPI,Cancelled
414,376,2025-03-04,Credit Card,Delivered
415,141,2025-11-06,UPI,Delivered
416,268,2025-08-31,Debit Card,Returned
417,37,2025-11-26,Cash on Delivery,Cancelled
418,74,2025-04-17,Credit Card,Returned
419,73,2025-08-14,UPI,Delivered
420,308,2025-11-09,UPI,Delivered
421,199,2025-08-06,UPI,Delivered
422,130,2025-08-29,UPI,Delivered
423,246,2025-09-16,Credit Card,Delivered
424,312,2025-09-19,Credit Card,Delivered
425,60,2025-01-05,Cash on Delivery,Delivered
426,279,2025-09-18,UPI,Delivered
427,103,2025-02-23,Credit Card,Delivered
428,296,2025-02-16,Credit Card,Delivered
429,320,2025-08-03,Credit Card,Delivered
430,487,2025-06-26,UPI,Delivered
431,341,2025-01-09,Credit Card,Delivered
432,151,2025-04-09,Credit Card,Delivered
433,157,2025-01-20,Debit Card,Delivered
434,206,2025-08-29,Cash on Delivery,Delivered
435,474,2025-03-02,UPI,Delivered
436,179,2025-06-27,UPI,Delivered
437,197,2025-12-04,Credit Card,Delivered
438,223,2025-03-03,Credit Card,Delivered
439,89,2025-05-25,UPI,Delivered
440,287,2025-08-04,Debit Card,Delivered
441,434,2025-01-03,Cash on Delivery,Delivered
442,276,2025-06-09,Cash on Delivery,Delivered
443,236,2025-08-15,UPI,Delivered
444,183,2025-09-26,Debit Card,Delivered
445,209,2025-04-30,Debit Card,Delivered
446,493,2025-03-30,Credit Card,Delivered
447,130,2025-11-25,Credit Card,Delivered
448,153,2025-03-09,Debit Card,Delivered
449,13,2025-12-23,Credit Card,Delivered
450,122,2025-04-08,UPI,Delivered
451,359,2025-09-24,Credit Card,Delivered
452,220,2025-04-15,Credit Card,Delivered
453,106,2025-11-19,UPI,Delivered
454,375,2025-05-03,Cash on Delivery,Delivered
455,70,2025-01-29,Credit Card,Delivered
456,195,2025-05-17,Credit Card,Delivered
457,186,2025-07-14,UPI,Delivered
458,99,2025-08-14,Credit Card,Delivered
459,82,2025-11-28,UPI,Cancelled
460,75,2025-06-19,UPI,Delivered
461,374,2025-01-09,Credit Card,Delivered
462,340,2025-02-09,UPI,Delivered
463,192,2025-01-25,Credit Card,Delivered
464,325,2025-09-18,UPI,Cancelled
465,467,2025-08-14,UPI,Delivered
466,214,2025-05-04,UPI,Delivered
467,315,2025-02-07,Cash on Delivery,Delivered
468,444,2025-11-24,Credit Card,Delivered
469,467,2025-09-08,Credit Card,Delivered
470,382,2025-06-25,UPI,Delivered
471,367,2025-03-31,UPI,Delivered
472,318,2025-02-06,Cash on Delivery,Delivered
473,144,2025-11-12,UPI,Returned
474,384,2025-06-25,UPI,Delivered
475,216,2025-10-11,Credit Card,Delivered
476,361,2025-03-22,UPI,Cancelled
477,324,2025-04-24,Debit Card,Delivered
478,15,2025-02-09,Credit Card,Cancelled
479,217,2025-10-28,UPI,Delivered
480,492,2025-08-12,UPI,Delivered
481,439,2025-11-14,UPI,Delivered
482,35,2025-12-15,Debit Card,Delivered
483,183,2025-04-25,Credit Card,Delivered
484,270,2025-07-05,UPI,Delivered
485,433,2025-11-19,UPI,Delivered
486,467,2025-02-25,Credit Card,Delivered
487,358,2025-02-09,Credit Card,Delivered
488,100,2025-12-20,UPI,Delivered
489,7,2025-02-09,UPI,Returned
490,30,2025-12-13,UPI,Delivered
491,467,2025-08-25,Credit Card,Delivered
492,305,2025-10-16,Cash on Delivery,Delivered
493,473,2025-09-19,UPI,Returned
494,144,2025-08-04,Credit Card,Returned
495,111,2025-05-27,UPI,Delivered
496,232,2025-12-02,UPI,Cancelled
497,179,2025-06-17,UPI,Delivered
498,72,2025-04-02,Debit Card,Returned
499,210,2025-12-19,Credit Card,Delivered
500,220,2025-02-28,Credit Card,Delivered
501,80,2025-02-28,UPI,Delivered
502,500,2025-10-31,UPI,Delivered
503,83,2025-06-18,UPI,Delivered
504,42,2025-09-26,Debit Card,Delivered
505,273,2025-12-29,UPI,Returned
506,191,2025-02-14,Credit Card,Delivered
507,173,2025-12-11,UPI,Delivered
508,461,2025-06-30,UPI,Delivered
509,7,2025-06-19,Credit Card,Delivered
510,155,2025-12-22,UPI,Delivered
511,10,2025-07-10,UPI,Delivered
512,34,2025-06-04,UPI,Delivered
513,36,2025-07-07,Credit Card,Delivered
514,409,2025-01-07,Credit Card,Delivered
515,6,2025-05-13,UPI,Returned
516,408,2025-08-23,Credit Card,Delivered
517,402,2025-02-14,UPI,Cancelled
518,215,2025-11-10,UPI,Delivered
519,134,2025-09-06,UPI,Delivered
520,285,2025-01-31,Debit Card,Returned
521,126,2025-01-23,UPI,Delivered
522,409,2025-06-09,UPI,Delivered
523,439,2025-12-29,UPI,Delivered
524,337,2025-06-07,UPI,Delivered
525,174,2025-02-08,Credit Card,Delivered
526,152,2025-03-23,UPI,Delivered
527,331,2025-12-22,UPI,Cancelled
528,26,2025-09-15,Credit Card,Delivered
529,383,2025-07-25,UPI,Delivered
530,115,2025-03-18,Debit Card,Delivered
531,382,2025-01-12,Credit Card,Delivered
532,482,2025-10-22,UPI,Returned
533,284,2025-08-12,Credit Card,Delivered
534,387,2025-01-13,UPI,Delivered
535,75,2025-02-15,Credit Card,Cancelled
536,166,2025-06-04,UPI,Delivered
537,189,2025-04-23,UPI,Delivered
538,78,2025-08-21,Credit Card,Delivered
539,435,2025-01-17,Debit Card,Delivered
540,90,2025-12-26,Cash on Delivery,Delivered
541,176,2025-08-11,Credit Card,Delivered
542,21,2025-12-20,UPI,Delivered
543,54,2025-07-07,UPI,Delivered
544,184,2025-12-10,UPI,Delivered
545,359,2025-12-31,Credit Card,Delivered
546,222,2025-06-12,UPI,Delivered
547,315,2025-11-22,Cash on Delivery,Returned
548,328,2025-03-15,UPI,Delivered
549,179,2025-08-21,UPI,Delivered
550,276,2025-08-12,UPI,Delivered
551,112,2025-11-15,Debit Card,Delivered
552,224,2025-03-01,Credit Card,Delivered
553,214,2025-12-01,Credit Card,Delivered
554,59,2025-08-10,UPI,Delivered
555,327,2025-02-06,Debit Card,Delivered
556,393,2025-10-05,UPI,Delivered
557,109,2025-07-15,Debit Card,Delivered
558,385,2025-12-18,Credit Card,Delivered
559,157,2025-08-30,UPI,Delivered
560,191,2025-11-20,Credit Card,Delivered
561,200,2025-08-07,Credit Card,Delivered
562,312,2025-07-11,UPI,Delivered
563,196,2025-01-17,Debit Card,Delivered
564,35,2025-01-12,UPI,Delivered
565,379,2025-07-12,UPI,Delivered
566,387,2025-01-22,UPI,Delivered
567,246,2025-04-30,UPI,Delivered
568,237,2025-07-29,Credit Card,Delivered
569,104,2025-11-02,UPI,Delivered
570,7,2025-09-27,Credit Card,Delivered
571,283,2025-07-11,UPI,Delivered
572,1,2025-06-24,Cash on Delivery,Delivered
573,219,2025-10-12,Credit Card,Delivered
574,464,2025-07-23,Debit Card,Delivered
575,230,2025-06-13,UPI,Delivered
576,455,2025-09-08,UPI,Delivered
577,172,2025-08-15,UPI,Delivered
578,87,2025-01-07,Credit Card,Delivered
579,41,2025-01-29,Debit Card,Delivered
580,123,2025-02-02,UPI,Returned
581,331,2025-05-14,UPI,Delivered
582,298,2025-03-20,Debit Card,Delivered
583,373,2025-02-27,UPI,Delivered
584,417,2025-01-26,Credit Card,Delivered
585,178,2025-08-14,Credit Card,Delivered
586,63,2025-10-12,Debit Card,Delivered
587,484,2025-01-04,UPI,Delivered
588,165,2025-04-09,UPI,Delivered
589,489,2025-02-08,Credit Card,Delivered
590,187,2025-09-28,Cash on Delivery,Returned
591,383,2025-10-12,UPI,Delivered
592,209,2025-06-06,UPI,Returned
593,227,2025-03-16,Credit Card,Delivered
594,432,2025-10-15,Cash on Delivery,Cancelled
595,389,2025-05-10,Debit Card,Delivered
596,48,2025-06-24,Cash on Delivery,Returned
597,224,2025-03-25,UPI,Delivered
598,3,2025-01-22,UPI,Delivered
599,372,2025-01-27,Credit Card,Delivered
600,175,2025-07-14,Debit Card,Delivered
601,446,2025-12-03,UPI,Delivered
602,99,2025-08-24,UPI,Returned
603,116,2025-04-02,Debit Card,Delivered
604,270,2025-01-21,UPI,Delivered
605,447,2025-10-30,UPI,Delivered
606,368,2025-12-23,Credit Card,Delivered
607,253,2025-03-25,Credit Card,Delivered
608,317,2025-09-19,Debit Card,Delivered
609,415,2025-05-27,UPI,Delivered
610,95,2025-09-14,Credit Card,Delivered
611,273,2025-02-27,Credit Card,Delivered
612,380,2025-01-15,Credit Card,Delivered
613,24,2025-06-11,Credit Card,Delivered
614,116,2025-06-12,UPI,Delivered
615,151,2025-11-16,UPI,Delivered
616,338,2025-10-08,UPI,Delivered
617,50,2025-10-07,UPI,Delivered
618,206,2025-01-12,Credit Card,Delivered
619,498,2025-10-01,Debit Card,Delivered
620,335,2025-09-28,Debit Card,Delivered
621,79,2025-07-27,Debit Card,Delivered
622,70,2025-01-27,UPI,Delivered
623,27,2025-03-13,UPI,Delivered
624,271,2025-03-01,UPI,Delivered
625,50,2025-05-25,UPI,Delivered
626,292,2025-04-03,UPI,Delivered
627,247,2025-11-05,Credit Card,Cancelled
628,264,2025-01-08,Cash on Delivery,Delivered
629,79,2025-03-20,UPI,Delivered
630,387,2025-01-27,UPI,Delivered
631,190,2025-06-23,Debit Card,Delivered
632,47,2025-02-19,UPI,Delivered
633,461,2025-07-18,Debit Card,Delivered
634,361,2025-12-15,Debit Card,Cancelled
635,354,2025-06-30,Cash on Delivery,Delivered
636,472,2025-01-24,UPI,Delivered
637,488,2025-11-12,Credit Card,Delivered
638,352,2025-02-15,Credit Card,Delivered
639,189,2025-01-15,Credit Card,Delivered
640,416,2025-06-02,UPI,Delivered
641,256,2025-08-10,UPI,Delivered
642,222,2025-07-25,Credit Card,Delivered
643,372,2025-09-30,Credit Card,Cancelled
644,241,2025-08-24,Debit Card,Delivered
645,269,2025-12-06,Debit Card,Delivered
646,1,2025-08-16,Credit Card,Delivered
647,34,2025-01-09,UPI,Delivered
648,446,2025-06-15,Debit Card,Cancelled
649,79,2025-11-15,Credit Card,Delivered
650,236,2025-08-02,Debit Card,Delivered
651,334,2025-04-27,Cash on Delivery,Delivered
652,377,2025-12-10,UPI,Delivered
653,349,2025-03-13,Debit Card,Delivered
654,98,2025-03-05,UPI,Delivered
655,82,2025-07-24,UPI,Returned
656,455,2025-07-28,Credit Card,Delivered
657,477,2025-03-13,UPI,Delivered
658,415,2025-10-04,Debit Card,Delivered
659,192,2025-10-01,UPI,Delivered
660,253,2025-11-16,UPI,Delivered
661,409,2025-12-04,Credit Card,Delivered
662,38,2025-04-05,Debit Card,Delivered
663,14,2025-06-15,Cash on Delivery,Delivered
664,392,2025-02-01,Debit Card,Delivered
665,347,2025-01-11,Credit Card,Delivered
666,310,2025-10-28,UPI,Cancelled
667,386,2025-08-05,UPI,Delivered
668,209,2025-10-16,UPI,Delivered
669,357,2025-04-12,Credit Card,Delivered
670,462,2025-09-24,Credit Card,Delivered
671,89,2025-08-02,UPI,Delivered
672,56,2025-06-28,Debit Card,Delivered
673,94,2025-03-29,Credit Card,Cancelled
674,93,2025-02-10,UPI,Delivered
675,340,2025-03-17,UPI,Cancelled
676,85,2025-02-15,Debit Card,Delivered
677,445,2025-06-09,Debit Card,Delivered
678,245,2025-03-21,Debit Card,Delivered
679,22,2025-11-06,UPI,Delivered
680,291,2025-03-27,Cash on Delivery,Delivered
681,485,2025-04-02,UPI,Delivered
682,272,2025-05-28,UPI,Delivered
683,306,2025-06-10,Cash on Delivery,Delivered
684,122,2025-07-21,UPI,Delivered
685,128,2025-08-30,Credit Card,Delivered
686,113,2025-12-19,UPI,Delivered
687,427,2025-01-02,Credit Card,Delivered
688,273,2025-08-13,Cash on Delivery,Delivered
689,336,2025-10-16,UPI,Delivered
690,442,2025-08-21,Credit Card,Delivered
691,130,2025-03-18,UPI,Delivered
692,132,2025-04-26,Credit Card,Cancelled
693,85,2025-06-03,UPI,Cancelled
694,423,2025-04-13,UPI,Cancelled
695,482,2025-07-13,UPI,Delivered
696,350,2025-06-15,UPI,Delivered
697,390,2025-12-25,Cash on Delivery,Delivered
698,81,2025-03-31,UPI,Delivered
699,487,2025-06-23,UPI,Cancelled
700,473,2025-05-02,UPI,Delivered
701,325,2025-05-23,UPI,Delivered
702,69,2025-04-16,Debit Card,Delivered
703,148,2025-11-01,Cash on Delivery,Delivered
704,448,2025-12-26,UPI,Delivered
705,16,2025-11-13,Debit Card,Delivered
706,307,2025-05-03,Credit Card,Delivered
707,105,2025-01-09,UPI,Cancelled
708,165,2025-09-19,Credit Card,Delivered
709,488,2025-03-14,Credit Card,Delivered
710,201,2025-12-25,Credit Card,Delivered
711,197,2025-08-11,Debit Card,Delivered
712,426,2025-02-10,UPI,Cancelled
713,185,2025-07-23,Cash on Delivery,Delivered
714,322,2025-09-21,Debit Card,Delivered
715,265,2025-11-24,Credit Card,Delivered
716,363,2025-06-27,Credit Card,Delivered
717,100,2025-12-14,UPI,Delivered
718,342,2025-11-14,Cash on Delivery,Delivered
719,320,2025-03-25,Credit Card,Delivered
720,214,2025-11-14,UPI,Delivered
721,278,2025-04-21,UPI,Delivered
722,162,2025-09-08,Credit Card,Delivered
723,439,2025-01-07,UPI,Delivered
724,157,2025-03-25,UPI,Delivered
725,422,2025-07-27,Credit Card,Delivered
726,251,2025-11-10,UPI,Delivered
727,366,2025-01-22,UPI,Delivered
728,97,2025-01-03,UPI,Returned
729,18,2025-05-07,UPI,Delivered
730,327,2025-10-24,Credit Card,Delivered
731,449,2025-07-07,Credit Card,Delivered
732,383,2025-12-28,UPI,Delivered
733,97,2025-01-14,UPI,Delivered
734,1,2025-01-12,Credit Card,Cancelled
735,216,2025-03-28,UPI,Delivered
736,132,2025-01-12,UPI,Delivered
737,260,2025-01-25,UPI,Delivered
738,125,2025-10-28,Debit Card,Delivered
739,82,2025-08-31,Debit Card,Delivered
740,283,2025-05-02,Debit Card,Delivered
741,171,2025-05-27,Debit Card,Delivered
742,59,2025-02-24,Credit Card,Delivered
743,32,2025-08-26,Credit Card,Delivered
744,161,2025-12-22,Credit Card,Delivered
745,284,2025-06-22,UPI,Delivered
746,106,2025-08-09,Credit Card,Delivered
747,105,2025-04-29,Debit Card,Delivered
748,439,2025-11-05,Credit Card,Delivered
749,228,2025-07-02,UPI,Delivered
750,188,2025-10-15,UPI,Delivered
751,70,2025-11-03,Credit Card,Delivered
752,318,2025-10-27,Credit Card,Delivered
753,464,2025-03-23,Debit Card,Delivered
754,290,2025-07-30,UPI,Delivered
755,87,2025-05-30,Debit Card,Delivered
756,370,2025-02-06,Credit Card,Delivered
757,362,2025-12-18,Debit Card,Delivered
758,472,2025-11-08,Credit Card,Delivered
759,56,2025-12-27,Credit Card,Delivered
760,113,2025-02-28,Credit Card,Delivered
761,13,2025-05-11,Debit Card,Delivered
762,440,2025-07-21,Cash on Delivery,Delivered
763,18,2025-08-31,UPI,Delivered
764,182,2025-02-04,UPI,Delivered
765,461,2025-04-03,Cash on Delivery,Delivered
766,113,2025-07-26,Credit Card,Delivered
767,229,2025-12-19,Credit Card,Delivered
768,171,2025-11-28,Credit Card,Delivered
769,295,2025-11-01,UPI,Delivered
770,189,2025-12-16,Debit Card,Cancelled
771,426,2025-08-01,Debit Card,Delivered
772,465,2025-06-08,UPI,Delivered
773,79,2025-01-24,UPI,Delivered
774,146,2025-10-20,Debit Card,Delivered
775,407,2025-01-04,UPI,Delivered
776,182,2025-08-08,Debit Card,Delivered
777,499,2025-12-30,UPI,Delivered
778,286,2025-01-20,Credit Card,Delivered
779,250,2025-06-01,Cash on Delivery,Delivered
780,354,2025-02-19,Credit Card,Delivered
781,314,2025-06-26,UPI,Delivered
782,196,2025-04-06,Credit Card,Delivered
783,323,2025-04-15,UPI,Cancelled
784,71,2025-09-07,UPI,Delivered
785,248,2025-04-27,Cash on Delivery,Delivered
786,146,2025-12-20,Debit Card,Delivered
787,106,2025-08-16,Credit Card,Delivered
788,263,2025-03-07,UPI,Delivered
789,296,2025-12-01,UPI,Delivered
790,70,2025-09-19,UPI,Cancelled
791,470,2025-10-22,Credit Card,Delivered
792,193,2025-08-31,Debit Card,Delivered
793,68,2025-07-05,Credit Card,Delivered
794,494,2025-09-03,Debit Card,Delivered
795,305,2025-05-05,UPI,Delivered
796,52,2025-09-25,UPI,Delivered
797,370,2025-05-11,UPI,Delivered
798,363,2025-08-25,UPI,Delivered
799,285,2025-01-18,UPI,Delivered
800,405,2025-02-09,Cash on Delivery,Delivered
801,474,2025-01-21,UPI,Delivered
802,334,2025-08-13,Cash on Delivery,Delivered
803,9,2025-12-21,UPI,Delivered
804,251,2025-10-09,Cash on Delivery,Delivered
805,431,2025-01-08,Credit Card,Delivered
806,332,2025-04-10,Cash on Delivery,Delivered
807,298,2025-08-28,UPI,Cancelled
808,435,2025-03-28,Debit Card,Cancelled
809,184,2025-10-25,Cash on Delivery,Delivered
810,179,2025-01-14,UPI,Cancelled
811,198,2025-11-30,UPI,Delivered
812,128,2025-01-02,UPI,Delivered
813,20,2025-10-20,Cash on Delivery,Delivered
814,472,2025-11-21,Credit Card,Delivered
815,411,2025-02-10,Credit Card,Delivered
816,422,2025-11-14,UPI,Delivered
817,328,2025-11-12,UPI,Delivered
818,65,2025-04-21,Debit Card,Delivered
819,182,2025-01-14,UPI,Delivered
820,241,2025-08-19,Credit Card,Delivered
821,369,2025-03-25,Cash on Delivery,Delivered
822,24,2025-05-10,UPI,Delivered
823,384,2025-08-19,Credit Card,Cancelled
824,431,2025-11-22,UPI,Delivered
825,455,2025-05-25,Credit Card,Delivered
826,83,2025-12-11,UPI,Delivered
827,470,2025-01-28,Debit Card,Delivered
828,319,2025-03-07,UPI,Delivered
829,185,2025-06-12,Credit Card,Cancelled
830,439,2025-08-17,Credit Card,Delivered
831,316,2025-09-18,UPI,Delivered
832,99,2025-06-13,Debit Card,Delivered
833,62,2025-10-28,UPI,Delivered
834,286,2025-10-30,Credit Card,Delivered
835,477,2025-10-14,UPI,Delivered
836,22,2025-01-10,Credit Card,Delivered
837,459,2025-07-14,UPI,Delivered
838,212,2025-04-28,UPI,Delivered
839,126,2025-09-27,UPI,Delivered
840,413,2025-03-21,Debit Card,Delivered
841,499,2025-04-03,UPI,Delivered
842,425,2025-09-23,Debit Card,Cancelled
843,42,2025-11-28,Debit Card,Delivered
844,98,2025-12-16,UPI,Delivered
845,449,2025-12-27,Credit Card,Delivered
846,31,2025-09-14,UPI,Delivered
847,158,2025-05-13,UPI,Delivered
848,112,2025-10-03,Debit Card,Delivered
849,402,2025-09-21,Credit Card,Delivered
850,247,2025-06-20,Credit Card,Delivered
851,122,2025-01-01,UPI,Delivered
852,273,2025-11-09,UPI,Cancelled
853,294,2025-03-05,UPI,Delivered
854,398,2025-10-11,Debit Card,Delivered
855,471,2025-05-01,Credit Card,Delivered
856,473,2025-04-17,Debit Card,Delivered
857,207,2025-06-24,UPI,Delivered
858,110,2025-07-23,UPI,Delivered
859,440,2025-06-14,UPI,Delivered
860,278,2025-11-01,UPI,Delivered
861,451,2025-04-30,UPI,Delivered
862,56,2025-02-13,Debit Card,Cancelled
863,375,2025-11-08,Debit Card,Delivered
864,403,2025-06-05,Credit Card,Delivered
865,57,2025-07-26,Credit Card,Delivered
866,428,2025-04-18,UPI,Cancelled
867,482,2025-09-08,Debit Card,Delivered
868,291,2025-11-30,UPI,Delivered
869,114,2025-05-10,Cash on Delivery,Delivered
870,381,2025-10-20,Credit Card,Delivered
871,385,2025-01-20,UPI,Delivered
872,308,2025-10-09,Cash on Delivery,Returned
873,341,2025-10-12,UPI,Delivered
874,477,2025-01-01,Credit Card,Delivered
875,198,2025-04-29,Credit Card,Delivered
876,421,2025-02-04,UPI,Delivered
877,321,2025-07-17,UPI,Delivered
878,179,2025-09-02,Credit Card,Returned
879,385,2025-02-28,Debit Card,Delivered
880,219,2025-11-21,UPI,Returned
881,277,2025-06-10,Cash on Delivery,Delivered
882,437,2025-06-28,UPI,Delivered
883,16,2025-07-25,UPI,Delivered
884,492,2025-01-12,UPI,Delivered
885,379,2025-10-03,UPI,Delivered
886,61,2025-06-30,UPI,Delivered
887,54,2025-08-30,Cash on Delivery,Delivered
888,168,2025-08-04,UPI,Delivered
889,26,2025-09-08,UPI,Delivered
890,336,2025-10-26,UPI,Delivered
891,476,2025-05-06,Debit Card,Delivered
892,65,2025-08-05,Debit Card,Delivered
893,100,2025-11-02,UPI,Delivered
894,74,2025-10-12,UPI,Delivered
895,192,2025-07-04,UPI,Delivered
896,171,2025-02-08,UPI,Delivered
897,273,2025-08-11,UPI,Delivered
898,377,2025-07-03,UPI,Delivered
899,187,2025-06-27,UPI,Delivered
900,23,2025-10-21,Credit Card,Delivered
901,391,2025-12-06,UPI,Delivered
902,428,2025-05-31,Cash on Delivery,Returned
903,181,2025-05-06,Cash on Delivery,Delivered
904,327,2025-10-28,Credit Card,Delivered
905,108,2025-11-04,UPI,Delivered
906,335,2025-12-02,UPI,Delivered
907,162,2025-08-22,UPI,Delivered
908,302,2025-01-08,Debit Card,Delivered
909,493,2025-12-07,Credit Card,Cancelled
910,452,2025-05-09,Debit Card,Delivered
911,206,2025-09-21,Cash on Delivery,Delivered
912,78,2025-06-06,UPI,Delivered
913,16,2025-12-18,Credit Card,Delivered
914,327,2025-12-24,UPI,Delivered
915,96,2025-01-05,UPI,Delivered
916,147,2025-03-27,UPI,Delivered
917,2,2025-06-24,UPI,Delivered
918,10,2025-10-17,Debit Card,Delivered
919,434,2025-07-12,UPI,Delivered
920,125,2025-11-07,Credit Card,Delivered
921,81,2025-04-29,Credit Card,Cancelled
922,485,2025-08-06,Credit Card,Delivered
923,140,2025-04-24,UPI,Delivered
924,326,2025-05-25,Debit Card,Delivered
925,150,2025-01-26,Credit Card,Delivered
926,288,2025-05-16,UPI,Delivered
927,361,2025-10-30,UPI,Delivered
928,340,2025-08-20,Credit Card,Delivered
929,129,2025-03-17,Debit Card,Delivered
930,438,2025-11-24,Credit Card,Delivered
931,239,2025-12-11,Debit Card,Cancelled
932,58,2025-10-29,Credit Card,Cancelled
933,198,2025-10-16,UPI,Delivered
934,211,2025-01-01,UPI,Delivered
935,402,2025-05-27,UPI,Delivered
936,390,2025-10-14,Credit Card,Delivered
937,45,2025-05-22,Debit Card,Cancelled
938,97,2025-02-22,UPI,Delivered
939,279,2025-10-31,Credit Card,Delivered
940,23,2025-03-10,UPI,Delivered
941,410,2025-12-27,UPI,Delivered
942,461,2025-03-31,UPI,Delivered
943,391,2025-08-08,UPI,Delivered
944,335,2025-07-11,UPI,Delivered
945,44,2025-03-04,UPI,Delivered
946,27,2025-03-14,UPI,Returned
947,282,2025-06-10,UPI,Delivered
948,97,2025-06-18,Credit Card,Delivered
949,463,2025-03-30,UPI,Delivered
950,36,2025-06-25,Cash on Delivery,Delivered
951,109,2025-09-26,UPI,Delivered
952,55,2025-03-14,UPI,Delivered
953,192,2025-09-02,UPI,Delivered
954,219,2025-03-18,UPI,Delivered
955,185,2025-06-08,Debit Card,Delivered
956,69,2025-11-20,UPI,Cancelled
957,317,2025-04-08,Cash on Delivery,Delivered
958,130,2025-04-12,Debit Card,Delivered
959,55,2025-05-12,Credit Card,Returned
960,378,2025-04-12,Credit Card,Delivered
961,97,2025-01-19,Credit Card,Delivered
962,336,2025-03-23,UPI,Delivered
963,87,2025-10-06,Credit Card,Delivered
964,294,2025-12-05,UPI,Delivered
965,119,2025-12-31,UPI,Delivered
966,208,2025-11-27,Credit Card,Delivered
967,334,2025-05-09,Credit Card,Delivered
968,413,2025-12-10,Debit Card,Delivered
969,154,2025-11-06,UPI,Delivered
970,35,2025-03-30,Debit Card,Delivered
971,79,2025-08-01,UPI,Delivered
972,67,2025-05-23,UPI,Delivered
973,343,2025-03-06,UPI,Returned
974,413,2025-03-17,UPI,Delivered
975,34,2025-07-18,UPI,Delivered
976,97,2025-05-23,Credit Card,Delivered
977,169,2025-11-12,Debit Card,Delivered
978,169,2025-04-03,UPI,Returned
979,151,2025-11-01,Credit Card,Delivered
980,71,2025-08-12,Debit Card,Delivered
981,3,2025-10-18,Debit Card,Delivered
982,314,2025-04-12,Credit Card,Cancelled
983,32,2025-09-24,UPI,Cancelled
984,287,2025-12-21,Debit Card,Delivered
985,82,2025-04-20,Credit Card,Cancelled
986,43,2025-11-26,UPI,Delivered
987,391,2025-09-22,UPI,Delivered
988,105,2025-01-03,Debit Card,Delivered
989,1,2025-03-26,UPI,Cancelled
990,61,2025-10-09,Cash on Delivery,Delivered
991,270,2025-11-24,UPI,Delivered
992,180,2025-10-31,Debit Card,Delivered
993,224,2025-04-27,UPI,Delivered
994,6,2025-08-09,Credit Card,Cancelled
995,103,2025-06-03,Debit Card,Delivered
996,10,2025-06-02,UPI,Returned
997,71,2025-01-12,Credit Card,Returned
998,90,2025-05-13,UPI,Delivered
999,226,2025-10-31,UPI,Delivered
1000,158,2025-10-20,UPI,Delivered
1001,228,2025-10-27,Credit Card,Delivered
1002,405,2025-08-16,UPI,Delivered
1003,126,2025-09-28,UPI,Delivered
1004,444,2025-02-12,UPI,Delivered
1005,209,2025-12-09,Credit Card,Cancelled
1006,97,2025-11-22,Debit Card,Delivered
1007,74,2025-10-29,UPI,Delivered
1008,115,2025-12-30,UPI,Cancelled
1009,191,2025-01-21,Cash on Delivery,Delivered
1010,495,2025-04-17,UPI,Delivered
1011,170,2025-12-02,Debit Card,Delivered
1012,307,2025-10-30,Debit Card,Delivered
1013,448,2025-04-27,Debit Card,Delivered
1014,204,2025-05-04,UPI,Delivered
1015,56,2025-10-08,Debit Card,Delivered
1016,208,2025-10-19,Debit Card,Delivered
1017,41,2025-07-22,Credit Card,Delivered
1018,32,2025-02-20,UPI,Delivered
1019,15,2025-09-28,UPI,Delivered
1020,62,2025-11-20,UPI,Delivered
1021,155,2025-10-04,Credit Card,Delivered
1022,284,2025-05-21,Credit Card,Delivered
1023,209,2025-10-02,UPI,Delivered
1024,320,2025-10-17,Credit Card,Delivered
1025,494,2025-11-30,UPI,Delivered
1026,187,2025-02-21,Credit Card,Delivered
1027,498,2025-01-27,Cash on Delivery,Delivered
1028,442,2025-06-06,UPI,Delivered
1029,130,2025-08-27,UPI,Delivered
1030,127,2025-06-05,UPI,Delivered
1031,292,2025-10-18,Credit Card,Delivered
1032,114,2025-05-16,Debit Card,Delivered
1033,199,2025-05-24,Cash on Delivery,Cancelled
1034,13,2025-04-16,UPI,Delivered
1035,271,2025-06-07,Cash on Delivery,Delivered
1036,89,2025-05-26,UPI,Delivered
1037,215,2025-01-02,Credit Card,Delivered
1038,444,2025-03-18,UPI,Delivered
1039,278,2025-05-12,Debit Card,Delivered
1040,447,2025-03-31,Credit Card,Delivered
1041,474,2025-12-11,Credit Card,Returned
1042,481,2025-12-16,Debit Card,Cancelled
1043,203,2025-09-20,UPI,Delivered
1044,74,2025-12-17,UPI,Returned
1045,25,2025-04-18,Debit Card,Delivered
1046,101,2025-03-15,UPI,Delivered
1047,176,2025-02-08,UPI,Delivered
1048,427,2025-06-08,Credit Card,Delivered
1049,117,2025-03-12,Credit Card,Delivered
1050,166,2025-11-08,UPI,Delivered
1051,41,2025-08-29,UPI,Delivered
1052,429,2025-10-25,UPI,Delivered
1053,344,2025-02-05,UPI,Delivered
1054,424,2025-03-25,Debit Card,Delivered
1055,366,2025-09-20,Cash on Delivery,Delivered
1056,120,2025-11-06,Credit Card,Cancelled
1057,97,2025-06-21,UPI,Delivered
1058,145,2025-06-22,Cash on Delivery,Delivered
1059,216,2025-12-28,Credit Card,Returned
1060,229,2025-02-16,UPI,Delivered
1061,313,2025-05-21,Cash on Delivery,Delivered
1062,130,2025-04-28,Debit Card,Delivered
1063,352,2025-10-04,Debit Card,Delivered
1064,377,2025-08-02,Debit Card,Delivered
1065,318,2025-08-08,UPI,Delivered
1066,472,2025-01-26,UPI,Delivered
1067,137,2025-01-09,Credit Card,Delivered
1068,324,2025-09-28,UPI,Cancelled
1069,337,2025-01-10,UPI,Delivered
1070,273,2025-05-01,Debit Card,Cancelled
1071,117,2025-05-05,Debit Card,Cancelled
1072,306,2025-06-19,Credit Card,Delivered
1073,368,2025-03-13,Debit Card,Delivered
1074,94,2025-06-01,Debit Card,Delivered
1075,168,2025-07-27,Credit Card,Cancelled
1076,442,2025-02-18,UPI,Delivered
1077,203,2025-06-03,UPI,Delivered
1078,341,2025-12-13,UPI,Delivered
1079,149,2025-10-20,UPI,Delivered
1080,402,2025-03-09,UPI,Cancelled
1081,183,2025-02-19,UPI,Delivered
1082,413,2025-06-01,Credit Card,Cancelled
1083,152,2025-01-19,Cash on Delivery,Delivered
1084,74,2025-04-10,UPI,Delivered
1085,365,2025-03-01,Debit Card,Returned
1086,401,2025-06-16,Credit Card,Delivered
1087,274,2025-07-21,UPI,Cancelled
1088,42,2025-12-11,Cash on Delivery,Delivered
1089,496,2025-05-26,Credit Card,Delivered
1090,212,2025-06-13,UPI,Delivered
1091,101,2025-08-30,Debit Card,Returned
1092,45,2025-03-10,UPI,Returned
1093,82,2025-06-24,Credit Card,Delivered
1094,17,2025-02-18,UPI,Delivered
1095,73,2025-04-18,Debit Card,Delivered
1096,14,2025-08-14,UPI,Delivered
1097,433,2025-06-10,Credit Card,Delivered
1098,157,2025-04-29,UPI,Delivered
1099,223,2025-05-29,Credit Card,Returned
1100,132,2025-05-30,Debit Card,Delivered
1101,338,2025-10-20,Credit Card,Delivered
1102,404,2025-05-23,Credit Card,Delivered
1103,376,2025-06-09,Credit Card,Delivered
1104,376,2025-01-11,Debit Card,Returned
1105,47,2025-05-18,Credit Card,Delivered
1106,107,2025-03-19,Debit Card,Cancelled
1107,108,2025-03-18,Debit Card,Returned
1108,265,2025-09-11,UPI,Delivered
1109,205,2025-09-15,UPI,Delivered
1110,79,2025-11-16,UPI,Delivered
1111,155,2025-10-18,Debit Card,Delivered
1112,271,2025-09-20,UPI,Delivered
1113,476,2025-03-26,Credit Card,Delivered
1114,485,2025-05-26,Debit Card,Delivered
1115,247,2025-11-19,UPI,Delivered
1116,19,2025-02-11,Credit Card,Delivered
1117,346,2025-05-05,UPI,Delivered
1118,436,2025-06-16,UPI,Delivered
1119,26,2025-08-29,Debit Card,Delivered
1120,217,2025-10-07,UPI,Delivered
1121,154,2025-07-07,UPI,Delivered
1122,154,2025-10-29,Debit Card,Delivered
1123,174,2025-01-19,UPI,Delivered
1124,92,2025-03-09,Cash on Delivery,Delivered
1125,433,2025-08-06,Cash on Delivery,Delivered
1126,338,2025-04-12,UPI,Delivered
1127,480,2025-02-11,UPI,Returned
1128,181,2025-10-15,Debit Card,Delivered
1129,131,2025-06-16,Credit Card,Delivered
1130,450,2025-04-19,UPI,Delivered
1131,481,2025-02-05,Debit Card,Delivered
1132,298,2025-08-20,UPI,Delivered
1133,275,2025-08-17,Debit Card,Returned
1134,273,2025-12-19,UPI,Delivered
1135,492,2025-06-13,UPI,Cancelled
1136,417,2025-03-14,UPI,Delivered
1137,76,2025-05-16,Cash on Delivery,Returned
1138,177,2025-12-19,Credit Card,Delivered
1139,184,2025-03-11,Debit Card,Delivered
1140,319,2025-07-15,UPI,Delivered
1141,131,2025-09-26,UPI,Delivered
1142,363,2025-02-18,UPI,Delivered
1143,49,2025-11-12,Credit Card,Delivered
1144,55,2025-05-10,Credit Card,Delivered
1145,154,2025-01-05,Credit Card,Delivered
1146,355,2025-01-27,UPI,Delivered
1147,200,2025-06-09,Cash on Delivery,Delivered
1148,308,2025-05-29,UPI,Returned
1149,356,2025-09-21,Cash on Delivery,Delivered
1150,373,2025-08-18,UPI,Delivered
1151,118,2025-07-19,Credit Card,Delivered
1152,263,2025-02-19,UPI,Delivered
1153,46,2025-03-08,UPI,Cancelled
1154,302,2025-10-27,Credit Card,Delivered
1155,356,2025-02-27,UPI,Delivered
1156,400,2025-09-16,UPI,Cancelled
1157,408,2025-12-08,Debit Card,Delivered
1158,189,2025-11-22,Credit Card,Delivered
1159,310,2025-05-10,Debit Card,Returned
1160,318,2025-08-03,UPI,Delivered
1161,129,2025-06-21,Credit Card,Delivered
1162,49,2025-09-15,Credit Card,Delivered
1163,25,2025-04-12,UPI,Delivered
1164,266,2025-07-28,Credit Card,Cancelled
1165,118,2025-10-18,UPI,Delivered
1166,464,2025-12-20,UPI,Delivered
1167,144,2025-10-13,UPI,Delivered
1168,442,2025-04-26,UPI,Delivered
1169,200,2025-09-21,Credit Card,Delivered
1170,157,2025-05-30,Credit Card,Delivered
1171,487,2025-10-27,Cash on Delivery,Delivered
1172,348,2025-02-05,Debit Card,Returned
1173,134,2025-11-29,UPI,Delivered
1174,400,2025-10-14,Debit Card,Delivered
1175,148,2025-10-30,Debit Card,Delivered
1176,336,2025-11-07,UPI,Delivered
1177,71,2025-07-27,Credit Card,Delivered
1178,233,2025-04-16,Cash on Delivery,Delivered
1179,334,2025-06-07,Credit Card,Cancelled
1180,299,2025-05-01,Cash on Delivery,Returned
1181,154,2025-02-24,UPI,Delivered
1182,90,2025-01-12,UPI,Delivered
1183,334,2025-05-25,UPI,Delivered
1184,199,2025-05-16,Credit Card,Delivered
1185,161,2025-01-03,Debit Card,Delivered
1186,26,2025-05-24,Cash on Delivery,Delivered
1187,121,2025-01-30,UPI,Delivered
1188,301,2025-08-25,UPI,Delivered
1189,212,2025-10-06,Debit Card,Delivered
1190,63,2025-12-14,Credit Card,Delivered
1191,451,2025-04-25,UPI,Delivered
1192,436,2025-04-14,Credit Card,Cancelled
1193,68,2025-04-28,Debit Card,Returned
1194,253,2025-01-05,Debit Card,Delivered
1195,410,2025-12-26,Credit Card,Delivered
1196,459,2025-09-05,UPI,Delivered
1197,2,2025-12-30,Cash on Delivery,Delivered
1198,398,2025-11-17,Credit Card,Delivered
1199,108,2025-05-01,UPI,Delivered
1200,286,2025-10-13,UPI,Delivered
1201,49,2025-05-29,Debit Card,Delivered
1202,140,2025-03-25,UPI,Delivered
1203,218,2025-08-19,UPI,Returned
1204,44,2025-10-15,Credit Card,Delivered
1205,417,2025-06-10,UPI,Delivered
1206,269,2025-09-29,Credit Card,Delivered
1207,78,2025-02-07,UPI,Delivered
1208,216,2025-08-14,Credit Card,Delivered
1209,382,2025-05-22,UPI,Delivered
1210,98,2025-10-19,UPI,Delivered
1211,236,2025-05-31,UPI,Delivered
1212,282,2025-04-24,Cash on Delivery,Delivered
1213,149,2025-08-25,Debit Card,Delivered
1214,412,2025-03-07,UPI,Delivered
1215,304,2025-12-27,Debit Card,Delivered
1216,484,2025-12-07,Credit Card,Delivered
1217,424,2025-09-15,Cash on Delivery,Delivered
1218,66,2025-09-06,UPI,Delivered
1219,234,2025-11-27,Credit Card,Delivered
1220,457,2025-11-19,UPI,Returned
1221,87,2025-06-29,UPI,Cancelled
1222,79,2025-07-09,Cash on Delivery,Delivered
1223,205,2025-06-03,Credit Card,Cancelled
1224,279,2025-07-15,UPI,Delivered
1225,337,2025-11-07,UPI,Returned
1226,254,2025-09-19,Debit Card,Delivered
1227,304,2025-05-23,Credit Card,Delivered
1228,380,2025-12-08,UPI,Delivered
1229,130,2025-11-12,Cash on Delivery,Delivered
1230,84,2025-04-11,UPI,Delivered
1231,276,2025-09-01,UPI,Cancelled
1232,187,2025-01-12,Cash on Delivery,Delivered
1233,46,2025-08-27,UPI,Delivered
1234,387,2025-02-18,UPI,Delivered
1235,183,2025-02-11,Credit Card,Delivered
1236,268,2025-06-15,Debit Card,Delivered
1237,296,2025-03-23,UPI,Delivered
1238,322,2025-10-18,Cash on Delivery,Delivered
1239,100,2025-06-07,Debit Card,Delivered
1240,78,2025-08-04,UPI,Delivered
1241,272,2025-06-07,Debit Card,Delivered
1242,339,2025-05-14,UPI,Delivered
1243,162,2025-03-08,UPI,Cancelled
1244,44,2025-12-02,Debit Card,Delivered
1245,238,2025-01-07,Cash on Delivery,Delivered
1246,134,2025-01-14,UPI,Delivered
1247,461,2025-03-14,UPI,Delivered
1248,192,2025-06-12,Credit Card,Delivered
1249,356,2025-03-07,UPI,Delivered
1250,278,2025-12-13,UPI,Delivered
1251,18,2025-05-10,UPI,Delivered
1252,12,2025-07-25,Credit Card,Delivered
1253,180,2025-10-03,UPI,Delivered
1254,123,2025-09-13,UPI,Delivered
1255,246,2025-09-23,Debit Card,Delivered
1256,222,2025-01-25,Debit Card,Delivered
1257,373,2025-10-08,Credit Card,Delivered
1258,51,2025-09-10,UPI,Delivered
1259,488,2025-11-06,Credit Card,Delivered
1260,71,2025-10-16,UPI,Delivered
1261,480,2025-06-13,UPI,Delivered
1262,48,2025-04-05,Debit Card,Delivered
1263,19,2025-09-27,UPI,Delivered
1264,262,2025-11-17,UPI,Delivered
1265,84,2025-04-20,UPI,Delivered
1266,155,2025-12-02,UPI,Delivered
1267,53,2025-11-06,UPI,Delivered
1268,107,2025-08-26,Cash on Delivery,Delivered
1269,357,2025-01-25,UPI,Delivered
1270,304,2025-05-21,UPI,Delivered
1271,135,2025-04-27,UPI,Delivered
1272,443,2025-01-25,Cash on Delivery,Cancelled
1273,69,2025-03-20,Credit Card,Returned
1274,11,2025-03-09,UPI,Returned
1275,143,2025-06-22,Debit Card,Delivered
1276,192,2025-01-12,UPI,Delivered
1277,387,2025-10-15,UPI,Delivered
1278,378,2025-05-08,UPI,Delivered
1279,69,2025-04-06,UPI,Delivered
1280,23,2025-04-02,UPI,Delivered
1281,181,2025-05-21,Credit Card,Returned
1282,293,2025-01-31,UPI,Delivered
1283,9,2025-11-30,Credit Card,Delivered
1284,271,2025-01-20,UPI,Delivered
1285,387,2025-05-26,UPI,Delivered
1286,93,2025-11-12,UPI,Delivered
1287,454,2025-06-09,Cash on Delivery,Delivered
1288,17,2025-12-15,UPI,Delivered
1289,154,2025-02-12,Credit Card,Delivered
1290,405,2025-09-11,UPI,Cancelled
1291,328,2025-05-10,UPI,Delivered
1292,149,2025-03-01,UPI,Delivered
1293,377,2025-05-31,UPI,Delivered
1294,267,2025-10-14,UPI,Delivered
1295,422,2025-01-05,UPI,Delivered
1296,328,2025-09-23,Debit Card,Delivered
1297,106,2025-12-11,UPI,Delivered
1298,472,2025-05-10,Credit Card,Cancelled
1299,381,2025-09-24,UPI,Delivered
1300,35,2025-06-27,Credit Card,Delivered
1301,119,2025-09-10,Credit Card,Delivered
1302,14,2025-02-25,UPI,Delivered
1303,14,2025-03-24,UPI,Delivered
1304,266,2025-04-09,Debit Card,Delivered
1305,140,2025-05-29,Debit Card,Delivered
1306,294,2025-11-25,UPI,Returned
1307,364,2025-06-05,UPI,Delivered
1308,119,2025-07-09,Debit Card,Cancelled
1309,238,2025-09-20,UPI,Delivered
1310,34,2025-03-21,Credit Card,Delivered
1311,169,2025-09-09,UPI,Delivered
1312,10,2025-04-07,UPI,Delivered
1313,122,2025-09-17,Credit Card,Delivered
1314,401,2025-09-17,Credit Card,Delivered
1315,145,2025-04-13,UPI,Delivered
1316,451,2025-02-09,Credit Card,Delivered
1317,446,2025-09-30,Debit Card,Delivered
1318,223,2025-04-11,Credit Card,Delivered
1319,371,2025-12-25,UPI,Delivered
1320,257,2025-11-04,Credit Card,Cancelled
1321,268,2025-08-09,Debit Card,Delivered
1322,359,2025-11-04,Debit Card,Delivered
1323,4,2025-05-04,Credit Card,Returned
1324,426,2025-08-19,UPI,Returned
1325,397,2025-06-27,Debit Card,Delivered
1326,354,2025-03-04,Credit Card,Delivered
1327,106,2025-04-26,UPI,Delivered
1328,85,2025-07-10,UPI,Delivered
1329,214,2025-03-03,UPI,Delivered
1330,121,2025-09-13,Credit Card,Delivered
1331,132,2025-01-07,UPI,Delivered
1332,338,2025-06-04,Credit Card,Delivered
1333,197,2025-04-02,Cash on Delivery,Delivered
1334,19,2025-01-14,Debit Card,Delivered
1335,130,2025-08-17,Cash on Delivery,Delivered
1336,12,2025-03-27,Cash on Delivery,Delivered
1337,81,2025-05-13,UPI,Delivered
1338,330,2025-07-02,Credit Card,Delivered
1339,354,2025-03-03,UPI,Delivered
1340,262,2025-08-07,Debit Card,Delivered
1341,392,2025-09-03,UPI,Delivered
1342,125,2025-08-18,Cash on Delivery,Delivered
1343,307,2025-03-20,Credit Card,Delivered
1344,267,2025-05-29,Debit Card,Delivered
1345,447,2025-05-18,UPI,Delivered
1346,441,2025-11-10,UPI,Delivered
1347,383,2025-03-06,Debit Card,Delivered
1348,140,2025-01-13,UPI,Delivered
1349,329,2025-08-01,Debit Card,Delivered
1350,2,2025-08-30,UPI,Returned
1351,8,2025-08-01,Credit Card,Delivered
1352,250,2025-06-30,UPI,Delivered
1353,139,2025-12-04,Credit Card,Returned
1354,124,2025-06-22,Credit Card,Cancelled
1355,309,2025-06-09,UPI,Delivered
1356,228,2025-06-13,UPI,Delivered
1357,10,2025-07-07,UPI,Delivered
1358,469,2025-07-10,Credit Card,Delivered
1359,212,2025-11-04,Credit Card,Delivered
1360,112,2025-09-13,Debit Card,Delivered
1361,8,2025-07-02,Credit Card,Delivered
1362,292,2025-04-27,UPI,Delivered
1363,477,2025-10-09,UPI,Delivered
1364,362,2025-07-15,UPI,Delivered
1365,460,2025-02-03,UPI,Delivered
1366,253,2025-02-21,Cash on Delivery,Delivered
1367,14,2025-04-22,Debit Card,Delivered
1368,240,2025-09-09,UPI,Delivered
1369,438,2025-03-23,Credit Card,Delivered
1370,242,2025-08-20,Debit Card,Returned
1371,469,2025-08-15,UPI,Cancelled
1372,342,2025-08-21,UPI,Delivered
1373,149,2025-08-09,UPI,Delivered
1374,236,2025-02-11,Credit Card,Delivered
1375,306,2025-01-21,Cash on Delivery,Delivered
1376,478,2025-02-11,Credit Card,Delivered
1377,167,2025-04-23,UPI,Delivered
1378,20,2025-04-15,UPI,Delivered
1379,216,2025-07-11,Debit Card,Delivered
1380,343,2025-01-17,Debit Card,Delivered
1381,135,2025-04-30,Credit Card,Returned
1382,393,2025-05-09,Credit Card,Delivered
1383,129,2025-05-10,UPI,Delivered
1384,410,2025-03-01,Debit Card,Delivered
1385,422,2025-02-17,Debit Card,Delivered
1386,294,2025-01-29,UPI,Delivered
1387,246,2025-04-07,Debit Card,Delivered
1388,189,2025-01-10,UPI,Delivered
1389,44,2025-08-30,UPI,Delivered
1390,86,2025-11-10,UPI,Delivered
1391,44,2025-08-20,UPI,Delivered
1392,330,2025-10-04,UPI,Cancelled
1393,375,2025-10-11,UPI,Cancelled
1394,446,2025-07-22,Credit Card,Delivered
1395,378,2025-09-04,Credit Card,Delivered
1396,390,2025-10-17,UPI,Delivered
1397,145,2025-09-21,UPI,Delivered
1398,51,2025-08-02,Credit Card,Delivered
1399,242,2025-07-19,UPI,Delivered
1400,294,2025-03-20,UPI,Delivered
1401,408,2025-12-09,Debit Card,Delivered
1402,51,2025-12-10,Debit Card,Delivered
1403,266,2025-06-22,Debit Card,Cancelled
1404,120,2025-03-10,Credit Card,Delivered
1405,200,2025-03-28,UPI,Delivered
1406,405,2025-04-11,Credit Card,Delivered
1407,248,2025-01-08,UPI,Delivered
1408,70,2025-11-29,UPI,Delivered
1409,341,2025-07-19,UPI,Delivered
1410,57,2025-03-28,Debit Card,Delivered
1411,382,2025-02-12,UPI,Delivered
1412,39,2025-04-19,Cash on Delivery,Delivered
1413,472,2025-06-01,Debit Card,Delivered
1414,289,2025-01-17,Credit Card,Returned
1415,443,2025-05-13,Debit Card,Delivered
1416,18,2025-05-28,Credit Card,Delivered
1417,440,2025-10-04,Debit Card,Delivered
1418,220,2025-08-20,UPI,Cancelled
1419,313,2025-11-10,Debit Card,Delivered
1420,244,2025-08-16,Credit Card,Delivered
1421,352,2025-05-19,Cash on Delivery,Delivered
1422,460,2025-07-30,Credit Card,Delivered
1423,304,2025-01-28,Credit Card,Delivered
1424,298,2025-02-20,Debit Card,Delivered
1425,283,2025-09-18,Debit Card,Delivered
1426,74,2025-09-18,Credit Card,Delivered
1427,110,2025-12-16,UPI,Delivered
1428,180,2025-12-18,Credit Card,Delivered
1429,426,2025-01-08,Cash on Delivery,Delivered
1430,32,2025-11-16,Debit Card,Delivered
1431,234,2025-05-18,Debit Card,Delivered
1432,282,2025-02-07,UPI,Delivered
1433,25,2025-04-21,Credit Card,Delivered
1434,331,2025-08-08,Credit Card,Delivered
1435,279,2025-12-03,Debit Card,Cancelled
1436,226,2025-08-11,UPI,Delivered
1437,57,2025-05-16,Debit Card,Cancelled
1438,180,2025-09-13,Credit Card,Delivered
1439,232,2025-12-26,UPI,Delivered
1440,382,2025-11-25,UPI,Delivered
1441,343,2025-02-18,UPI,Delivered
1442,477,2025-10-19,Credit Card,Returned
1443,287,2025-11-20,UPI,Cancelled
1444,64,2025-03-19,UPI,Delivered
1445,455,2025-04-15,Debit Card,Delivered
1446,232,2025-06-18,UPI,Delivered
1447,289,2025-08-05,UPI,Delivered
1448,213,2025-04-29,Credit Card,Delivered
1449,258,2025-07-09,Credit Card,Delivered
1450,18,2025-09-12,Debit Card,Delivered
1451,175,2025-09-23,UPI,Delivered
1452,417,2025-05-29,Debit Card,Delivered
1453,229,2025-06-13,Credit Card,Delivered
1454,226,2025-05-20,UPI,Delivered
1455,84,2025-12-13,UPI,Delivered
1456,291,2025-09-15,UPI,Delivered
1457,435,2025-09-26,UPI,Delivered
1458,370,2025-06-30,Debit Card,Delivered
1459,246,2025-06-09,Credit Card,Delivered
1460,402,2025-12-17,UPI,Delivered
1461,110,2025-10-15,UPI,Cancelled
1462,254,2025-10-15,UPI,Returned
1463,88,2025-08-14,Credit Card,Delivered
1464,72,2025-01-11,UPI,Delivered
1465,381,2025-01-10,Credit Card,Delivered
1466,30,2025-09-28,UPI,Delivered
1467,172,2025-09-30,Credit Card,Delivered
1468,309,2025-07-02,Debit Card,Delivered
1469,394,2025-06-02,UPI,Delivered
1470,343,2025-11-11,Credit Card,Delivered
1471,436,2025-11-30,Cash on Delivery,Delivered
1472,177,2025-05-04,UPI,Delivered
1473,139,2025-04-24,Credit Card,Delivered
1474,194,2025-10-05,UPI,Delivered
1475,186,2025-08-01,Credit Card,Delivered
1476,218,2025-06-21,UPI,Delivered
1477,164,2025-10-15,Cash on Delivery,Delivered
1478,161,2025-06-23,Debit Card,Cancelled
1479,431,2025-04-23,Debit Card,Delivered
1480,13,2025-05-02,Debit Card,Delivered
1481,296,2025-02-01,Credit Card,Delivered
1482,89,2025-08-10,UPI,Delivered
1483,324,2025-04-29,Debit Card,Delivered
1484,42,2025-02-08,Cash on Delivery,Delivered
1485,403,2025-09-25,Credit Card,Returned
1486,210,2025-08-21,Cash on Delivery,Delivered
1487,229,2025-01-18,Credit Card,Delivered
1488,350,2025-05-29,Credit Card,Delivered
1489,275,2025-05-29,Credit Card,Delivered
1490,442,2025-05-06,UPI,Delivered
1491,279,2025-10-29,UPI,Delivered
1492,251,2025-12-26,UPI,Cancelled
1493,310,2025-08-26,Credit Card,Delivered
1494,208,2025-05-15,UPI,Delivered
1495,321,2025-05-31,UPI,Delivered
1496,140,2025-08-24,Cash on Delivery,Delivered
1497,280,2025-08-12,UPI,Delivered
1498,34,2025-07-22,Credit Card,Delivered
1499,309,2025-09-13,UPI,Cancelled
1500,392,2025-03-27,UPI,Delivered
1501,18,2025-05-30,Debit Card,Delivered
1502,57,2025-08-23,Credit Card,Returned
1503,112,2025-12-11,Debit Card,Cancelled
1504,5,2025-01-22,UPI,Delivered
1505,410,2025-12-14,Credit Card,Cancelled
1506,414,2025-10-12,UPI,Delivered
1507,182,2025-09-26,UPI,Delivered
1508,13,2025-09-15,UPI,Delivered
1509,339,2025-01-29,UPI,Cancelled
1510,285,2025-08-01,UPI,Delivered
1511,259,2025-10-10,UPI,Delivered
1512,90,2025-02-19,Cash on Delivery,Delivered
1513,104,2025-04-05,UPI,Delivered
1514,379,2025-03-29,UPI,Delivered
1515,186,2025-02-13,UPI,Delivered
1516,250,2025-10-05,Credit Card,Cancelled
1517,255,2025-06-20,UPI,Delivered
1518,76,2025-07-08,Debit Card,Delivered
1519,386,2025-12-19,Cash on Delivery,Delivered
1520,459,2025-07-03,UPI,Returned
1521,108,2025-01-03,Credit Card,Delivered
1522,156,2025-07-10,UPI,Delivered
1523,82,2025-04-28,Credit Card,Delivered
1524,77,2025-01-19,UPI,Delivered
1525,485,2025-01-23,UPI,Delivered
1526,470,2025-01-30,UPI,Delivered
1527,460,2025-10-22,Credit Card,Cancelled
1528,258,2025-04-18,UPI,Delivered
1529,127,2025-10-08,UPI,Delivered
1530,485,2025-05-08,Credit Card,Cancelled
1531,391,2025-08-17,Credit Card,Delivered
1532,282,2025-04-21,Debit Card,Delivered
1533,474,2025-05-16,UPI,Delivered
1534,88,2025-12-28,Debit Card,Delivered
1535,204,2025-07-05,Credit Card,Delivered
1536,16,2025-05-24,UPI,Delivered
1537,151,2025-03-13,Credit Card,Cancelled
1538,424,2025-05-09,UPI,Delivered
1539,254,2025-12-30,Cash on Delivery,Delivered
1540,188,2025-09-18,UPI,Delivered
1541,329,2025-01-03,Credit Card,Delivered
1542,32,2025-04-14,UPI,Delivered
1543,271,2025-08-12,Cash on Delivery,Returned
1544,485,2025-11-16,UPI,Delivered
1545,397,2025-12-28,Cash on Delivery,Returned
1546,5,2025-12-20,Cash on Delivery,Delivered
1547,459,2025-01-10,UPI,Delivered
1548,330,2025-10-29,Debit Card,Delivered
1549,308,2025-08-19,Cash on Delivery,Delivered
1550,333,2025-08-07,UPI,Delivered
1551,169,2025-03-07,UPI,Delivered
1552,181,2025-04-22,Credit Card,Delivered
1553,366,2025-01-13,UPI,Delivered
1554,178,2025-03-27,UPI,Delivered
1555,143,2025-08-22,UPI,Delivered
1556,362,2025-03-31,UPI,Delivered
1557,248,2025-11-10,UPI,Delivered
1558,127,2025-02-23,UPI,Delivered
1559,263,2025-01-12,Debit Card,Delivered
1560,40,2025-07-28,Debit Card,Delivered
1561,412,2025-01-14,UPI,Delivered
1562,416,2025-05-01,Credit Card,Delivered
1563,355,2025-01-20,Credit Card,Delivered
1564,255,2025-03-16,Cash on Delivery,Cancelled
1565,143,2025-08-31,UPI,Delivered
1566,240,2025-08-11,UPI,Delivered
1567,228,2025-03-11,Cash on Delivery,Delivered
1568,341,2025-11-08,Cash on Delivery,Delivered
1569,198,2025-07-30,Debit Card,Delivered
1570,65,2025-04-11,Debit Card,Returned
1571,388,2025-07-05,UPI,Delivered
1572,11,2025-05-12,Credit Card,Delivered
1573,108,2025-04-21,UPI,Delivered
1574,26,2025-05-12,UPI,Delivered
1575,445,2025-01-20,Debit Card,Delivered
1576,421,2025-01-24,UPI,Delivered
1577,151,2025-08-15,Credit Card,Delivered
1578,221,2025-06-03,Cash on Delivery,Delivered
1579,341,2025-10-20,UPI,Delivered
1580,496,2025-08-18,Cash on Delivery,Delivered
1581,237,2025-11-06,Cash on Delivery,Cancelled
1582,237,2025-12-25,Credit Card,Delivered
1583,497,2025-07-21,UPI,Delivered
1584,219,2025-02-07,UPI,Delivered
1585,487,2025-09-17,UPI,Delivered
1586,424,2025-07-07,UPI,Delivered
1587,461,2025-02-26,UPI,Delivered
1588,151,2025-01-20,Cash on Delivery,Delivered
1589,123,2025-09-30,UPI,Delivered
1590,144,2025-04-29,Debit Card,Cancelled
1591,478,2025-03-12,UPI,Delivered
1592,189,2025-01-04,Credit Card,Delivered
1593,255,2025-08-09,Cash on Delivery,Delivered
1594,68,2025-01-14,UPI,Delivered
1595,104,2025-01-03,UPI,Delivered
1596,336,2025-08-04,Credit Card,Cancelled
1597,159,2025-08-17,Debit Card,Delivered
1598,309,2025-12-02,Credit Card,Delivered
1599,362,2025-07-05,UPI,Delivered
1600,409,2025-02-24,UPI,Delivered
1601,300,2025-09-11,Cash on Delivery,Delivered
1602,396,2025-01-24,Cash on Delivery,Cancelled
1603,90,2025-06-11,Credit Card,Delivered
1604,357,2025-06-07,Debit Card,Delivered
1605,256,2025-03-23,Credit Card,Delivered
1606,496,2025-06-08,UPI,Delivered
1607,353,2025-07-07,UPI,Delivered
1608,220,2025-03-01,UPI,Delivered
1609,9,2025-11-01,Credit Card,Delivered
1610,12,2025-11-15,UPI,Cancelled
1611,325,2025-07-30,UPI,Delivered
1612,438,2025-06-01,Debit Card,Delivered
1613,244,2025-04-19,Credit Card,Delivered
1614,182,2025-03-17,Credit Card,Delivered
1615,284,2025-01-30,Cash on Delivery,Cancelled
1616,312,2025-11-10,UPI,Delivered
1617,99,2025-04-27,Credit Card,Delivered
1618,197,2025-12-22,Debit Card,Delivered
1619,482,2025-07-11,Credit Card,Delivered
1620,366,2025-01-19,UPI,Delivered
1621,226,2025-06-22,UPI,Delivered
1622,333,2025-08-16,Debit Card,Delivered
1623,103,2025-12-16,Credit Card,Delivered
1624,106,2025-07-02,Debit Card,Delivered
1625,365,2025-04-23,Credit Card,Delivered
1626,368,2025-07-02,Credit Card,Cancelled
1627,58,2025-05-26,Debit Card,Delivered
1628,78,2025-11-15,Credit Card,Cancelled
1629,75,2025-04-26,UPI,Delivered
1630,42,2025-04-23,Credit Card,Delivered
1631,422,2025-09-08,Debit Card,Delivered
1632,324,2025-09-08,UPI,Delivered
1633,181,2025-10-30,UPI,Delivered
1634,33,2025-11-09,UPI,Delivered
1635,71,2025-04-28,Cash on Delivery,Delivered
1636,56,2025-10-28,UPI,Delivered
1637,105,2025-06-10,Credit Card,Delivered
1638,200,2025-07-17,UPI,Delivered
1639,101,2025-09-17,UPI,Delivered
1640,256,2025-05-28,Credit Card,Delivered
1641,307,2025-08-28,UPI,Delivered
1642,74,2025-02-16,Credit Card,Delivered
1643,171,2025-07-17,Debit Card,Delivered
1644,377,2025-02-16,Debit Card,Delivered
1645,143,2025-03-19,UPI,Delivered
1646,166,2025-05-04,Debit Card,Delivered
1647,399,2025-03-16,Credit Card,Delivered
1648,261,2025-12-25,Debit Card,Delivered
1649,221,2025-05-17,Credit Card,Delivered
1650,83,2025-03-31,Credit Card,Delivered
1651,182,2025-11-21,Cash on Delivery,Delivered
1652,307,2025-03-02,Debit Card,Delivered
1653,10,2025-05-18,UPI,Returned
1654,396,2025-02-19,UPI,Delivered
1655,4,2025-09-16,UPI,Delivered
1656,351,2025-04-17,UPI,Delivered
1657,402,2025-04-23,UPI,Cancelled
1658,336,2025-12-16,UPI,Delivered
1659,488,2025-09-11,Debit Card,Delivered
1660,292,2025-04-28,UPI,Delivered
1661,281,2025-07-17,Credit Card,Delivered
1662,215,2025-12-03,UPI,Delivered
1663,460,2025-12-31,UPI,Returned
1664,98,2025-02-20,UPI,Delivered
1665,420,2025-09-02,UPI,Delivered
1666,101,2025-02-04,Debit Card,Delivered
1667,451,2025-10-29,Debit Card,Delivered
1668,9,2025-03-10,UPI,Delivered
1669,61,2025-12-15,Credit Card,Delivered
1670,309,2025-11-16,Credit Card,Delivered
1671,146,2025-02-18,Debit Card,Cancelled
1672,427,2025-03-15,Debit Card,Delivered
1673,419,2025-07-11,Credit Card,Delivered
1674,63,2025-09-18,Credit Card,Delivered
1675,121,2025-12-22,Debit Card,Delivered
1676,226,2025-03-11,UPI,Delivered
1677,105,2025-03-31,UPI,Cancelled
1678,462,2025-09-17,Cash on Delivery,Cancelled
1679,260,2025-05-06,Debit Card,Delivered
1680,349,2025-08-19,Credit Card,Delivered
1681,425,2025-10-22,Credit Card,Delivered
1682,255,2025-05-09,UPI,Delivered
1683,429,2025-10-07,Credit Card,Delivered
1684,434,2025-11-09,Credit Card,Cancelled
1685,207,2025-04-10,UPI,Delivered
1686,28,2025-11-22,Debit Card,Delivered
1687,170,2025-10-24,Debit Card,Delivered
1688,336,2025-07-01,UPI,Delivered
1689,76,2025-06-23,Credit Card,Delivered
1690,116,2025-11-12,UPI,Delivered
1691,69,2025-12-30,Credit Card,Delivered
1692,354,2025-07-07,UPI,Delivered
1693,234,2025-02-26,Credit Card,Delivered
1694,1,2025-01-31,Debit Card,Delivered
1695,167,2025-03-25,UPI,Delivered
1696,352,2025-06-01,Cash on Delivery,Cancelled
1697,218,2025-02-05,Cash on Delivery,Delivered
1698,273,2025-08-01,UPI,Delivered
1699,368,2025-12-30,UPI,Delivered
1700,251,2025-04-16,Cash on Delivery,Delivered
1701,347,2025-12-08,Cash on Delivery,Delivered
1702,344,2025-08-08,UPI,Delivered
1703,419,2025-06-12,UPI,Delivered
1704,174,2025-08-08,UPI,Delivered
1705,170,2025-09-27,Cash on Delivery,Delivered
1706,246,2025-04-30,UPI,Delivered
1707,423,2025-12-02,Credit Card,Delivered
1708,90,2025-07-01,Debit Card,Delivered
1709,49,2025-04-16,UPI,Delivered
1710,446,2025-08-05,Credit Card,Delivered
1711,294,2025-07-24,UPI,Delivered
1712,407,2025-03-11,Debit Card,Delivered
1713,150,2025-02-13,UPI,Cancelled
1714,132,2025-11-25,Credit Card,Returned
1715,433,2025-10-28,Credit Card,Delivered
1716,59,2025-08-16,UPI,Delivered
1717,457,2025-07-03,UPI,Delivered
1718,324,2025-04-17,UPI,Delivered
1719,199,2025-03-25,UPI,Delivered
1720,215,2025-12-04,Debit Card,Delivered
1721,386,2025-09-07,Debit Card,Delivered
1722,49,2025-12-29,Credit Card,Delivered
1723,472,2025-01-21,Credit Card,Delivered
1724,232,2025-07-15,Credit Card,Delivered
1725,247,2025-06-27,Debit Card,Delivered
1726,382,2025-01-07,UPI,Delivered
1727,479,2025-03-11,UPI,Delivered
1728,239,2025-05-07,UPI,Delivered
1729,415,2025-06-09,Credit Card,Delivered
1730,367,2025-09-05,UPI,Delivered
1731,168,2025-07-22,UPI,Delivered
1732,48,2025-05-28,UPI,Delivered
1733,51,2025-05-23,Debit Card,Delivered
1734,299,2025-07-18,UPI,Delivered
1735,98,2025-06-03,UPI,Delivered
1736,439,2025-05-22,UPI,Delivered
1737,216,2025-11-09,UPI,Delivered
1738,177,2025-06-14,Credit Card,Delivered
1739,380,2025-11-10,UPI,Delivered
1740,474,2025-01-21,UPI,Returned
1741,80,2025-03-23,Credit Card,Delivered
1742,185,2025-03-10,UPI,Delivered
1743,367,2025-05-11,UPI,Delivered
1744,461,2025-03-28,Debit Card,Delivered
1745,399,2025-08-06,UPI,Delivered
1746,27,2025-11-01,UPI,Delivered
1747,452,2025-12-11,UPI,Delivered
1748,464,2025-12-07,Credit Card,Delivered
1749,448,2025-06-10,Credit Card,Delivered
1750,478,2025-06-27,Credit Card,Cancelled
1751,492,2025-04-27,Debit Card,Delivered
1752,414,2025-07-15,UPI,Delivered
1753,420,2025-11-23,UPI,Cancelled
1754,195,2025-03-27,Debit Card,Cancelled
1755,214,2025-10-16,Cash on Delivery,Delivered
1756,369,2025-03-22,UPI,Delivered
1757,342,2025-06-01,Credit Card,Delivered
1758,114,2025-03-02,UPI,Delivered
1759,242,2025-03-02,UPI,Returned
1760,124,2025-12-20,UPI,Delivered
1761,305,2025-01-28,UPI,Delivered
1762,76,2025-02-12,Debit Card,Cancelled
1763,311,2025-06-18,Credit Card,Delivered
1764,469,2025-03-27,UPI,Delivered
1765,312,2025-06-26,UPI,Cancelled
1766,196,2025-01-17,Debit Card,Delivered
1767,351,2025-04-08,UPI,Delivered
1768,44,2025-07-17,Credit Card,Delivered
1769,415,2025-04-08,UPI,Delivered
1770,186,2025-03-06,Credit Card,Delivered
1771,343,2025-11-26,UPI,Delivered
1772,246,2025-12-07,UPI,Returned
1773,437,2025-01-05,UPI,Delivered
1774,84,2025-01-02,UPI,Delivered
1775,207,2025-01-22,UPI,Delivered
1776,151,2025-04-22,Credit Card,Delivered
1777,156,2025-02-26,UPI,Delivered
1778,16,2025-03-07,UPI,Delivered
1779,165,2025-11-26,Credit Card,Delivered
1780,405,2025-04-08,Credit Card,Delivered
1781,463,2025-05-24,Cash on Delivery,Cancelled
1782,145,2025-05-05,Credit Card,Delivered
1783,498,2025-06-16,Credit Card,Delivered
1784,37,2025-03-27,Credit Card,Delivered
1785,333,2025-03-17,Cash on Delivery,Cancelled
1786,403,2025-12-10,Debit Card,Delivered
1787,414,2025-10-21,UPI,Delivered
1788,45,2025-02-28,UPI,Delivered
1789,402,2025-05-18,UPI,Delivered
1790,206,2025-04-09,Credit Card,Delivered
1791,62,2025-07-11,Debit Card,Delivered
1792,420,2025-08-31,Credit Card,Delivered
1793,356,2025-11-15,UPI,Returned
1794,468,2025-02-18,Debit Card,Delivered
1795,308,2025-02-01,Debit Card,Delivered
1796,19,2025-10-04,UPI,Delivered
1797,365,2025-01-20,Credit Card,Delivered
1798,300,2025-06-03,UPI,Delivered
1799,7,2025-03-09,Debit Card,Delivered
1800,249,2025-08-02,Debit Card,Delivered
1801,428,2025-05-23,Credit Card,Delivered
1802,117,2025-08-20,Credit Card,Delivered
1803,68,2025-08-01,Debit Card,Delivered
1804,34,2025-03-20,Credit Card,Delivered
1805,194,2025-08-02,UPI,Delivered
1806,325,2025-04-26,Debit Card,Delivered
1807,55,2025-04-02,UPI,Delivered
1808,266,2025-09-27,UPI,Delivered
1809,480,2025-06-17,Debit Card,Cancelled
1810,42,2025-02-27,Debit Card,Returned
1811,297,2025-10-11,UPI,Returned
1812,461,2025-01-26,UPI,Delivered
1813,231,2025-03-07,UPI,Delivered
1814,453,2025-09-05,UPI,Delivered
1815,378,2025-09-11,UPI,Delivered
1816,394,2025-02-13,Debit Card,Delivered
1817,10,2025-04-07,UPI,Returned
1818,358,2025-02-11,Credit Card,Delivered
1819,475,2025-08-15,UPI,Delivered
1820,444,2025-09-19,Cash on Delivery,Delivered
1821,128,2025-06-16,UPI,Cancelled
1822,179,2025-10-06,UPI,Delivered
1823,405,2025-03-30,UPI,Delivered
1824,392,2025-06-27,Credit Card,Cancelled
1825,193,2025-07-16,Credit Card,Delivered
1826,92,2025-11-03,UPI,Delivered
1827,369,2025-09-24,UPI,Delivered
1828,231,2025-09-25,UPI,Delivered
1829,78,2025-03-15,Credit Card,Delivered
1830,85,2025-01-08,Credit Card,Delivered
1831,30,2025-10-24,UPI,Returned
1832,213,2025-06-13,UPI,Delivered
1833,49,2025-03-26,UPI,Delivered
1834,265,2025-03-13,UPI,Delivered
1835,145,2025-02-24,Credit Card,Delivered
1836,69,2025-02-16,UPI,Delivered
1837,58,2025-08-26,UPI,Delivered
1838,185,2025-04-14,UPI,Delivered
1839,62,2025-07-29,Cash on Delivery,Delivered
1840,479,2025-02-11,Debit Card,Delivered
1841,308,2025-11-12,UPI,Delivered
1842,445,2025-09-25,UPI,Delivered
1843,296,2025-09-20,UPI,Delivered
1844,166,2025-12-02,Credit Card,Delivered
1845,171,2025-12-31,UPI,Delivered
1846,63,2025-09-16,Credit Card,Delivered
1847,147,2025-10-10,Credit Card,Delivered
1848,484,2025-04-24,Debit Card,Returned
1849,306,2025-12-29,UPI,Delivered
1850,161,2025-02-09,Debit Card,Delivered
1851,141,2025-08-08,Debit Card,Delivered
1852,334,2025-05-09,UPI,Delivered
1853,97,2025-01-08,UPI,Delivered
1854,446,2025-04-11,UPI,Delivered
1855,221,2025-06-25,UPI,Delivered
1856,43,2025-04-17,UPI,Delivered
1857,433,2025-04-11,Credit Card,Delivered
1858,292,2025-09-17,UPI,Delivered
1859,378,2025-09-03,Cash on Delivery,Cancelled
1860,108,2025-10-02,UPI,Cancelled
1861,266,2025-02-01,Cash on Delivery,Delivered
1862,95,2025-05-17,UPI,Delivered
1863,262,2025-01-12,Debit Card,Delivered
1864,313,2025-10-29,UPI,Delivered
1865,385,2025-01-16,UPI,Returned
1866,71,2025-05-09,Debit Card,Delivered
1867,442,2025-03-04,UPI,Delivered
1868,219,2025-04-19,Credit Card,Delivered
1869,21,2025-01-21,Credit Card,Delivered
1870,92,2025-06-07,Credit Card,Delivered
1871,127,2025-09-26,Credit Card,Delivered
1872,80,2025-06-11,Debit Card,Delivered
1873,312,2025-09-17,UPI,Delivered
1874,238,2025-04-12,Credit Card,Delivered
1875,471,2025-08-11,Debit Card,Delivered
1876,372,2025-02-28,UPI,Delivered
1877,404,2025-09-04,UPI,Delivered
1878,486,2025-05-08,Debit Card,Delivered
1879,182,2025-10-10,UPI,Cancelled
1880,25,2025-11-21,UPI,Delivered
1881,156,2025-01-25,UPI,Returned
1882,5,2025-05-11,Credit Card,Delivered
1883,120,2025-12-19,UPI,Cancelled
1884,277,2025-07-15,Credit Card,Delivered
1885,18,2025-10-08,Debit Card,Cancelled
1886,431,2025-06-03,UPI,Delivered
1887,198,2025-05-13,Credit Card,Returned
1888,57,2025-08-15,Cash on Delivery,Delivered
1889,93,2025-07-08,Credit Card,Delivered
1890,19,2025-09-22,Debit Card,Delivered
1891,384,2025-05-14,UPI,Delivered
1892,353,2025-07-30,Debit Card,Delivered
1893,193,2025-03-01,UPI,Delivered
1894,237,2025-12-30,UPI,Delivered
1895,387,2025-12-30,UPI,Delivered
1896,426,2025-08-01,UPI,Delivered
1897,277,2025-08-04,Debit Card,Delivered
1898,227,2025-08-14,UPI,Delivered
1899,233,2025-05-11,Credit Card,Delivered
1900,40,2025-03-17,Debit Card,Delivered
1901,323,2025-10-13,Credit Card,Delivered
1902,153,2025-10-04,UPI,Delivered
1903,127,2025-06-05,Credit Card,Delivered
1904,237,2025-09-05,UPI,Delivered
1905,486,2025-08-06,UPI,Delivered
1906,493,2025-07-09,Cash on Delivery,Delivered
1907,55,2025-06-12,UPI,Returned
1908,468,2025-06-29,UPI,Delivered
1909,436,2025-02-03,Debit Card,Delivered
1910,172,2025-02-10,UPI,Delivered
1911,109,2025-11-03,Credit Card,Delivered
1912,354,2025-12-04,UPI,Delivered
1913,469,2025-11-10,UPI,Delivered
1914,184,2025-03-16,UPI,Delivered
1915,439,2025-10-06,UPI,Delivered
1916,368,2025-06-25,UPI,Delivered
1917,471,2025-05-30,Debit Card,Delivered
1918,198,2025-09-30,Credit Card,Returned
1919,371,2025-11-21,Cash on Delivery,Delivered
1920,373,2025-04-18,UPI,Delivered
1921,461,2025-05-19,Credit Card,Returned
1922,497,2025-12-16,Credit Card,Delivered
1923,87,2025-09-28,Cash on Delivery,Delivered
1924,201,2025-12-13,UPI,Delivered
1925,337,2025-10-16,Credit Card,Delivered
1926,322,2025-07-31,Debit Card,Delivered
1927,275,2025-09-29,UPI,Delivered
1928,211,2025-03-07,Debit Card,Delivered
1929,391,2025-09-05,UPI,Delivered
1930,118,2025-06-05,Debit Card,Delivered
1931,191,2025-02-16,Cash on Delivery,Delivered
1932,42,2025-07-20,Credit Card,Delivered
1933,42,2025-05-28,UPI,Delivered
1934,315,2025-05-04,UPI,Delivered
1935,276,2025-01-01,Cash on Delivery,Delivered
1936,329,2025-09-04,Credit Card,Delivered
1937,17,2025-12-09,UPI,Returned
1938,283,2025-05-08,Credit Card,Delivered
1939,431,2025-07-10,Credit Card,Delivered
1940,258,2025-03-08,UPI,Cancelled
1941,63,2025-01-04,UPI,Delivered
1942,62,2025-10-30,UPI,Cancelled
1943,100,2025-10-21,Credit Card,Delivered
1944,19,2025-05-23,Credit Card,Delivered
1945,17,2025-07-10,Credit Card,Delivered
1946,325,2025-01-21,Debit Card,Delivered
1947,423,2025-08-15,Debit Card,Delivered
1948,466,2025-11-09,Credit Card,Cancelled
1949,373,2025-04-27,UPI,Delivered
1950,246,2025-10-29,Credit Card,Delivered
1951,251,2025-05-22,UPI,Delivered
1952,455,2025-02-08,Credit Card,Delivered
1953,81,2025-12-21,Credit Card,Delivered
1954,39,2025-09-09,UPI,Delivered
1955,36,2025-11-29,Cash on Delivery,Delivered
1956,424,2025-07-26,UPI,Delivered
1957,429,2025-07-29,Credit Card,Delivered
1958,388,2025-04-25,UPI,Cancelled
1959,486,2025-08-13,Cash on Delivery,Delivered
1960,409,2025-05-14,UPI,Delivered
1961,197,2025-09-08,UPI,Delivered
1962,158,2025-08-07,UPI,Delivered
1963,204,2025-04-01,UPI,Delivered
1964,196,2025-12-20,UPI,Returned
1965,216,2025-02-15,Credit Card,Delivered
1966,285,2025-02-07,UPI,Delivered
1967,457,2025-05-22,UPI,Delivered
1968,196,2025-04-10,UPI,Delivered
1969,307,2025-11-24,Debit Card,Delivered
1970,152,2025-07-09,Credit Card,Cancelled
1971,14,2025-02-04,Debit Card,Delivered
1972,325,2025-05-27,Credit Card,Delivered
1973,146,2025-01-30,UPI,Delivered
1974,426,2025-11-30,UPI,Delivered
1975,57,2025-03-25,UPI,Delivered
1976,211,2025-10-08,Debit Card,Delivered
1977,268,2025-12-10,Cash on Delivery,Delivered
1978,210,2025-09-27,Credit Card,Cancelled
1979,17,2025-06-03,UPI,Delivered
1980,286,2025-04-12,UPI,Delivered
1981,344,2025-08-03,UPI,Delivered
1982,203,2025-05-30,Credit Card,Delivered
1983,99,2025-03-24,UPI,Returned
1984,279,2025-04-20,Cash on Delivery,Delivered
1985,209,2025-10-02,UPI,Delivered
1986,129,2025-07-20,Cash on Delivery,Delivered
1987,335,2025-10-11,Debit Card,Delivered
1988,288,2025-06-22,Debit Card,Delivered
1989,252,2025-11-23,Credit Card,Delivered
1990,265,2025-07-25,Credit Card,Delivered
1991,271,2025-03-04,Credit Card,Cancelled
1992,412,2025-03-14,Credit Card,Delivered
1993,408,2025-09-08,Credit Card,Delivered
1994,188,2025-05-04,Cash on Delivery,Delivered
1995,419,2025-05-01,Debit Card,Delivered
1996,214,2025-10-02,Debit Card,Delivered
1997,283,2025-04-30,Debit Card,Delivered
1998,211,2025-11-13,UPI,Cancelled
1999,365,2025-06-13,UPI,Delivered
2000,76,2025-10-13,Credit Card,Delivered
2001,148,2025-09-22,Credit Card,Delivered
2002,321,2025-11-16,Debit Card,Delivered
2003,213,2025-06-10,UPI,Cancelled
2004,433,2025-11-04,Credit Card,Delivered
2005,109,2025-03-30,Credit Card,Delivered
2006,129,2025-05-22,UPI,Delivered
2007,10,2025-07-22,Credit Card,Delivered
2008,47,2025-11-05,Debit Card,Delivered
2009,379,2025-08-15,UPI,Delivered
2010,315,2025-11-30,Credit Card,Delivered
2011,96,2025-08-10,Credit Card,Delivered
2012,446,2025-02-10,UPI,Delivered
2013,103,2025-07-15,UPI,Delivered
2014,380,2025-03-09,Cash on Delivery,Delivered
2015,342,2025-09-21,UPI,Delivered
2016,146,2025-01-02,UPI,Cancelled
2017,368,2025-12-27,UPI,Delivered
2018,430,2025-05-05,Credit Card,Returned
2019,416,2025-04-20,Credit Card,Delivered
2020,27,2025-03-27,Credit Card,Delivered
2021,220,2025-04-30,UPI,Delivered
2022,18,2025-05-07,Debit Card,Delivered
2023,167,2025-09-12,UPI,Delivered
2024,433,2025-07-02,UPI,Cancelled
2025,477,2025-01-16,Credit Card,Delivered
2026,82,2025-03-03,UPI,Delivered
2027,428,2025-06-07,Debit Card,Delivered
2028,72,2025-09-25,Cash on Delivery,Delivered
2029,310,2025-02-04,UPI,Delivered
2030,479,2025-09-24,Debit Card,Cancelled
2031,254,2025-03-05,Debit Card,Delivered
2032,162,2025-02-19,Cash on Delivery,Delivered
2033,327,2025-09-12,UPI,Delivered
2034,420,2025-05-29,Credit Card,Cancelled
2035,402,2025-11-21,UPI,Returned
2036,38,2025-10-31,Debit Card,Delivered
2037,443,2025-10-03,UPI,Returned
2038,393,2025-12-23,Credit Card,Delivered
2039,201,2025-06-21,UPI,Returned
2040,494,2025-07-20,UPI,Delivered
2041,200,2025-11-20,Credit Card,Delivered
2042,255,2025-02-04,Debit Card,Delivered
2043,179,2025-08-04,Credit Card,Delivered
2044,35,2025-03-06,Debit Card,Delivered
2045,82,2025-01-08,UPI,Delivered
2046,389,2025-10-28,Credit Card,Delivered
2047,398,2025-12-09,Credit Card,Cancelled
2048,220,2025-11-28,UPI,Delivered
2049,158,2025-03-17,Credit Card,Delivered
2050,4,2025-06-23,Credit Card,Delivered
2051,167,2025-02-16,Credit Card,Returned
2052,468,2025-01-15,Debit Card,Cancelled
2053,448,2025-12-27,Credit Card,Delivered
2054,409,2025-05-27,UPI,Delivered
2055,412,2025-01-26,UPI,Delivered
2056,204,2025-11-04,Credit Card,Delivered
2057,194,2025-04-03,UPI,Delivered
2058,235,2025-08-20,UPI,Cancelled
2059,206,2025-01-21,UPI,Delivered
2060,150,2025-11-03,Credit Card,Delivered
2061,159,2025-02-07,UPI,Delivered
2062,279,2025-10-03,Debit Card,Delivered
2063,304,2025-06-06,Credit Card,Delivered
2064,404,2025-06-28,UPI,Delivered
2065,381,2025-05-12,Debit Card,Delivered
2066,166,2025-11-07,Credit Card,Delivered
2067,311,2025-12-14,Credit Card,Delivered
2068,68,2025-01-28,Credit Card,Delivered
2069,463,2025-09-17,UPI,Returned
2070,88,2025-03-17,Credit Card,Delivered
2071,217,2025-03-08,UPI,Delivered
2072,1,2025-12-08,Cash on Delivery,Delivered
2073,135,2025-07-13,Debit Card,Delivered
2074,185,2025-06-11,Credit Card,Delivered
2075,351,2025-12-13,UPI,Delivered
2076,140,2025-12-27,UPI,Delivered
2077,106,2025-09-14,UPI,Delivered
2078,133,2025-03-13,Credit Card,Delivered
2079,108,2025-03-28,UPI,Cancelled
2080,178,2025-09-19,Credit Card,Delivered
2081,298,2025-08-02,UPI,Cancelled
2082,358,2025-06-02,Cash on Delivery,Delivered
2083,380,2025-07-29,UPI,Delivered
2084,396,2025-03-02,Cash on Delivery,Delivered
2085,359,2025-09-25,Cash on Delivery,Delivered
2086,146,2025-09-19,Credit Card,Delivered
2087,450,2025-08-06,Debit Card,Delivered
2088,74,2025-10-10,UPI,Delivered
2089,463,2025-05-16,Credit Card,Delivered
2090,478,2025-12-28,UPI,Cancelled
2091,108,2025-04-03,UPI,Delivered
2092,122,2025-04-19,Credit Card,Delivered
2093,17,2025-08-29,Credit Card,Delivered
2094,196,2025-12-21,Credit Card,Returned
2095,327,2025-05-22,UPI,Delivered
2096,318,2025-10-18,UPI,Cancelled
2097,297,2025-08-25,UPI,Delivered
2098,479,2025-12-06,UPI,Delivered
2099,499,2025-11-08,UPI,Delivered
2100,252,2025-06-26,UPI,Delivered
2101,487,2025-05-21,UPI,Cancelled
2102,119,2025-07-08,Debit Card,Delivered
2103,162,2025-02-18,UPI,Returned
2104,198,2025-10-29,Credit Card,Delivered
2105,498,2025-07-09,UPI,Delivered
2106,486,2025-05-16,Debit Card,Delivered
2107,45,2025-02-12,Credit Card,Delivered
2108,314,2025-12-19,UPI,Delivered
2109,179,2025-03-31,Credit Card,Delivered
2110,382,2025-10-22,UPI,Delivered
2111,418,2025-12-07,Credit Card,Delivered
2112,44,2025-09-02,UPI,Delivered
2113,271,2025-07-11,Cash on Delivery,Delivered
2114,78,2025-11-14,UPI,Delivered
2115,326,2025-04-16,UPI,Delivered
2116,178,2025-12-29,Debit Card,Delivered
2117,357,2025-11-06,UPI,Cancelled
2118,498,2025-08-21,Debit Card,Delivered
2119,416,2025-09-22,Credit Card,Delivered
2120,451,2025-12-10,Debit Card,Delivered
2121,3,2025-02-06,UPI,Delivered
2122,214,2025-11-01,Debit Card,Delivered
2123,342,2025-02-10,Debit Card,Delivered
2124,74,2025-01-17,UPI,Delivered
2125,51,2025-12-10,UPI,Delivered
2126,67,2025-10-04,UPI,Delivered
2127,332,2025-11-03,Cash on Delivery,Delivered
2128,93,2025-02-28,UPI,Delivered
2129,176,2025-07-02,Credit Card,Delivered
2130,145,2025-02-10,UPI,Delivered
2131,7,2025-02-08,UPI,Delivered
2132,269,2025-07-11,Credit Card,Delivered
2133,376,2025-09-24,Cash on Delivery,Cancelled
2134,322,2025-05-27,Credit Card,Delivered
2135,4,2025-11-29,Debit Card,Delivered
2136,138,2025-05-07,Credit Card,Delivered
2137,231,2025-02-15,UPI,Delivered
2138,88,2025-02-14,UPI,Delivered
2139,17,2025-01-01,Credit Card,Delivered
2140,52,2025-06-17,Cash on Delivery,Delivered
2141,134,2025-04-18,Debit Card,Delivered
2142,211,2025-01-19,UPI,Delivered
2143,325,2025-11-28,UPI,Delivered
2144,480,2025-03-13,UPI,Returned
2145,458,2025-04-19,Cash on Delivery,Delivered
2146,393,2025-09-25,Debit Card,Returned
2147,219,2025-08-28,Debit Card,Delivered
2148,205,2025-10-28,UPI,Delivered
2149,211,2025-03-31,Credit Card,Delivered
2150,277,2025-04-13,Credit Card,Cancelled
2151,24,2025-09-07,UPI,Returned
2152,486,2025-01-08,Credit Card,Delivered
2153,4,2025-06-02,UPI,Delivered
2154,152,2025-12-13,UPI,Delivered
2155,443,2025-06-23,Debit Card,Delivered
2156,483,2025-12-09,Debit Card,Delivered
2157,259,2025-06-07,UPI,Delivered
2158,324,2025-08-03,Credit Card,Cancelled
2159,357,2025-06-26,UPI,Delivered
2160,168,2025-06-24,Debit Card,Delivered
2161,176,2025-12-06,Debit Card,Delivered
2162,310,2025-12-04,Debit Card,Delivered
2163,291,2025-05-26,Debit Card,Delivered
2164,479,2025-11-20,UPI,Delivered
2165,56,2025-06-10,UPI,Delivered
2166,108,2025-05-07,Credit Card,Delivered
2167,473,2025-03-23,UPI,Returned
2168,296,2025-05-27,Debit Card,Delivered
2169,461,2025-08-27,UPI,Delivered
2170,324,2025-03-25,UPI,Delivered
2171,302,2025-04-23,UPI,Delivered
2172,334,2025-08-13,Cash on Delivery,Delivered
2173,141,2025-11-28,UPI,Delivered
2174,155,2025-08-31,Credit Card,Delivered
2175,262,2025-05-23,UPI,Returned
2176,273,2025-02-10,UPI,Delivered
2177,420,2025-09-15,Credit Card,Delivered
2178,232,2025-10-12,Debit Card,Returned
2179,241,2025-04-15,Credit Card,Delivered
2180,355,2025-07-21,Debit Card,Delivered
2181,337,2025-11-03,UPI,Delivered
2182,489,2025-11-27,UPI,Returned
2183,258,2025-09-23,Cash on Delivery,Delivered
2184,249,2025-07-29,UPI,Cancelled
2185,77,2025-02-20,Credit Card,Delivered
2186,180,2025-04-28,Debit Card,Delivered
2187,66,2025-07-20,UPI,Delivered
2188,308,2025-02-08,Debit Card,Delivered
2189,348,2025-01-28,UPI,Delivered
2190,171,2025-09-16,UPI,Delivered
2191,474,2025-03-25,UPI,Delivered
2192,22,2025-06-04,Debit Card,Delivered
2193,367,2025-04-27,UPI,Delivered
2194,107,2025-01-02,Debit Card,Delivered
2195,439,2025-04-03,Cash on Delivery,Delivered
2196,323,2025-06-15,Credit Card,Delivered
2197,227,2025-12-16,Credit Card,Delivered
2198,444,2025-10-23,Credit Card,Delivered
2199,442,2025-09-15,UPI,Delivered
2200,396,2025-03-22,Credit Card,Delivered
2201,216,2025-09-25,Credit Card,Delivered
2202,69,2025-08-23,Cash on Delivery,Delivered
2203,84,2025-11-17,Cash on Delivery,Returned
2204,103,2025-11-07,Debit Card,Delivered
2205,39,2025-10-28,Debit Card,Delivered
2206,13,2025-12-23,Credit Card,Delivered
2207,297,2025-08-01,Credit Card,Delivered
2208,313,2025-03-03,Debit Card,Delivered
2209,181,2025-02-18,UPI,Delivered
2210,493,2025-05-07,Cash on Delivery,Delivered
2211,268,2025-08-11,UPI,Delivered
2212,13,2025-10-06,Credit Card,Delivered
2213,120,2025-10-21,Debit Card,Delivered
2214,458,2025-10-11,Cash on Delivery,Delivered
2215,353,2025-10-04,UPI,Delivered
2216,57,2025-04-17,Debit Card,Delivered
2217,40,2025-05-26,Credit Card,Delivered
2218,374,2025-04-09,UPI,Delivered
2219,336,2025-03-14,Debit Card,Delivered
2220,128,2025-05-02,Credit Card,Delivered
2221,173,2025-01-30,Credit Card,Delivered
2222,35,2025-07-07,UPI,Delivered
2223,259,2025-12-30,Credit Card,Delivered
2224,376,2025-12-20,Credit Card,Delivered
2225,5,2025-10-15,UPI,Delivered
2226,218,2025-07-14,UPI,Delivered
2227,11,2025-06-05,Cash on Delivery,Delivered
2228,382,2025-06-21,Credit Card,Delivered
2229,327,2025-12-01,Debit Card,Delivered
2230,117,2025-02-10,UPI,Delivered
2231,184,2025-03-04,UPI,Delivered
2232,394,2025-01-23,UPI,Delivered
2233,362,2025-12-26,UPI,Delivered
2234,116,2025-03-16,Credit Card,Delivered
2235,162,2025-02-17,Credit Card,Delivered
2236,67,2025-06-09,Credit Card,Cancelled
2237,200,2025-11-09,UPI,Delivered
2238,31,2025-04-28,Credit Card,Delivered
2239,75,2025-04-10,UPI,Delivered
2240,237,2025-06-16,UPI,Delivered
2241,327,2025-10-17,Cash on Delivery,Cancelled
2242,493,2025-06-05,Credit Card,Delivered
2243,66,2025-01-07,Credit Card,Cancelled
2244,70,2025-07-15,UPI,Delivered
2245,297,2025-02-25,Cash on Delivery,Delivered
2246,447,2025-11-17,Credit Card,Delivered
2247,416,2025-07-12,Debit Card,Delivered
2248,20,2025-02-16,UPI,Delivered
2249,441,2025-05-28,Cash on Delivery,Delivered
2250,226,2025-10-02,Debit Card,Delivered
2251,434,2025-06-06,Debit Card,Delivered
2252,464,2025-07-21,UPI,Cancelled
2253,409,2025-05-06,UPI,Delivered
2254,396,2025-11-01,UPI,Delivered
2255,199,2025-10-21,UPI,Delivered
2256,39,2025-03-05,Debit Card,Delivered
2257,145,2025-11-21,UPI,Delivered
2258,45,2025-06-25,UPI,Delivered
2259,395,2025-04-26,UPI,Cancelled
2260,326,2025-07-23,UPI,Cancelled
2261,381,2025-11-17,UPI,Delivered
2262,407,2025-01-31,Debit Card,Delivered
2263,91,2025-04-23,Credit Card,Delivered
2264,238,2025-12-31,UPI,Delivered
2265,70,2025-11-21,UPI,Delivered
2266,166,2025-12-10,UPI,Delivered
2267,130,2025-03-08,UPI,Cancelled
2268,214,2025-03-16,Credit Card,Delivered
2269,340,2025-02-14,Debit Card,Delivered
2270,89,2025-09-17,Debit Card,Delivered
2271,335,2025-06-03,Debit Card,Delivered
2272,252,2025-06-04,UPI,Returned
2273,369,2025-12-29,Cash on Delivery,Delivered
2274,349,2025-08-22,Debit Card,Delivered
2275,72,2025-02-20,Cash on Delivery,Delivered
2276,165,2025-11-02,UPI,Delivered
2277,49,2025-09-19,Cash on Delivery,Delivered
2278,52,2025-11-11,Debit Card,Delivered
2279,289,2025-05-05,Debit Card,Delivered
2280,278,2025-09-02,UPI,Delivered
2281,114,2025-01-30,Debit Card,Delivered
2282,239,2025-05-02,Cash on Delivery,Delivered
2283,133,2025-05-05,Credit Card,Delivered
2284,487,2025-02-06,Credit Card,Delivered
2285,274,2025-06-19,Cash on Delivery,Delivered
2286,166,2025-05-04,UPI,Cancelled
2287,374,2025-12-23,Credit Card,Delivered
2288,373,2025-02-04,Credit Card,Delivered
2289,293,2025-03-28,Cash on Delivery,Delivered
2290,478,2025-05-14,UPI,Delivered
2291,243,2025-07-15,Credit Card,Delivered
2292,479,2025-10-01,Credit Card,Cancelled
2293,320,2025-07-20,Debit Card,Cancelled
2294,138,2025-10-12,Credit Card,Delivered
2295,79,2025-03-18,Cash on Delivery,Delivered
2296,170,2025-02-28,Cash on Delivery,Returned
2297,123,2025-05-06,UPI,Delivered
2298,176,2025-04-19,UPI,Cancelled
2299,300,2025-08-12,UPI,Delivered
2300,82,2025-10-05,UPI,Delivered
2301,87,2025-03-09,Credit Card,Delivered
2302,225,2025-03-10,Cash on Delivery,Delivered
2303,16,2025-06-14,Debit Card,Delivered
2304,310,2025-11-01,UPI,Delivered
2305,358,2025-06-11,UPI,Delivered
2306,163,2025-12-31,Credit Card,Returned
2307,98,2025-12-08,Credit Card,Delivered
2308,156,2025-11-05,UPI,Delivered
2309,2,2025-12-09,Debit Card,Delivered
2310,350,2025-02-11,Cash on Delivery,Delivered
2311,397,2025-12-20,UPI,Delivered
2312,169,2025-04-19,Debit Card,Delivered
2313,464,2025-02-20,UPI,Delivered
2314,315,2025-09-07,Debit Card,Delivered
2315,325,2025-12-07,Credit Card,Delivered
2316,375,2025-01-21,UPI,Delivered
2317,92,2025-10-27,Cash on Delivery,Delivered
2318,181,2025-05-19,Credit Card,Cancelled
2319,231,2025-12-25,Debit Card,Cancelled
2320,301,2025-11-20,UPI,Returned
2321,148,2025-04-02,UPI,Cancelled
2322,280,2025-10-07,UPI,Delivered
2323,189,2025-05-05,Credit Card,Delivered
2324,347,2025-04-21,Credit Card,Delivered
2325,350,2025-12-20,UPI,Delivered
2326,314,2025-05-19,Credit Card,Cancelled
2327,493,2025-09-30,Credit Card,Delivered
2328,411,2025-04-09,Debit Card,Delivered
2329,410,2025-09-09,Credit Card,Delivered
2330,128,2025-12-04,Cash on Delivery,Delivered
2331,7,2025-04-14,Credit Card,Delivered
2332,426,2025-08-02,Credit Card,Delivered
2333,47,2025-09-06,UPI,Delivered
2334,53,2025-06-01,UPI,Returned
2335,187,2025-09-07,UPI,Delivered
2336,38,2025-10-02,Credit Card,Delivered
2337,453,2025-06-14,UPI,Delivered
2338,471,2025-12-07,UPI,Delivered
2339,476,2025-01-08,Debit Card,Delivered
2340,226,2025-10-11,UPI,Cancelled
2341,53,2025-01-05,UPI,Delivered
2342,399,2025-05-25,UPI,Cancelled
2343,224,2025-04-11,Debit Card,Delivered
2344,154,2025-06-13,UPI,Delivered
2345,48,2025-05-27,Credit Card,Delivered
2346,351,2025-03-05,Credit Card,Delivered
2347,147,2025-04-01,Credit Card,Delivered
2348,393,2025-04-27,Credit Card,Delivered
2349,64,2025-12-20,Debit Card,Delivered
2350,349,2025-09-24,UPI,Delivered
2351,182,2025-11-06,UPI,Cancelled
2352,125,2025-06-22,UPI,Delivered
2353,179,2025-02-16,UPI,Cancelled
2354,39,2025-05-20,UPI,Delivered
2355,260,2025-09-03,UPI,Delivered
2356,382,2025-05-29,Credit Card,Delivered
2357,3,2025-09-03,Credit Card,Delivered
2358,64,2025-01-05,UPI,Delivered
2359,29,2025-07-03,Debit Card,Delivered
2360,372,2025-01-20,UPI,Delivered
2361,11,2025-02-15,UPI,Delivered
2362,97,2025-01-12,Credit Card,Delivered
2363,358,2025-03-11,UPI,Delivered
2364,442,2025-01-17,UPI,Delivered
2365,203,2025-05-27,UPI,Cancelled
2366,411,2025-06-03,Cash on Delivery,Delivered
2367,481,2025-10-31,Debit Card,Delivered
2368,21,2025-04-18,UPI,Delivered
2369,39,2025-08-24,Debit Card,Delivered
2370,223,2025-11-04,Debit Card,Delivered
2371,102,2025-12-18,Credit Card,Delivered
2372,46,2025-03-11,Debit Card,Delivered
2373,66,2025-07-02,UPI,Delivered
2374,91,2025-09-07,UPI,Delivered
2375,164,2025-08-16,Credit Card,Delivered
2376,459,2025-04-12,Credit Card,Delivered
2377,111,2025-03-16,Credit Card,Delivered
2378,338,2025-08-04,Credit Card,Delivered
2379,123,2025-07-22,Cash on Delivery,Delivered
2380,193,2025-07-11,Cash on Delivery,Delivered
2381,447,2025-09-06,Debit Card,Delivered
2382,99,2025-08-30,Debit Card,Delivered
2383,291,2025-06-28,Cash on Delivery,Delivered
2384,159,2025-08-07,UPI,Delivered
2385,412,2025-03-23,UPI,Delivered
2386,103,2025-04-02,Credit Card,Delivered
2387,385,2025-06-24,Debit Card,Delivered
2388,281,2025-08-27,Credit Card,Delivered
2389,43,2025-09-17,Debit Card,Delivered
2390,486,2025-12-31,UPI,Delivered
2391,84,2025-06-12,UPI,Delivered
2392,451,2025-02-17,Debit Card,Delivered
2393,191,2025-11-25,UPI,Delivered
2394,51,2025-11-24,UPI,Delivered
2395,386,2025-04-26,UPI,Delivered
2396,210,2025-12-03,UPI,Delivered
2397,126,2025-12-03,Debit Card,Delivered
2398,492,2025-08-13,UPI,Delivered
2399,448,2025-12-18,Credit Card,Delivered
2400,458,2025-11-24,UPI,Delivered
2401,69,2025-05-27,Debit Card,Delivered
2402,265,2025-03-04,UPI,Delivered
2403,258,2025-10-21,Credit Card,Cancelled
2404,418,2025-11-19,Debit Card,Delivered
2405,188,2025-11-21,UPI,Delivered
2406,230,2025-01-13,Debit Card,Delivered
2407,189,2025-07-08,Credit Card,Delivered
2408,415,2025-10-14,UPI,Delivered
2409,10,2025-07-27,UPI,Returned
2410,114,2025-04-24,Cash on Delivery,Cancelled
2411,76,2025-01-22,Debit Card,Delivered
2412,164,2025-12-15,UPI,Delivered
2413,85,2025-08-02,UPI,Delivered
2414,49,2025-06-20,Debit Card,Delivered
2415,495,2025-11-19,Credit Card,Delivered
2416,326,2025-02-23,Debit Card,Delivered
2417,496,2025-10-25,UPI,Delivered
2418,177,2025-11-16,Debit Card,Delivered
2419,387,2025-05-06,UPI,Delivered
2420,458,2025-10-04,UPI,Returned
2421,389,2025-07-23,Credit Card,Delivered
2422,494,2025-07-13,Cash on Delivery,Returned
2423,218,2025-06-18,UPI,Delivered
2424,189,2025-06-01,Credit Card,Delivered
2425,469,2025-02-04,Credit Card,Delivered
2426,493,2025-07-03,Credit Card,Delivered
2427,346,2025-10-13,Debit Card,Delivered
2428,230,2025-02-26,Debit Card,Cancelled
2429,255,2025-08-10,UPI,Returned
2430,236,2025-10-30,Cash on Delivery,Delivered
2431,26,2025-06-12,Debit Card,Delivered
2432,72,2025-01-19,Debit Card,Delivered
2433,261,2025-09-21,Credit Card,Delivered
2434,254,2025-10-09,Debit Card,Delivered
2435,271,2025-04-23,UPI,Delivered
2436,123,2025-11-23,UPI,Delivered
2437,144,2025-01-30,Debit Card,Delivered
2438,257,2025-05-15,UPI,Delivered
2439,144,2025-03-08,UPI,Delivered
2440,421,2025-03-06,Debit Card,Delivered
2441,259,2025-10-19,Debit Card,Returned
2442,436,2025-01-25,UPI,Delivered
2443,47,2025-02-06,Debit Card,Cancelled
2444,351,2025-01-01,Credit Card,Delivered
2445,13,2025-02-06,Credit Card,Returned
2446,376,2025-05-21,Debit Card,Delivered
2447,208,2025-08-20,UPI,Delivered
2448,311,2025-05-16,UPI,Delivered
2449,235,2025-07-07,UPI,Delivered
2450,149,2025-05-08,Credit Card,Delivered
2451,322,2025-07-20,Credit Card,Returned
2452,438,2025-05-07,Debit Card,Delivered
2453,155,2025-09-14,Debit Card,Returned
2454,166,2025-06-13,Credit Card,Delivered
2455,90,2025-02-04,Debit Card,Cancelled
2456,186,2025-07-13,UPI,Delivered
2457,318,2025-07-10,UPI,Delivered
2458,358,2025-04-14,Debit Card,Delivered
2459,174,2025-01-23,UPI,Cancelled
2460,217,2025-09-22,UPI,Delivered
2461,395,2025-10-17,Credit Card,Delivered
2462,456,2025-09-17,UPI,Delivered
2463,264,2025-12-24,Debit Card,Delivered
2464,97,2025-03-16,UPI,Delivered
2465,117,2025-12-21,UPI,Cancelled
2466,199,2025-03-13,UPI,Delivered
2467,320,2025-09-16,Credit Card,Delivered
2468,486,2025-07-07,UPI,Delivered
2469,21,2025-06-22,Credit Card,Delivered
2470,200,2025-10-17,Debit Card,Delivered
2471,371,2025-02-14,Cash on Delivery,Delivered
2472,447,2025-03-02,UPI,Delivered
2473,341,2025-03-24,Credit Card,Delivered
2474,448,2025-05-03,Credit Card,Delivered
2475,248,2025-12-24,Cash on Delivery,Delivered
2476,276,2025-01-16,Cash on Delivery,Delivered
2477,264,2025-03-07,UPI,Delivered
2478,58,2025-05-25,Debit Card,Delivered
2479,302,2025-06-11,UPI,Delivered
2480,31,2025-08-22,UPI,Delivered
2481,498,2025-05-24,UPI,Cancelled
2482,249,2025-12-24,Credit Card,Delivered
2483,93,2025-07-07,Credit Card,Delivered
2484,496,2025-11-18,UPI,Delivered
2485,265,2025-01-13,Credit Card,Delivered
2486,271,2025-07-03,UPI,Delivered
2487,94,2025-04-21,Credit Card,Delivered
2488,154,2025-10-17,UPI,Delivered
2489,394,2025-10-22,UPI,Delivered
2490,285,2025-08-03,UPI,Delivered
2491,80,2025-04-30,UPI,Delivered
2492,292,2025-02-24,Credit Card,Delivered
2493,84,2025-01-27,UPI,Delivered
2494,365,2025-04-28,Credit Card,Delivered
2495,374,2025-08-09,UPI,Delivered
2496,37,2025-08-19,Credit Card,Delivered
2497,342,2025-02-22,Debit Card,Delivered
2498,327,2025-10-22,UPI,Delivered
2499,407,2025-11-17,Credit Card,Delivered
2500,425,2025-08-21,UPI,Delivered
2501,232,2025-06-07,Credit Card,Delivered
2502,93,2025-09-26,UPI,Delivered
2503,336,2025-01-21,Credit Card,Returned
2504,102,2025-02-22,Credit Card,Delivered
2505,412,2025-10-02,Cash on Delivery,Returned
2506,432,2025-11-09,Credit Card,Delivered
2507,166,2025-10-08,Credit Card,Delivered
2508,159,2025-08-02,UPI,Delivered
2509,14,2025-01-31,Cash on Delivery,Delivered
2510,373,2025-12-03,Debit Card,Delivered
2511,225,2025-07-02,UPI,Delivered
2512,73,2025-01-23,Debit Card,Delivered
2513,249,2025-02-01,UPI,Delivered
2514,91,2025-03-15,Debit Card,Delivered
2515,216,2025-01-10,Debit Card,Returned
2516,461,2025-02-23,UPI,Cancelled
2517,90,2025-02-21,Debit Card,Delivered
2518,29,2025-05-28,UPI,Delivered
2519,435,2025-06-09,UPI,Cancelled
2520,305,2025-01-14,UPI,Delivered
2521,427,2025-06-27,Debit Card,Delivered
2522,476,2025-02-22,UPI,Delivered
2523,220,2025-12-01,UPI,Delivered
2524,328,2025-01-22,Debit Card,Delivered
2525,215,2025-01-30,UPI,Delivered
2526,221,2025-07-10,UPI,Delivered
2527,389,2025-09-17,UPI,Delivered
2528,42,2025-07-24,UPI,Delivered
2529,135,2025-02-28,Credit Card,Delivered
2530,42,2025-09-21,UPI,Delivered
2531,164,2025-01-12,Cash on Delivery,Cancelled
2532,361,2025-04-29,Debit Card,Delivered
2533,283,2025-10-17,UPI,Delivered
2534,58,2025-12-04,UPI,Returned
2535,302,2025-09-05,UPI,Cancelled
2536,322,2025-12-20,Credit Card,Delivered
2537,25,2025-05-07,UPI,Delivered
2538,73,2025-03-16,UPI,Returned
2539,373,2025-12-27,Debit Card,Delivered
2540,411,2025-07-23,UPI,Delivered
2541,129,2025-02-18,UPI,Delivered
2542,87,2025-03-20,Debit Card,Delivered
2543,330,2025-08-29,Credit Card,Delivered
2544,426,2025-12-15,UPI,Delivered
2545,436,2025-06-03,Credit Card,Returned
2546,153,2025-10-01,UPI,Delivered
2547,182,2025-04-06,Debit Card,Delivered
2548,125,2025-08-02,Credit Card,Delivered
2549,67,2025-10-21,Debit Card,Returned
2550,6,2025-07-28,Cash on Delivery,Delivered
2551,125,2025-12-09,Cash on Delivery,Delivered
2552,314,2025-03-29,Cash on Delivery,Cancelled
2553,326,2025-11-02,Credit Card,Delivered
2554,53,2025-09-21,UPI,Delivered
2555,66,2025-11-21,Credit Card,Cancelled
2556,314,2025-11-16,Credit Card,Returned
2557,82,2025-06-06,Debit Card,Delivered
2558,87,2025-06-05,UPI,Cancelled
2559,2,2025-05-19,Cash on Delivery,Delivered
2560,204,2025-05-01,Debit Card,Delivered
2561,150,2025-03-06,Cash on Delivery,Cancelled
2562,293,2025-04-17,Debit Card,Returned
2563,404,2025-05-27,UPI,Delivered
2564,103,2025-05-17,UPI,Delivered
2565,24,2025-06-11,UPI,Delivered
2566,368,2025-04-10,UPI,Delivered
2567,212,2025-12-04,Credit Card,Delivered
2568,65,2025-11-03,Debit Card,Delivered
2569,449,2025-05-21,Debit Card,Delivered
2570,209,2025-03-24,Credit Card,Delivered
2571,251,2025-06-26,UPI,Delivered
2572,385,2025-07-17,UPI,Delivered
2573,117,2025-04-22,UPI,Delivered
2574,116,2025-02-25,UPI,Delivered
2575,237,2025-06-28,Credit Card,Cancelled
2576,478,2025-07-05,UPI,Delivered
2577,105,2025-08-06,UPI,Delivered
2578,495,2025-11-12,UPI,Delivered
2579,259,2025-08-05,Credit Card,Delivered
2580,46,2025-04-30,Credit Card,Delivered
2581,311,2025-06-24,Credit Card,Delivered
2582,331,2025-01-23,UPI,Delivered
2583,216,2025-08-01,Cash on Delivery,Delivered
2584,470,2025-08-23,UPI,Delivered
2585,448,2025-01-13,Credit Card,Delivered
2586,492,2025-04-11,Debit Card,Cancelled
2587,301,2025-01-24,Credit Card,Delivered
2588,410,2025-12-30,Cash on Delivery,Delivered
2589,333,2025-01-11,UPI,Delivered
2590,449,2025-09-30,Credit Card,Delivered
2591,24,2025-10-08,UPI,Cancelled
2592,458,2025-04-04,Credit Card,Delivered
2593,35,2025-07-20,UPI,Cancelled
2594,24,2025-01-21,UPI,Delivered
2595,28,2025-12-06,Credit Card,Cancelled
2596,484,2025-07-30,Credit Card,Delivered
2597,464,2025-05-20,UPI,Delivered
2598,488,2025-10-20,Credit Card,Delivered
2599,16,2025-10-25,Credit Card,Delivered
2600,59,2025-04-11,UPI,Delivered
2601,465,2025-10-31,Credit Card,Delivered
2602,243,2025-12-25,Debit Card,Delivered
2603,438,2025-01-28,Credit Card,Returned
2604,207,2025-02-10,UPI,Delivered
2605,400,2025-12-21,UPI,Delivered
2606,271,2025-10-30,Credit Card,Cancelled
2607,249,2025-05-26,Cash on Delivery,Cancelled
2608,482,2025-09-13,Credit Card,Delivered
2609,267,2025-08-15,UPI,Delivered
2610,193,2025-08-24,Credit Card,Delivered
2611,335,2025-12-27,Debit Card,Delivered
2612,218,2025-01-13,UPI,Delivered
2613,115,2025-07-29,Cash on Delivery,Delivered
2614,68,2025-08-17,Cash on Delivery,Delivered
2615,299,2025-04-10,UPI,Delivered
2616,325,2025-01-31,Cash on Delivery,Returned
2617,483,2025-01-16,UPI,Delivered
2618,397,2025-05-17,Debit Card,Delivered
2619,394,2025-11-25,UPI,Delivered
2620,75,2025-06-15,UPI,Delivered
2621,466,2025-11-06,Credit Card,Delivered
2622,482,2025-04-10,Debit Card,Delivered
2623,103,2025-04-19,UPI,Cancelled
2624,297,2025-12-09,Credit Card,Delivered
2625,490,2025-06-22,UPI,Delivered
2626,178,2025-08-25,UPI,Delivered
2627,215,2025-06-11,UPI,Delivered
2628,455,2025-08-04,Credit Card,Delivered
2629,315,2025-09-21,UPI,Delivered
2630,39,2025-09-20,UPI,Delivered
2631,259,2025-10-19,UPI,Delivered
2632,204,2025-10-01,UPI,Delivered
2633,7,2025-01-03,Credit Card,Delivered
2634,49,2025-01-28,Cash on Delivery,Delivered
2635,26,2025-11-22,UPI,Delivered
2636,161,2025-05-29,Cash on Delivery,Delivered
2637,357,2025-01-28,Debit Card,Delivered
2638,176,2025-11-06,Credit Card,Delivered
2639,79,2025-03-06,Credit Card,Delivered
2640,2,2025-12-22,Debit Card,Delivered
2641,489,2025-01-21,UPI,Delivered
2642,383,2025-09-09,Credit Card,Delivered
2643,455,2025-08-23,Credit Card,Delivered
2644,416,2025-08-15,Credit Card,Delivered
2645,132,2025-01-13,Debit Card,Delivered
2646,276,2025-11-09,UPI,Delivered
2647,498,2025-02-18,Credit Card,Delivered
2648,117,2025-04-28,Credit Card,Delivered
2649,164,2025-02-23,UPI,Delivered
2650,288,2025-05-18,UPI,Delivered
2651,28,2025-02-22,Credit Card,Returned
2652,333,2025-02-13,Debit Card,Cancelled
2653,1,2025-10-30,Credit Card,Delivered
2654,188,2025-02-22,Debit Card,Delivered
2655,56,2025-03-15,UPI,Delivered
2656,35,2025-02-15,UPI,Cancelled
2657,112,2025-01-13,UPI,Delivered
2658,286,2025-06-14,UPI,Delivered
2659,310,2025-04-12,UPI,Delivered
2660,36,2025-10-07,UPI,Delivered
2661,439,2025-09-15,Debit Card,Returned
2662,217,2025-12-03,Debit Card,Delivered
2663,80,2025-12-22,UPI,Delivered
2664,314,2025-05-18,UPI,Delivered
2665,83,2025-06-12,UPI,Delivered
2666,65,2025-04-21,Credit Card,Delivered
2667,325,2025-04-12,UPI,Delivered
2668,128,2025-01-17,UPI,Delivered
2669,307,2025-09-25,Cash on Delivery,Delivered
2670,22,2025-07-01,Debit Card,Delivered
2671,216,2025-01-24,UPI,Returned
2672,107,2025-01-29,UPI,Delivered
2673,109,2025-06-20,UPI,Delivered
2674,372,2025-08-16,Debit Card,Delivered
2675,357,2025-07-07,Credit Card,Delivered
2676,181,2025-12-12,UPI,Returned
2677,356,2025-08-18,Debit Card,Delivered
2678,164,2025-11-17,UPI,Delivered
2679,68,2025-12-06,UPI,Delivered
2680,292,2025-04-29,UPI,Delivered
2681,180,2025-06-05,Credit Card,Cancelled
2682,181,2025-09-29,UPI,Returned
2683,466,2025-06-24,UPI,Delivered
2684,434,2025-04-14,UPI,Returned
2685,464,2025-04-02,UPI,Delivered
2686,169,2025-07-05,Debit Card,Delivered
2687,402,2025-10-10,UPI,Delivered
2688,22,2025-06-30,UPI,Delivered
2689,66,2025-06-19,Credit Card,Delivered
2690,21,2025-07-06,Debit Card,Delivered
2691,100,2025-06-24,Debit Card,Delivered
2692,384,2025-08-10,Credit Card,Delivered
2693,300,2025-08-21,UPI,Delivered
2694,103,2025-06-11,Debit Card,Delivered
2695,47,2025-05-14,Credit Card,Delivered
2696,39,2025-08-12,UPI,Delivered
2697,285,2025-06-02,Cash on Delivery,Delivered
2698,310,2025-02-02,UPI,Delivered
2699,90,2025-02-24,Cash on Delivery,Delivered
2700,85,2025-01-07,Debit Card,Cancelled
2701,273,2025-09-01,Credit Card,Delivered
2702,336,2025-11-09,Cash on Delivery,Delivered
2703,188,2025-05-06,Debit Card,Delivered
2704,159,2025-01-12,UPI,Delivered
2705,243,2025-01-16,UPI,Cancelled
2706,73,2025-07-27,UPI,Delivered
2707,479,2025-02-12,UPI,Delivered
2708,462,2025-05-15,Debit Card,Cancelled
2709,49,2025-08-16,UPI,Delivered
2710,101,2025-04-21,UPI,Delivered
2711,2,2025-11-03,Credit Card,Delivered
2712,244,2025-06-09,Debit Card,Delivered
2713,176,2025-11-27,UPI,Delivered
2714,238,2025-09-21,UPI,Delivered
2715,398,2025-08-13,UPI,Cancelled
2716,59,2025-08-05,Credit Card,Delivered
2717,353,2025-02-14,UPI,Delivered
2718,99,2025-08-02,Credit Card,Delivered
2719,442,2025-02-28,UPI,Delivered
2720,359,2025-05-12,UPI,Delivered
2721,442,2025-04-14,Cash on Delivery,Delivered
2722,495,2025-07-14,UPI,Delivered
2723,435,2025-06-06,UPI,Delivered
2724,468,2025-04-08,UPI,Delivered
2725,2,2025-08-14,Credit Card,Delivered
2726,243,2025-07-24,Credit Card,Delivered
2727,297,2025-03-20,UPI,Delivered
2728,211,2025-05-04,UPI,Delivered
2729,123,2025-08-06,UPI,Delivered
2730,229,2025-01-04,Credit Card,Delivered
2731,82,2025-03-31,Debit Card,Cancelled
2732,144,2025-04-14,Credit Card,Delivered
2733,388,2025-04-29,Credit Card,Delivered
2734,140,2025-05-13,UPI,Delivered
2735,29,2025-11-08,UPI,Delivered
2736,391,2025-04-06,UPI,Delivered
2737,270,2025-11-27,UPI,Delivered
2738,247,2025-05-23,UPI,Delivered
2739,12,2025-10-15,Credit Card,Delivered
2740,355,2025-01-28,Credit Card,Delivered
2741,389,2025-10-05,Cash on Delivery,Delivered
2742,337,2025-08-21,UPI,Delivered
2743,106,2025-01-17,Credit Card,Delivered
2744,32,2025-02-28,Debit Card,Returned
2745,74,2025-03-31,Credit Card,Delivered
2746,171,2025-07-18,UPI,Delivered
2747,337,2025-12-28,UPI,Delivered
2748,69,2025-01-26,UPI,Delivered
2749,301,2025-01-25,UPI,Delivered
2750,362,2025-10-28,Debit Card,Delivered
2751,137,2025-12-05,UPI,Delivered
2752,433,2025-09-24,UPI,Delivered
2753,417,2025-06-30,Debit Card,Delivered
2754,484,2025-12-26,Debit Card,Delivered
2755,100,2025-03-09,Credit Card,Delivered
2756,146,2025-12-17,Credit Card,Cancelled
2757,9,2025-11-17,UPI,Delivered
2758,62,2025-02-18,UPI,Delivered
2759,185,2025-06-24,UPI,Delivered
2760,29,2025-02-21,Credit Card,Delivered
2761,381,2025-04-12,Cash on Delivery,Delivered
2762,114,2025-08-04,UPI,Delivered
2763,462,2025-07-07,Credit Card,Delivered
2764,409,2025-02-26,UPI,Cancelled
2765,143,2025-02-16,Credit Card,Delivered
2766,390,2025-06-08,UPI,Delivered
2767,120,2025-06-23,UPI,Delivered
2768,170,2025-08-30,Debit Card,Delivered
2769,157,2025-10-09,Credit Card,Delivered
2770,335,2025-08-29,Credit Card,Delivered
2771,349,2025-01-05,UPI,Delivered
2772,260,2025-03-25,UPI,Delivered
2773,82,2025-11-04,UPI,Returned
2774,242,2025-12-27,Debit Card,Delivered
2775,441,2025-09-05,Cash on Delivery,Delivered
2776,433,2025-02-23,UPI,Delivered
2777,172,2025-06-10,UPI,Delivered
2778,231,2025-08-14,Debit Card,Delivered
2779,208,2025-01-15,UPI,Delivered
2780,75,2025-08-12,Credit Card,Delivered
2781,270,2025-03-02,UPI,Delivered
2782,387,2025-05-02,Debit Card,Delivered
2783,499,2025-10-04,Credit Card,Delivered
2784,114,2025-02-15,Debit Card,Delivered
2785,62,2025-10-21,Debit Card,Returned
2786,362,2025-03-03,UPI,Delivered
2787,320,2025-03-27,Debit Card,Delivered
2788,102,2025-07-29,Debit Card,Delivered
2789,429,2025-03-19,UPI,Cancelled
2790,362,2025-07-21,UPI,Delivered
2791,210,2025-10-29,UPI,Delivered
2792,442,2025-08-11,Credit Card,Delivered
2793,255,2025-08-10,UPI,Delivered
2794,20,2025-01-03,Credit Card,Delivered
2795,58,2025-01-06,UPI,Delivered
2796,112,2025-04-03,Debit Card,Delivered
2797,473,2025-01-08,UPI,Delivered
2798,313,2025-08-23,UPI,Delivered
2799,486,2025-04-18,Credit Card,Delivered
2800,461,2025-06-10,Credit Card,Delivered
2801,196,2025-07-28,UPI,Cancelled
2802,375,2025-08-28,UPI,Cancelled
2803,462,2025-11-27,UPI,Delivered
2804,353,2025-11-29,Debit Card,Delivered
2805,92,2025-02-19,Debit Card,Delivered
2806,52,2025-01-11,Credit Card,Delivered
2807,293,2025-12-17,Debit Card,Delivered
2808,8,2025-06-05,Debit Card,Delivered
2809,300,2025-03-11,UPI,Cancelled
2810,98,2025-06-18,Cash on Delivery,Delivered
2811,236,2025-09-29,Debit Card,Delivered
2812,389,2025-03-09,UPI,Delivered
2813,374,2025-12-21,UPI,Cancelled
2814,69,2025-09-09,UPI,Cancelled
2815,415,2025-02-17,UPI,Returned
2816,45,2025-07-03,Debit Card,Delivered
2817,137,2025-11-16,Credit Card,Delivered
2818,234,2025-07-06,Debit Card,Delivered
2819,32,2025-03-31,Debit Card,Delivered
2820,289,2025-11-28,Credit Card,Delivered
2821,126,2025-05-19,Credit Card,Delivered
2822,67,2025-12-23,UPI,Cancelled
2823,30,2025-03-30,UPI,Cancelled
2824,114,2025-10-01,Credit Card,Delivered
2825,204,2025-01-19,UPI,Cancelled
2826,29,2025-11-07,UPI,Delivered
2827,131,2025-12-24,Debit Card,Delivered
2828,474,2025-06-03,Credit Card,Delivered
2829,185,2025-09-17,UPI,Delivered
2830,253,2025-04-18,Credit Card,Delivered
2831,286,2025-10-12,Debit Card,Delivered
2832,393,2025-02-28,UPI,Delivered
2833,410,2025-05-05,UPI,Delivered
2834,386,2025-12-20,Cash on Delivery,Returned
2835,62,2025-09-30,UPI,Delivered
2836,3,2025-04-17,UPI,Delivered
2837,430,2025-10-26,Credit Card,Delivered
2838,68,2025-09-02,Debit Card,Delivered
2839,25,2025-12-02,UPI,Delivered
2840,179,2025-09-04,UPI,Delivered
2841,141,2025-01-08,UPI,Delivered
2842,231,2025-05-21,Cash on Delivery,Delivered
2843,300,2025-12-28,UPI,Delivered
2844,163,2025-01-08,Credit Card,Delivered
2845,311,2025-12-18,Cash on Delivery,Delivered
2846,471,2025-04-04,UPI,Cancelled
2847,393,2025-11-17,Cash on Delivery,Delivered
2848,130,2025-02-08,Cash on Delivery,Delivered
2849,445,2025-03-22,Debit Card,Cancelled
2850,246,2025-07-06,UPI,Delivered
2851,297,2025-03-25,Credit Card,Delivered
2852,172,2025-03-29,Debit Card,Returned
2853,64,2025-08-30,Cash on Delivery,Delivered
2854,31,2025-12-08,UPI,Delivered
2855,492,2025-04-03,Debit Card,Delivered
2856,47,2025-03-27,UPI,Cancelled
2857,130,2025-02-13,UPI,Delivered
2858,352,2025-05-17,UPI,Delivered
2859,466,2025-03-15,Debit Card,Delivered
2860,333,2025-02-05,Credit Card,Delivered
2861,110,2025-04-11,Credit Card,Delivered
2862,69,2025-06-05,Cash on Delivery,Delivered
2863,58,2025-09-12,UPI,Delivered
2864,106,2025-06-20,Credit Card,Delivered
2865,300,2025-08-04,UPI,Cancelled
2866,330,2025-06-19,UPI,Returned
2867,256,2025-09-09,Credit Card,Cancelled
2868,312,2025-12-26,Cash on Delivery,Delivered
2869,171,2025-11-18,Credit Card,Delivered
2870,383,2025-02-24,Debit Card,Delivered
2871,473,2025-04-01,UPI,Delivered
2872,162,2025-10-05,UPI,Delivered
2873,485,2025-04-11,Credit Card,Delivered
2874,286,2025-06-04,UPI,Cancelled
2875,71,2025-12-15,UPI,Delivered
2876,255,2025-12-30,Credit Card,Delivered
2877,454,2025-05-21,UPI,Delivered
2878,374,2025-06-22,UPI,Delivered
2879,55,2025-01-10,Credit Card,Delivered
2880,323,2025-08-16,Credit Card,Delivered
2881,397,2025-09-22,Cash on Delivery,Delivered
2882,3,2025-09-05,Credit Card,Delivered
2883,26,2025-09-04,UPI,Delivered
2884,313,2025-06-04,Cash on Delivery,Delivered
2885,126,2025-02-03,Debit Card,Returned
2886,408,2025-05-09,UPI,Delivered
2887,53,2025-06-09,UPI,Cancelled
2888,198,2025-03-30,Credit Card,Delivered
2889,299,2025-04-03,Credit Card,Delivered
2890,188,2025-11-23,Debit Card,Delivered
2891,186,2025-08-29,Debit Card,Delivered
2892,305,2025-11-19,Credit Card,Delivered
2893,298,2025-04-27,Cash on Delivery,Delivered
2894,204,2025-04-04,Credit Card,Returned
2895,497,2025-06-12,UPI,Delivered
2896,484,2025-04-09,Debit Card,Delivered
2897,450,2025-04-23,UPI,Delivered
2898,11,2025-12-25,Debit Card,Delivered
2899,359,2025-04-01,Cash on Delivery,Delivered
2900,354,2025-12-12,Credit Card,Delivered
2901,474,2025-07-25,Credit Card,Delivered
2902,146,2025-01-17,Credit Card,Delivered
2903,85,2025-10-01,UPI,Delivered
2904,100,2025-06-22,UPI,Delivered
2905,104,2025-04-26,Credit Card,Delivered
2906,436,2025-12-15,Debit Card,Delivered
2907,46,2025-06-30,Credit Card,Delivered
2908,44,2025-04-01,UPI,Delivered
2909,278,2025-03-23,Credit Card,Delivered
2910,181,2025-11-20,Debit Card,Delivered
2911,187,2025-04-24,Credit Card,Delivered
2912,478,2025-09-14,Credit Card,Delivered
2913,114,2025-02-27,Debit Card,Delivered
2914,491,2025-06-03,Credit Card,Delivered
2915,255,2025-12-31,UPI,Delivered
2916,381,2025-04-26,Debit Card,Delivered
2917,380,2025-12-09,UPI,Delivered
2918,30,2025-09-23,Cash on Delivery,Delivered
2919,264,2025-11-11,UPI,Delivered
2920,98,2025-07-22,UPI,Delivered
2921,313,2025-02-10,Debit Card,Delivered
2922,367,2025-04-15,UPI,Delivered
2923,329,2025-07-12,Debit Card,Delivered
2924,115,2025-10-05,Debit Card,Delivered
2925,276,2025-12-20,Debit Card,Delivered
2926,488,2025-08-25,Cash on Delivery,Delivered
2927,281,2025-08-09,UPI,Delivered
2928,275,2025-03-09,Debit Card,Delivered
2929,261,2025-07-16,UPI,Delivered
2930,331,2025-09-13,UPI,Delivered
2931,207,2025-05-19,Debit Card,Delivered
2932,384,2025-11-08,UPI,Returned
2933,328,2025-05-29,Credit Card,Delivered
2934,211,2025-04-09,Credit Card,Delivered
2935,215,2025-03-17,Credit Card,Delivered
2936,411,2025-10-09,Cash on Delivery,Delivered
2937,40,2025-04-19,UPI,Delivered
2938,480,2025-07-07,Credit Card,Delivered
2939,26,2025-07-18,Debit Card,Delivered
2940,27,2025-10-30,Credit Card,Cancelled
2941,190,2025-11-23,UPI,Delivered
2942,83,2025-06-03,Credit Card,Delivered
2943,384,2025-02-09,UPI,Delivered
2944,434,2025-05-13,UPI,Delivered
2945,170,2025-05-12,Debit Card,Delivered
2946,413,2025-10-06,Credit Card,Delivered
2947,167,2025-12-28,Cash on Delivery,Delivered
2948,188,2025-03-25,Debit Card,Delivered
2949,169,2025-08-30,Credit Card,Delivered
2950,289,2025-04-26,UPI,Delivered
2951,467,2025-04-19,UPI,Delivered
2952,229,2025-08-09,UPI,Delivered
2953,467,2025-02-10,Cash on Delivery,Delivered
2954,97,2025-05-27,UPI,Delivered
2955,367,2025-04-22,UPI,Delivered
2956,16,2025-04-13,Credit Card,Delivered
2957,279,2025-02-15,UPI,Delivered
2958,135,2025-11-20,UPI,Delivered
2959,26,2025-09-28,Credit Card,Delivered
2960,352,2025-07-14,UPI,Delivered
2961,12,2025-10-07,UPI,Delivered
2962,72,2025-10-10,UPI,Cancelled
2963,133,2025-02-09,Debit Card,Delivered
2964,106,2025-07-08,Credit Card,Delivered
2965,220,2025-06-13,UPI,Delivered
2966,373,2025-01-24,Credit Card,Delivered
2967,453,2025-01-24,UPI,Delivered
2968,177,2025-01-04,Cash on Delivery,Delivered
2969,282,2025-11-19,UPI,Delivered
2970,133,2025-10-17,Credit Card,Cancelled
2971,22,2025-06-30,Debit Card,Delivered
2972,463,2025-09-05,Debit Card,Delivered
2973,269,2025-04-26,UPI,Cancelled
2974,412,2025-10-06,UPI,Cancelled
2975,161,2025-12-31,Debit Card,Delivered
2976,107,2025-03-10,UPI,Delivered
2977,279,2025-12-17,Debit Card,Delivered
2978,353,2025-09-11,Debit Card,Delivered
2979,235,2025-06-30,Debit Card,Delivered
2980,18,2025-11-14,UPI,Delivered
2981,242,2025-06-18,Debit Card,Delivered
2982,117,2025-11-09,Credit Card,Delivered
2983,286,2025-09-06,Debit Card,Delivered
2984,282,2025-07-07,UPI,Delivered
2985,144,2025-02-23,UPI,Delivered
2986,205,2025-11-22,UPI,Delivered
2987,39,2025-12-23,UPI,Delivered
2988,417,2025-11-09,Credit Card,Delivered
2989,154,2025-05-18,Cash on Delivery,Delivered
2990,176,2025-06-17,UPI,Delivered
2991,449,2025-04-13,Debit Card,Delivered
2992,241,2025-03-26,UPI,Delivered
2993,422,2025-11-13,UPI,Delivered
2994,386,2025-07-31,UPI,Delivered
2995,369,2025-01-03,UPI,Delivered
2996,134,2025-06-28,Cash on Delivery,Delivered
2997,46,2025-12-08,UPI,Delivered
2998,50,2025-10-30,Credit Card,Delivered
2999,166,2025-11-28,Credit Card,Delivered
3000,106,2025-02-07,Cash on Delivery,Delivered
3001,216,2025-08-27,UPI,Delivered
3002,146,2025-06-18,UPI,Delivered
3003,411,2025-12-09,UPI,Delivered
3004,425,2025-11-10,UPI,Delivered
3005,72,2025-11-02,UPI,Delivered
3006,476,2025-01-30,Debit Card,Cancelled
3007,330,2025-07-09,Credit Card,Cancelled
3008,273,2025-12-23,Credit Card,Delivered
3009,247,2025-01-25,Credit Card,Delivered
3010,446,2025-04-22,UPI,Delivered
3011,413,2025-07-25,UPI,Cancelled
3012,186,2025-07-04,Cash on Delivery,Delivered
3013,70,2025-02-16,Debit Card,Delivered
3014,462,2025-08-16,Debit Card,Delivered
3015,150,2025-02-08,Debit Card,Delivered
3016,246,2025-01-16,UPI,Delivered
3017,262,2025-01-22,UPI,Delivered
3018,26,2025-08-01,UPI,Delivered
3019,423,2025-11-06,UPI,Delivered
3020,140,2025-05-29,UPI,Cancelled
3021,99,2025-08-29,Credit Card,Delivered
3022,398,2025-09-29,Credit Card,Delivered
3023,278,2025-02-28,Debit Card,Delivered
3024,51,2025-10-14,Debit Card,Delivered
3025,151,2025-07-21,Cash on Delivery,Delivered
3026,432,2025-02-01,UPI,Delivered
3027,455,2025-06-11,UPI,Delivered
3028,104,2025-09-12,Credit Card,Delivered
3029,434,2025-09-11,UPI,Delivered
3030,89,2025-01-09,UPI,Returned
3031,141,2025-05-19,UPI,Delivered
3032,213,2025-01-10,UPI,Delivered
3033,233,2025-08-02,Credit Card,Delivered
3034,394,2025-09-30,UPI,Delivered
3035,183,2025-11-20,Credit Card,Delivered
3036,251,2025-02-17,Credit Card,Delivered
3037,9,2025-04-21,UPI,Delivered
3038,79,2025-06-02,UPI,Delivered
3039,52,2025-05-03,UPI,Delivered
3040,386,2025-12-23,UPI,Delivered
3041,409,2025-04-12,Debit Card,Cancelled
3042,269,2025-08-29,Debit Card,Delivered
3043,226,2025-11-17,Credit Card,Delivered
3044,51,2025-07-10,UPI,Delivered
3045,186,2025-08-05,Credit Card,Delivered
3046,34,2025-02-20,Credit Card,Delivered
3047,291,2025-10-19,Credit Card,Cancelled
3048,230,2025-03-22,Credit Card,Delivered
3049,131,2025-03-29,Credit Card,Delivered
3050,490,2025-07-13,Credit Card,Delivered
3051,120,2025-04-14,Debit Card,Delivered
3052,443,2025-09-28,UPI,Delivered
3053,326,2025-04-06,Debit Card,Delivered
3054,247,2025-07-17,UPI,Delivered
3055,432,2025-01-01,UPI,Returned
3056,192,2025-06-16,Cash on Delivery,Delivered
3057,497,2025-05-06,Cash on Delivery,Delivered
3058,403,2025-11-09,UPI,Delivered
3059,323,2025-03-22,UPI,Delivered
3060,210,2025-09-08,UPI,Delivered
3061,103,2025-06-18,Credit Card,Delivered
3062,329,2025-03-14,Debit Card,Delivered
3063,372,2025-05-21,Cash on Delivery,Delivered
3064,460,2025-03-11,Credit Card,Delivered
3065,133,2025-09-19,UPI,Delivered
3066,323,2025-12-06,Credit Card,Delivered
3067,139,2025-11-04,UPI,Returned
3068,121,2025-09-02,Cash on Delivery,Delivered
3069,94,2025-01-03,Debit Card,Delivered
3070,452,2025-12-03,Credit Card,Delivered
3071,453,2025-03-04,UPI,Delivered
3072,129,2025-02-18,UPI,Delivered
3073,91,2025-03-17,UPI,Delivered
3074,92,2025-06-24,Debit Card,Delivered
3075,63,2025-04-19,Credit Card,Cancelled
3076,29,2025-07-02,UPI,Delivered
3077,210,2025-07-11,Credit Card,Delivered
3078,12,2025-03-06,Debit Card,Delivered
3079,333,2025-12-03,UPI,Delivered
3080,297,2025-09-28,Debit Card,Delivered
3081,130,2025-04-10,Debit Card,Delivered
3082,293,2025-02-01,Cash on Delivery,Delivered
3083,173,2025-12-18,UPI,Delivered
3084,208,2025-05-08,UPI,Delivered
3085,432,2025-12-05,UPI,Delivered
3086,24,2025-02-12,UPI,Delivered
3087,99,2025-03-19,UPI,Delivered
3088,406,2025-11-10,Credit Card,Delivered
3089,356,2025-10-16,Credit Card,Delivered
3090,139,2025-09-27,Debit Card,Delivered
3091,314,2025-06-11,UPI,Delivered
3092,174,2025-07-08,Credit Card,Delivered
3093,29,2025-09-04,Debit Card,Delivered
3094,419,2025-08-04,Debit Card,Delivered
3095,496,2025-11-11,Debit Card,Delivered
3096,143,2025-12-05,Debit Card,Delivered
3097,316,2025-06-17,Cash on Delivery,Returned
3098,351,2025-12-05,UPI,Delivered
3099,42,2025-07-12,Credit Card,Cancelled
3100,489,2025-10-10,UPI,Delivered
3101,299,2025-12-02,UPI,Delivered
3102,208,2025-01-13,UPI,Delivered
3103,330,2025-08-28,UPI,Delivered
3104,433,2025-11-16,UPI,Delivered
3105,192,2025-05-27,UPI,Delivered
3106,160,2025-07-23,UPI,Delivered
3107,64,2025-03-21,Cash on Delivery,Delivered
3108,243,2025-02-12,UPI,Delivered
3109,258,2025-03-30,Debit Card,Delivered
3110,152,2025-05-28,UPI,Cancelled
3111,215,2025-04-05,Cash on Delivery,Delivered
3112,322,2025-05-31,Debit Card,Delivered
3113,166,2025-01-02,Credit Card,Delivered
3114,31,2025-01-22,Credit Card,Delivered
3115,371,2025-11-09,UPI,Delivered
3116,232,2025-11-24,Cash on Delivery,Cancelled
3117,282,2025-01-07,Debit Card,Delivered
3118,29,2025-07-25,Debit Card,Cancelled
3119,195,2025-04-24,Credit Card,Delivered
3120,334,2025-09-29,UPI,Delivered
3121,256,2025-03-24,Debit Card,Delivered
3122,281,2025-06-28,UPI,Delivered
3123,304,2025-07-29,Credit Card,Cancelled
3124,321,2025-11-24,UPI,Delivered
3125,437,2025-05-04,Cash on Delivery,Delivered
3126,323,2025-04-23,UPI,Delivered
3127,346,2025-01-12,UPI,Delivered
3128,402,2025-05-06,Credit Card,Delivered
3129,393,2025-02-22,Debit Card,Delivered
3130,294,2025-11-27,Credit Card,Delivered
3131,87,2025-10-10,UPI,Delivered
3132,149,2025-05-20,UPI,Delivered
3133,249,2025-04-07,Debit Card,Delivered
3134,321,2025-01-05,Cash on Delivery,Delivered
3135,405,2025-02-26,Debit Card,Cancelled
3136,283,2025-11-30,Credit Card,Delivered
3137,362,2025-03-10,Cash on Delivery,Delivered
3138,379,2025-04-28,UPI,Cancelled
3139,198,2025-02-28,Credit Card,Delivered
3140,44,2025-02-02,Credit Card,Delivered
3141,356,2025-11-14,UPI,Delivered
3142,28,2025-02-19,Debit Card,Delivered
3143,429,2025-01-19,Credit Card,Delivered
3144,17,2025-08-02,UPI,Delivered
3145,127,2025-07-16,UPI,Delivered
3146,379,2025-02-16,UPI,Delivered
3147,168,2025-06-16,Credit Card,Delivered
3148,244,2025-10-16,UPI,Delivered
3149,387,2025-05-21,UPI,Delivered
3150,76,2025-03-25,Credit Card,Delivered
3151,231,2025-07-01,Credit Card,Delivered
3152,204,2025-03-20,Debit Card,Delivered
3153,450,2025-08-03,Credit Card,Delivered
3154,248,2025-01-14,Debit Card,Cancelled
3155,302,2025-08-03,Cash on Delivery,Cancelled
3156,214,2025-05-08,Debit Card,Delivered
3157,215,2025-11-06,Credit Card,Delivered
3158,158,2025-09-05,UPI,Delivered
3159,69,2025-01-29,Cash on Delivery,Cancelled
3160,393,2025-10-07,UPI,Delivered
3161,85,2025-12-04,UPI,Delivered
3162,267,2025-11-15,UPI,Delivered
3163,69,2025-07-21,UPI,Delivered
3164,99,2025-12-27,Cash on Delivery,Delivered
3165,347,2025-02-26,Credit Card,Delivered
3166,497,2025-08-06,Credit Card,Delivered
3167,450,2025-03-03,Credit Card,Delivered
3168,216,2025-06-06,Credit Card,Delivered
3169,415,2025-07-21,UPI,Delivered
3170,161,2025-01-17,Credit Card,Delivered
3171,423,2025-11-18,Debit Card,Delivered
3172,94,2025-01-06,UPI,Delivered
3173,174,2025-02-27,Debit Card,Delivered
3174,165,2025-11-21,UPI,Delivered
3175,115,2025-11-14,UPI,Delivered
3176,220,2025-06-18,UPI,Delivered
3177,444,2025-03-23,UPI,Delivered
3178,31,2025-08-07,Debit Card,Delivered
3179,11,2025-06-26,Debit Card,Delivered
3180,343,2025-07-23,UPI,Delivered
3181,377,2025-03-12,Credit Card,Delivered
3182,130,2025-09-23,Debit Card,Delivered
3183,488,2025-04-08,UPI,Delivered
3184,105,2025-12-11,UPI,Delivered
3185,27,2025-10-18,Cash on Delivery,Delivered
3186,227,2025-07-27,Credit Card,Delivered
3187,2,2025-01-02,Cash on Delivery,Delivered
3188,359,2025-05-04,UPI,Delivered
3189,101,2025-10-07,Debit Card,Cancelled
3190,21,2025-03-15,UPI,Cancelled
3191,58,2025-06-15,UPI,Delivered
3192,389,2025-01-22,Credit Card,Delivered
3193,180,2025-06-03,UPI,Delivered
3194,429,2025-10-22,UPI,Delivered
3195,341,2025-08-07,UPI,Delivered
3196,349,2025-06-06,UPI,Delivered
3197,20,2025-08-18,Debit Card,Cancelled
3198,255,2025-01-20,Credit Card,Delivered
3199,317,2025-02-10,UPI,Delivered
3200,38,2025-05-28,UPI,Delivered
3201,148,2025-04-18,UPI,Delivered
3202,498,2025-03-25,Credit Card,Cancelled
3203,25,2025-11-18,UPI,Delivered
3204,386,2025-11-05,Debit Card,Delivered
3205,121,2025-10-17,UPI,Delivered
3206,416,2025-11-19,UPI,Delivered
3207,26,2025-05-14,Debit Card,Delivered
3208,454,2025-07-26,Debit Card,Delivered
3209,169,2025-10-10,UPI,Delivered
3210,323,2025-09-23,Debit Card,Delivered
3211,225,2025-03-14,Credit Card,Delivered
3212,1,2025-12-18,Debit Card,Delivered
3213,307,2025-02-17,Credit Card,Delivered
3214,261,2025-11-22,Credit Card,Delivered
3215,13,2025-08-21,Cash on Delivery,Delivered
3216,403,2025-04-10,UPI,Returned
3217,396,2025-02-28,Credit Card,Cancelled
3218,48,2025-09-15,Credit Card,Delivered
3219,409,2025-03-06,UPI,Delivered
3220,313,2025-03-24,UPI,Delivered
3221,371,2025-06-03,UPI,Delivered
3222,291,2025-09-23,Credit Card,Delivered
3223,332,2025-11-05,Credit Card,Delivered
3224,94,2025-03-20,Credit Card,Delivered
3225,261,2025-11-11,UPI,Delivered
3226,482,2025-05-30,Credit Card,Returned
3227,278,2025-02-17,Cash on Delivery,Delivered
3228,359,2025-09-05,UPI,Delivered
3229,205,2025-10-05,Credit Card,Delivered
3230,185,2025-12-22,Debit Card,Returned
3231,175,2025-04-08,Debit Card,Delivered
3232,438,2025-01-25,Credit Card,Delivered
3233,387,2025-10-11,Debit Card,Cancelled
3234,380,2025-10-28,UPI,Delivered
3235,309,2025-03-09,Debit Card,Delivered
3236,468,2025-01-07,UPI,Delivered
3237,415,2025-11-01,UPI,Returned
3238,69,2025-05-17,UPI,Delivered
3239,472,2025-06-13,Debit Card,Delivered
3240,104,2025-03-24,UPI,Delivered
3241,246,2025-05-18,UPI,Delivered
3242,161,2025-03-14,UPI,Delivered
3243,200,2025-08-25,Cash on Delivery,Delivered
3244,216,2025-02-15,Debit Card,Delivered
3245,434,2025-04-16,Credit Card,Delivered
3246,212,2025-10-15,Credit Card,Delivered
3247,16,2025-09-19,Credit Card,Delivered
3248,498,2025-06-25,UPI,Delivered
3249,372,2025-06-15,Cash on Delivery,Delivered
3250,332,2025-05-25,UPI,Delivered
3251,205,2025-11-26,UPI,Delivered
3252,365,2025-10-10,UPI,Delivered
3253,490,2025-02-23,Credit Card,Delivered
3254,39,2025-06-27,Credit Card,Delivered
3255,89,2025-09-01,Credit Card,Delivered
3256,430,2025-12-07,UPI,Delivered
3257,256,2025-05-07,Credit Card,Delivered
3258,480,2025-09-28,UPI,Delivered
3259,254,2025-05-12,UPI,Returned
3260,216,2025-04-03,UPI,Delivered
3261,368,2025-03-14,Debit Card,Delivered
3262,303,2025-09-05,UPI,Delivered
3263,172,2025-12-14,Credit Card,Delivered
3264,137,2025-09-30,Debit Card,Delivered
3265,488,2025-02-12,Credit Card,Delivered
3266,498,2025-02-10,Credit Card,Delivered
3267,471,2025-06-19,UPI,Delivered
3268,384,2025-07-31,UPI,Delivered
3269,178,2025-06-17,Credit Card,Delivered
3270,77,2025-02-08,Credit Card,Delivered
3271,188,2025-09-02,Debit Card,Delivered
3272,480,2025-05-31,Debit Card,Delivered
3273,498,2025-04-21,UPI,Delivered
3274,15,2025-02-16,UPI,Delivered
3275,292,2025-03-04,Credit Card,Returned
3276,497,2025-08-13,UPI,Delivered
3277,319,2025-03-10,UPI,Delivered
3278,325,2025-10-26,Debit Card,Delivered
3279,214,2025-10-17,UPI,Delivered
3280,208,2025-10-23,Cash on Delivery,Delivered
3281,169,2025-07-22,Debit Card,Delivered
3282,330,2025-03-02,Debit Card,Cancelled
3283,280,2025-11-14,UPI,Delivered
3284,466,2025-11-10,UPI,Delivered
3285,305,2025-06-10,Credit Card,Delivered
3286,146,2025-11-27,UPI,Delivered
3287,263,2025-01-16,UPI,Delivered
3288,4,2025-12-04,UPI,Delivered
3289,90,2025-04-04,UPI,Delivered
3290,453,2025-10-31,UPI,Delivered
3291,60,2025-05-18,Debit Card,Delivered
3292,311,2025-12-04,UPI,Delivered
3293,16,2025-02-07,UPI,Delivered
3294,227,2025-05-07,Credit Card,Delivered
3295,474,2025-10-02,Cash on Delivery,Cancelled
3296,466,2025-06-13,UPI,Delivered
3297,29,2025-11-15,UPI,Delivered
3298,151,2025-03-18,Credit Card,Delivered
3299,245,2025-06-23,Cash on Delivery,Delivered
3300,270,2025-12-24,Debit Card,Delivered
3301,79,2025-11-17,Credit Card,Cancelled
3302,433,2025-04-01,UPI,Delivered
3303,289,2025-08-26,Credit Card,Delivered
3304,153,2025-09-21,UPI,Delivered
3305,277,2025-06-28,Credit Card,Cancelled
3306,401,2025-07-28,Debit Card,Cancelled
3307,279,2025-03-14,Cash on Delivery,Returned
3308,57,2025-04-17,UPI,Returned
3309,491,2025-12-11,UPI,Delivered
3310,465,2025-10-22,Credit Card,Delivered
3311,186,2025-10-11,Debit Card,Delivered
3312,398,2025-12-19,Debit Card,Delivered
3313,93,2025-07-01,UPI,Delivered
3314,276,2025-02-06,UPI,Cancelled
3315,158,2025-05-17,Credit Card,Delivered
3316,275,2025-12-04,UPI,Delivered
3317,181,2025-02-25,Debit Card,Cancelled
3318,359,2025-07-06,Credit Card,Delivered
3319,440,2025-12-07,Debit Card,Delivered
3320,77,2025-09-15,Credit Card,Delivered
3321,466,2025-02-27,Debit Card,Delivered
3322,151,2025-12-29,UPI,Delivered
3323,446,2025-05-03,Debit Card,Delivered
3324,238,2025-07-07,UPI,Delivered
3325,289,2025-08-18,Credit Card,Returned
3326,231,2025-06-17,UPI,Delivered
3327,488,2025-04-24,Credit Card,Delivered
3328,18,2025-09-09,UPI,Returned
3329,73,2025-04-17,UPI,Delivered
3330,417,2025-02-06,Cash on Delivery,Delivered
3331,416,2025-12-01,UPI,Delivered
3332,189,2025-04-02,Debit Card,Delivered
3333,438,2025-01-18,Cash on Delivery,Delivered
3334,17,2025-12-20,UPI,Delivered
3335,19,2025-03-04,Credit Card,Delivered
3336,219,2025-05-30,UPI,Delivered
3337,326,2025-05-19,UPI,Delivered
3338,483,2025-07-05,UPI,Delivered
3339,120,2025-07-04,Cash on Delivery,Delivered
3340,101,2025-07-24,UPI,Cancelled
3341,34,2025-09-17,Credit Card,Delivered
3342,84,2025-08-02,Credit Card,Delivered
3343,409,2025-09-13,Debit Card,Delivered
3344,196,2025-05-15,UPI,Delivered
3345,330,2025-03-02,Credit Card,Delivered
3346,202,2025-12-29,Credit Card,Delivered
3347,344,2025-11-06,Credit Card,Delivered
3348,341,2025-03-29,Cash on Delivery,Delivered
3349,11,2025-11-20,Debit Card,Delivered
3350,347,2025-07-26,UPI,Delivered
3351,400,2025-05-09,Credit Card,Delivered
3352,218,2025-11-07,UPI,Delivered
3353,445,2025-01-03,UPI,Delivered
3354,253,2025-08-30,Credit Card,Delivered
3355,222,2025-05-01,UPI,Delivered
3356,383,2025-04-12,UPI,Delivered
3357,369,2025-02-07,Cash on Delivery,Delivered
3358,80,2025-12-07,UPI,Delivered
3359,7,2025-05-13,Cash on Delivery,Delivered
3360,272,2025-07-21,Credit Card,Delivered
3361,227,2025-12-14,Credit Card,Delivered
3362,16,2025-01-21,Debit Card,Delivered
3363,424,2025-08-30,UPI,Delivered
3364,12,2025-04-19,UPI,Returned
3365,291,2025-10-30,UPI,Cancelled
3366,241,2025-03-25,UPI,Delivered
3367,21,2025-03-24,Cash on Delivery,Cancelled
3368,178,2025-10-18,Debit Card,Delivered
3369,427,2025-03-10,UPI,Delivered
3370,228,2025-05-09,UPI,Delivered
3371,496,2025-07-15,UPI,Delivered
3372,273,2025-05-20,UPI,Cancelled
3373,288,2025-10-10,Credit Card,Delivered
3374,297,2025-11-08,UPI,Returned
3375,134,2025-08-22,Credit Card,Delivered
3376,472,2025-01-23,UPI,Delivered
3377,283,2025-06-02,UPI,Delivered
3378,404,2025-10-04,Credit Card,Delivered
3379,153,2025-03-02,Credit Card,Delivered
3380,66,2025-11-15,Cash on Delivery,Delivered
3381,137,2025-02-21,Debit Card,Cancelled
3382,92,2025-12-10,UPI,Delivered
3383,437,2025-06-02,UPI,Delivered
3384,317,2025-08-25,Debit Card,Delivered
3385,422,2025-11-07,Cash on Delivery,Returned
3386,259,2025-10-29,Debit Card,Delivered
3387,468,2025-02-01,UPI,Delivered
3388,454,2025-02-24,Cash on Delivery,Delivered
3389,103,2025-12-18,UPI,Delivered
3390,481,2025-02-05,Debit Card,Delivered
3391,55,2025-04-20,Cash on Delivery,Delivered
3392,257,2025-06-26,UPI,Cancelled
3393,101,2025-12-28,Cash on Delivery,Delivered
3394,198,2025-11-10,UPI,Delivered
3395,301,2025-10-22,Cash on Delivery,Returned
3396,226,2025-12-02,UPI,Delivered
3397,431,2025-04-07,Cash on Delivery,Delivered
3398,463,2025-08-01,UPI,Delivered
3399,237,2025-11-13,Debit Card,Delivered
3400,26,2025-05-17,Credit Card,Delivered
3401,121,2025-01-06,Credit Card,Delivered
3402,398,2025-04-19,UPI,Delivered
3403,182,2025-02-04,Debit Card,Delivered
3404,199,2025-02-08,UPI,Delivered
3405,302,2025-05-30,Credit Card,Delivered
3406,255,2025-04-28,UPI,Delivered
3407,122,2025-09-18,Cash on Delivery,Delivered
3408,31,2025-03-28,UPI,Cancelled
3409,472,2025-03-17,UPI,Delivered
3410,315,2025-11-09,UPI,Delivered
3411,479,2025-08-02,UPI,Delivered
3412,285,2025-10-12,UPI,Delivered
3413,106,2025-08-27,Credit Card,Returned
3414,224,2025-06-14,Debit Card,Delivered
3415,273,2025-03-28,Debit Card,Delivered
3416,398,2025-05-21,Credit Card,Cancelled
3417,232,2025-06-09,UPI,Delivered
3418,420,2025-02-15,Credit Card,Delivered
3419,256,2025-04-22,UPI,Delivered
3420,442,2025-02-14,Debit Card,Delivered
3421,496,2025-09-04,UPI,Delivered
3422,24,2025-04-14,UPI,Delivered
3423,109,2025-03-26,UPI,Delivered
3424,191,2025-05-14,Debit Card,Delivered
3425,347,2025-04-18,UPI,Delivered
3426,25,2025-01-18,Credit Card,Delivered
3427,187,2025-04-04,UPI,Delivered
3428,288,2025-05-30,Debit Card,Delivered
3429,116,2025-09-03,Cash on Delivery,Delivered
3430,338,2025-10-16,UPI,Delivered
3431,366,2025-07-28,Credit Card,Delivered
3432,402,2025-05-06,Cash on Delivery,Delivered
3433,37,2025-08-23,Credit Card,Delivered
3434,282,2025-05-02,Credit Card,Delivered
3435,137,2025-05-18,Credit Card,Delivered
3436,227,2025-04-25,Credit Card,Delivered
3437,320,2025-06-11,UPI,Delivered
3438,328,2025-07-20,Debit Card,Cancelled
3439,404,2025-08-22,UPI,Delivered
3440,182,2025-01-28,UPI,Delivered
3441,362,2025-01-11,Debit Card,Delivered
3442,86,2025-07-25,UPI,Cancelled
3443,467,2025-06-16,UPI,Delivered
3444,414,2025-09-04,Credit Card,Delivered
3445,53,2025-02-16,Debit Card,Cancelled
3446,348,2025-09-03,Debit Card,Delivered
3447,355,2025-05-07,Cash on Delivery,Delivered
3448,235,2025-05-27,Debit Card,Delivered
3449,447,2025-04-28,UPI,Delivered
3450,267,2025-06-01,UPI,Delivered
3451,287,2025-03-13,Debit Card,Cancelled
3452,433,2025-12-29,UPI,Delivered
3453,496,2025-05-17,Credit Card,Delivered
3454,487,2025-06-24,Credit Card,Delivered
3455,100,2025-10-16,UPI,Delivered
3456,478,2025-01-19,Cash on Delivery,Delivered
3457,87,2025-07-14,Credit Card,Delivered
3458,403,2025-11-26,Credit Card,Delivered
3459,396,2025-06-24,Cash on Delivery,Delivered
3460,15,2025-12-20,Credit Card,Delivered
3461,415,2025-05-21,UPI,Delivered
3462,427,2025-09-03,Credit Card,Delivered
3463,101,2025-04-03,Debit Card,Delivered
3464,165,2025-08-27,Debit Card,Delivered
3465,463,2025-07-24,Debit Card,Cancelled
3466,29,2025-02-17,Debit Card,Delivered
3467,114,2025-09-02,UPI,Delivered
3468,107,2025-11-16,Debit Card,Delivered
3469,410,2025-11-13,Debit Card,Cancelled
3470,364,2025-10-22,UPI,Delivered
3471,130,2025-05-08,UPI,Delivered
3472,84,2025-12-10,Cash on Delivery,Delivered
3473,271,2025-10-09,Debit Card,Delivered
3474,244,2025-01-17,Debit Card,Cancelled
3475,388,2025-03-12,Debit Card,Delivered
3476,214,2025-09-26,Credit Card,Delivered
3477,306,2025-11-21,Credit Card,Delivered
3478,166,2025-10-09,Credit Card,Delivered
3479,279,2025-11-01,UPI,Cancelled
3480,59,2025-01-07,Debit Card,Delivered
3481,90,2025-11-10,Credit Card,Delivered
3482,371,2025-11-01,Credit Card,Delivered
3483,331,2025-04-13,Credit Card,Delivered
3484,412,2025-11-05,Credit Card,Delivered
3485,194,2025-07-12,UPI,Delivered
3486,123,2025-08-29,UPI,Delivered
3487,136,2025-03-03,UPI,Delivered
3488,413,2025-01-17,UPI,Delivered
3489,139,2025-06-20,Cash on Delivery,Cancelled
3490,229,2025-01-25,UPI,Delivered
3491,274,2025-09-08,UPI,Delivered
3492,439,2025-09-10,Credit Card,Delivered
3493,50,2025-07-26,Credit Card,Delivered
3494,398,2025-01-29,UPI,Delivered
3495,118,2025-04-27,Debit Card,Delivered
3496,202,2025-10-09,Debit Card,Delivered
3497,483,2025-05-24,UPI,Cancelled
3498,393,2025-01-25,UPI,Delivered
3499,483,2025-11-06,Cash on Delivery,Delivered
3500,395,2025-06-05,Debit Card,Delivered
3501,191,2025-03-14,Credit Card,Delivered
3502,364,2025-04-30,UPI,Delivered
3503,460,2025-11-08,UPI,Delivered
3504,323,2025-11-17,Credit Card,Delivered
3505,181,2025-04-03,UPI,Delivered
3506,423,2025-03-27,UPI,Delivered
3507,78,2025-12-02,Credit Card,Delivered
3508,440,2025-12-30,UPI,Delivered
3509,412,2025-04-28,Debit Card,Cancelled
3510,75,2025-08-21,Debit Card,Delivered
3511,295,2025-07-18,UPI,Delivered
3512,281,2025-07-25,Debit Card,Delivered
3513,21,2025-12-05,UPI,Cancelled
3514,394,2025-05-27,Debit Card,Delivered
3515,171,2025-09-28,UPI,Delivered
3516,15,2025-05-19,UPI,Returned
3517,211,2025-06-30,Credit Card,Delivered
3518,48,2025-01-30,Credit Card,Delivered
3519,86,2025-02-26,Cash on Delivery,Delivered
3520,149,2025-08-20,UPI,Delivered
3521,188,2025-05-26,UPI,Delivered
3522,372,2025-02-17,Credit Card,Delivered
3523,492,2025-07-13,Credit Card,Delivered
3524,480,2025-08-12,UPI,Delivered
3525,306,2025-05-16,Credit Card,Cancelled
3526,151,2025-01-22,Debit Card,Delivered
3527,141,2025-01-06,Debit Card,Delivered
3528,69,2025-07-23,Cash on Delivery,Delivered
3529,260,2025-08-27,UPI,Delivered
3530,476,2025-07-04,Debit Card,Delivered
3531,334,2025-12-26,UPI,Delivered
3532,456,2025-10-19,Credit Card,Delivered
3533,9,2025-12-01,Credit Card,Delivered
3534,121,2025-08-08,Cash on Delivery,Delivered
3535,371,2025-04-26,Debit Card,Delivered
3536,419,2025-11-09,Cash on Delivery,Delivered
3537,101,2025-02-18,Debit Card,Returned
3538,149,2025-06-22,Cash on Delivery,Delivered
3539,442,2025-03-23,Debit Card,Delivered
3540,146,2025-11-18,Credit Card,Delivered
3541,353,2025-11-29,UPI,Cancelled
3542,456,2025-02-14,UPI,Delivered
3543,243,2025-12-01,UPI,Delivered
3544,241,2025-01-20,Credit Card,Delivered
3545,337,2025-08-09,Credit Card,Delivered
3546,43,2025-05-03,Credit Card,Delivered
3547,95,2025-08-22,Cash on Delivery,Delivered
3548,226,2025-08-09,Cash on Delivery,Delivered
3549,6,2025-11-19,UPI,Delivered
3550,214,2025-12-05,UPI,Delivered
3551,206,2025-01-03,UPI,Cancelled
3552,67,2025-07-01,UPI,Delivered
3553,396,2025-07-25,Debit Card,Delivered
3554,100,2025-11-16,Credit Card,Delivered
3555,12,2025-02-09,Credit Card,Delivered
3556,237,2025-02-28,Debit Card,Delivered
3557,322,2025-03-03,Debit Card,Delivered
3558,258,2025-05-12,UPI,Delivered
3559,399,2025-03-01,Debit Card,Delivered
3560,407,2025-11-27,UPI,Delivered
3561,413,2025-05-02,UPI,Delivered
3562,337,2025-04-17,UPI,Delivered
3563,480,2025-04-06,Credit Card,Returned
3564,135,2025-12-13,UPI,Delivered
3565,222,2025-08-23,UPI,Delivered
3566,156,2025-03-03,Credit Card,Delivered
3567,142,2025-09-13,Debit Card,Delivered
3568,428,2025-02-18,UPI,Delivered
3569,158,2025-12-14,UPI,Delivered
3570,465,2025-06-08,Debit Card,Delivered
3571,416,2025-05-04,UPI,Delivered
3572,494,2025-11-13,Cash on Delivery,Delivered
3573,326,2025-07-26,Credit Card,Delivered
3574,371,2025-02-17,UPI,Delivered
3575,344,2025-05-16,UPI,Delivered
3576,262,2025-07-20,UPI,Delivered
3577,283,2025-09-07,UPI,Delivered
3578,338,2025-11-10,UPI,Delivered
3579,344,2025-12-23,Credit Card,Delivered
3580,229,2025-11-14,UPI,Delivered
3581,376,2025-10-22,Credit Card,Delivered
3582,280,2025-11-10,Credit Card,Delivered
3583,358,2025-07-28,UPI,Delivered
3584,290,2025-12-21,UPI,Delivered
3585,168,2025-07-30,UPI,Returned
3586,47,2025-07-11,UPI,Delivered
3587,463,2025-02-13,Debit Card,Delivered
3588,203,2025-01-29,UPI,Cancelled
3589,214,2025-02-28,Debit Card,Delivered
3590,246,2025-03-12,UPI,Delivered
3591,24,2025-04-02,Credit Card,Delivered
3592,321,2025-09-22,Credit Card,Delivered
3593,274,2025-08-08,Debit Card,Delivered
3594,44,2025-08-03,UPI,Delivered
3595,332,2025-10-04,UPI,Delivered
3596,313,2025-03-05,Credit Card,Delivered
3597,363,2025-12-12,UPI,Cancelled
3598,156,2025-10-19,UPI,Delivered
3599,488,2025-09-02,Credit Card,Delivered
3600,380,2025-03-03,Credit Card,Delivered
3601,199,2025-11-28,Credit Card,Delivered
3602,407,2025-06-19,Credit Card,Delivered
3603,469,2025-09-26,Debit Card,Delivered
3604,162,2025-09-24,Debit Card,Delivered
3605,395,2025-02-23,Credit Card,Delivered
3606,470,2025-01-16,Credit Card,Returned
3607,234,2025-01-08,Debit Card,Delivered
3608,163,2025-04-14,UPI,Delivered
3609,116,2025-02-28,UPI,Delivered
3610,93,2025-11-09,Debit Card,Delivered
3611,42,2025-02-09,Credit Card,Delivered
3612,284,2025-08-25,UPI,Delivered
3613,379,2025-04-04,Debit Card,Delivered
3614,210,2025-08-10,UPI,Delivered
3615,206,2025-07-23,Debit Card,Delivered
3616,466,2025-05-18,Debit Card,Delivered
3617,220,2025-10-27,Cash on Delivery,Cancelled
3618,280,2025-07-26,UPI,Delivered
3619,136,2025-12-02,Credit Card,Delivered
3620,106,2025-03-22,UPI,Cancelled
3621,118,2025-08-06,UPI,Delivered
3622,237,2025-01-02,UPI,Delivered
3623,309,2025-06-27,Credit Card,Delivered
3624,456,2025-12-12,Credit Card,Delivered
3625,388,2025-10-06,UPI,Delivered
3626,475,2025-05-26,Credit Card,Delivered
3627,100,2025-11-14,Debit Card,Delivered
3628,261,2025-08-12,Debit Card,Delivered
3629,481,2025-03-03,Cash on Delivery,Delivered
3630,305,2025-10-21,UPI,Delivered
3631,354,2025-08-27,Cash on Delivery,Delivered
3632,286,2025-07-14,Debit Card,Delivered
3633,328,2025-06-15,UPI,Delivered
3634,103,2025-08-10,UPI,Delivered
3635,63,2025-03-02,UPI,Delivered
3636,175,2025-05-09,UPI,Delivered
3637,282,2025-06-22,Credit Card,Delivered
3638,441,2025-06-05,Credit Card,Delivered
3639,293,2025-04-20,Debit Card,Delivered
3640,226,2025-09-26,Credit Card,Delivered
3641,7,2025-12-22,UPI,Cancelled
3642,127,2025-10-05,Debit Card,Cancelled
3643,424,2025-03-15,UPI,Cancelled
3644,92,2025-07-26,Cash on Delivery,Cancelled
3645,423,2025-10-06,UPI,Delivered
3646,190,2025-11-22,Cash on Delivery,Delivered
3647,359,2025-12-06,UPI,Delivered
3648,476,2025-12-23,UPI,Delivered
3649,462,2025-12-06,UPI,Delivered
3650,53,2025-07-23,Debit Card,Delivered
3651,242,2025-06-10,Debit Card,Delivered
3652,486,2025-01-28,UPI,Delivered
3653,132,2025-09-14,Cash on Delivery,Delivered
3654,490,2025-06-14,Credit Card,Delivered
3655,466,2025-03-04,Credit Card,Cancelled
3656,364,2025-01-22,Debit Card,Delivered
3657,112,2025-03-11,UPI,Cancelled
3658,409,2025-04-06,UPI,Delivered
3659,7,2025-06-12,Cash on Delivery,Delivered
3660,230,2025-03-20,Cash on Delivery,Delivered
3661,156,2025-01-05,Cash on Delivery,Delivered
3662,197,2025-11-12,Cash on Delivery,Delivered
3663,323,2025-04-30,UPI,Delivered
3664,364,2025-10-29,Debit Card,Delivered
3665,223,2025-06-27,UPI,Cancelled
3666,367,2025-06-25,Cash on Delivery,Delivered
3667,490,2025-08-05,Credit Card,Delivered
3668,250,2025-02-25,Credit Card,Delivered
3669,404,2025-07-06,Credit Card,Delivered
3670,83,2025-08-20,UPI,Delivered
3671,240,2025-09-12,UPI,Delivered
3672,380,2025-04-14,Debit Card,Delivered
3673,395,2025-03-18,Debit Card,Delivered
3674,360,2025-08-18,UPI,Delivered
3675,323,2025-09-15,Debit Card,Delivered
3676,471,2025-09-21,Credit Card,Delivered
3677,263,2025-11-27,UPI,Delivered
3678,407,2025-07-01,UPI,Delivered
3679,189,2025-09-13,Debit Card,Delivered
3680,455,2025-02-07,Debit Card,Delivered
3681,366,2025-06-25,Credit Card,Delivered
3682,290,2025-01-27,Credit Card,Delivered
3683,362,2025-10-03,UPI,Delivered
3684,403,2025-05-20,Credit Card,Delivered
3685,58,2025-10-26,UPI,Delivered
3686,9,2025-10-14,UPI,Returned
3687,304,2025-04-01,Credit Card,Delivered
3688,115,2025-03-02,Cash on Delivery,Delivered
3689,210,2025-12-31,UPI,Delivered
3690,41,2025-12-13,UPI,Delivered
3691,304,2025-06-12,Credit Card,Delivered
3692,173,2025-12-17,Debit Card,Delivered
3693,234,2025-05-23,Debit Card,Delivered
3694,281,2025-09-10,Debit Card,Delivered
3695,372,2025-09-26,Credit Card,Delivered
3696,78,2025-10-18,Debit Card,Delivered
3697,108,2025-07-06,UPI,Delivered
3698,281,2025-10-31,UPI,Delivered
3699,403,2025-10-18,UPI,Cancelled
3700,39,2025-03-27,Credit Card,Delivered
3701,119,2025-06-15,Cash on Delivery,Delivered
3702,335,2025-04-24,Debit Card,Delivered
3703,336,2025-12-22,UPI,Returned
3704,27,2025-07-02,UPI,Delivered
3705,104,2025-07-26,UPI,Delivered
3706,74,2025-09-13,UPI,Delivered
3707,191,2025-08-23,Credit Card,Delivered
3708,324,2025-12-21,Cash on Delivery,Delivered
3709,499,2025-01-03,Cash on Delivery,Delivered
3710,147,2025-07-27,Credit Card,Delivered
3711,255,2025-07-16,Debit Card,Delivered
3712,284,2025-12-07,Credit Card,Cancelled
3713,213,2025-05-05,UPI,Cancelled
3714,123,2025-05-18,Credit Card,Delivered
3715,495,2025-12-05,Credit Card,Delivered
3716,206,2025-01-25,Debit Card,Delivered
3717,417,2025-03-09,UPI,Returned
3718,240,2025-03-02,UPI,Delivered
3719,394,2025-01-29,UPI,Delivered
3720,339,2025-01-19,Cash on Delivery,Delivered
3721,286,2025-06-20,UPI,Delivered
3722,22,2025-03-15,Debit Card,Delivered
3723,259,2025-03-02,Debit Card,Delivered
3724,357,2025-06-02,UPI,Delivered
3725,105,2025-10-03,Credit Card,Delivered
3726,466,2025-02-17,Debit Card,Delivered
3727,459,2025-07-30,Credit Card,Cancelled
3728,432,2025-12-09,Cash on Delivery,Delivered
3729,258,2025-05-19,UPI,Delivered
3730,204,2025-04-20,UPI,Cancelled
3731,310,2025-07-02,Debit Card,Delivered
3732,262,2025-01-28,Debit Card,Delivered
3733,107,2025-07-16,Cash on Delivery,Delivered
3734,251,2025-07-10,Credit Card,Delivered
3735,424,2025-11-11,Cash on Delivery,Delivered
3736,492,2025-02-20,Debit Card,Delivered
3737,221,2025-05-29,Debit Card,Delivered
3738,379,2025-09-25,Credit Card,Delivered
3739,222,2025-02-19,UPI,Delivered
3740,258,2025-09-03,Cash on Delivery,Delivered
3741,201,2025-04-23,UPI,Delivered
3742,367,2025-06-19,Credit Card,Returned
3743,258,2025-06-15,UPI,Delivered
3744,349,2025-01-14,Credit Card,Delivered
3745,225,2025-07-22,Credit Card,Delivered
3746,202,2025-10-15,UPI,Delivered
3747,226,2025-07-08,Debit Card,Delivered
3748,236,2025-06-04,UPI,Delivered
3749,183,2025-02-24,Credit Card,Delivered
3750,200,2025-07-01,UPI,Delivered
3751,357,2025-07-29,UPI,Delivered
3752,246,2025-03-16,UPI,Delivered
3753,444,2025-10-04,Debit Card,Delivered
3754,353,2025-05-13,UPI,Delivered
3755,111,2025-12-09,Cash on Delivery,Delivered
3756,6,2025-02-28,UPI,Delivered
3757,236,2025-12-11,UPI,Delivered
3758,127,2025-07-01,UPI,Delivered
3759,104,2025-12-05,UPI,Cancelled
3760,237,2025-11-17,Debit Card,Delivered
3761,403,2025-03-05,Debit Card,Delivered
3762,480,2025-11-23,Credit Card,Delivered
3763,155,2025-09-17,UPI,Cancelled
3764,257,2025-07-12,UPI,Delivered
3765,235,2025-05-23,Credit Card,Delivered
3766,500,2025-04-14,Cash on Delivery,Delivered
3767,289,2025-08-02,UPI,Delivered
3768,40,2025-08-30,Debit Card,Delivered
3769,288,2025-07-28,UPI,Delivered
3770,197,2025-04-03,UPI,Delivered
3771,273,2025-05-22,Credit Card,Cancelled
3772,382,2025-04-22,UPI,Delivered
3773,264,2025-02-28,Debit Card,Delivered
3774,57,2025-02-12,UPI,Cancelled
3775,298,2025-07-26,Debit Card,Delivered
3776,98,2025-09-25,UPI,Delivered
3777,137,2025-10-23,Cash on Delivery,Delivered
3778,376,2025-04-28,UPI,Delivered
3779,87,2025-01-20,Debit Card,Delivered
3780,419,2025-08-10,Debit Card,Delivered
3781,242,2025-06-15,Cash on Delivery,Delivered
3782,199,2025-05-11,Credit Card,Delivered
3783,463,2025-06-05,Debit Card,Delivered
3784,437,2025-07-03,UPI,Delivered
3785,310,2025-03-31,UPI,Delivered
3786,84,2025-04-04,UPI,Delivered
3787,242,2025-01-13,UPI,Delivered
3788,281,2025-11-18,Cash on Delivery,Delivered
3789,323,2025-10-20,UPI,Delivered
3790,252,2025-08-18,Credit Card,Delivered
3791,190,2025-11-18,Credit Card,Delivered
3792,439,2025-10-19,Credit Card,Delivered
3793,430,2025-01-26,Credit Card,Delivered
3794,152,2025-03-16,UPI,Delivered
3795,482,2025-12-30,Credit Card,Delivered
3796,302,2025-10-26,UPI,Cancelled
3797,278,2025-05-30,Cash on Delivery,Delivered
3798,139,2025-05-28,Debit Card,Delivered
3799,176,2025-01-08,Cash on Delivery,Delivered
3800,8,2025-01-29,UPI,Cancelled
3801,295,2025-10-23,UPI,Delivered
3802,235,2025-07-28,UPI,Delivered
3803,163,2025-05-08,UPI,Delivered
3804,49,2025-12-06,UPI,Delivered
3805,302,2025-04-26,Credit Card,Delivered
3806,38,2025-05-24,UPI,Delivered
3807,136,2025-11-14,Credit Card,Delivered
3808,310,2025-08-23,Debit Card,Delivered
3809,421,2025-01-07,Credit Card,Cancelled
3810,219,2025-02-14,UPI,Delivered
3811,348,2025-08-27,UPI,Delivered
3812,296,2025-06-04,Credit Card,Delivered
3813,34,2025-06-30,UPI,Delivered
3814,352,2025-08-03,Credit Card,Delivered
3815,79,2025-03-29,UPI,Delivered
3816,236,2025-09-13,Debit Card,Delivered
3817,383,2025-03-14,Debit Card,Cancelled
3818,273,2025-06-28,Credit Card,Delivered
3819,161,2025-07-31,UPI,Delivered
3820,175,2025-10-20,UPI,Delivered
3821,366,2025-08-22,Debit Card,Delivered
3822,308,2025-08-27,Credit Card,Delivered
3823,374,2025-08-11,UPI,Delivered
3824,464,2025-04-29,UPI,Delivered
3825,221,2025-11-09,UPI,Delivered
3826,9,2025-09-21,Debit Card,Delivered
3827,289,2025-07-26,UPI,Cancelled
3828,444,2025-04-05,Credit Card,Delivered
3829,113,2025-08-10,Credit Card,Delivered
3830,477,2025-10-03,Credit Card,Delivered
3831,205,2025-08-19,Debit Card,Delivered
3832,405,2025-11-05,Debit Card,Delivered
3833,186,2025-04-29,Credit Card,Delivered
3834,341,2025-09-25,UPI,Delivered
3835,197,2025-09-30,UPI,Delivered
3836,266,2025-03-05,Credit Card,Delivered
3837,262,2025-10-25,Credit Card,Delivered
3838,248,2025-12-16,Credit Card,Delivered
3839,115,2025-01-11,UPI,Cancelled
3840,121,2025-04-08,Credit Card,Delivered
3841,141,2025-03-12,UPI,Delivered
3842,65,2025-12-30,Debit Card,Delivered
3843,276,2025-02-27,UPI,Delivered
3844,313,2025-10-17,Debit Card,Delivered
3845,239,2025-09-08,UPI,Delivered
3846,302,2025-10-03,UPI,Delivered
3847,392,2025-02-19,Debit Card,Delivered
3848,10,2025-12-24,UPI,Delivered
3849,457,2025-08-04,Debit Card,Delivered
3850,369,2025-02-21,Credit Card,Delivered
3851,233,2025-09-28,Credit Card,Delivered
3852,195,2025-03-25,UPI,Delivered
3853,395,2025-10-20,Credit Card,Delivered
3854,12,2025-05-06,Credit Card,Delivered
3855,394,2025-10-23,Credit Card,Delivered
3856,409,2025-03-13,Credit Card,Delivered
3857,177,2025-10-23,UPI,Delivered
3858,177,2025-08-24,UPI,Cancelled
3859,217,2025-02-25,UPI,Returned
3860,11,2025-12-26,UPI,Delivered
3861,446,2025-04-20,UPI,Cancelled
3862,118,2025-07-11,Debit Card,Delivered
3863,164,2025-04-03,Debit Card,Delivered
3864,39,2025-12-16,UPI,Returned
3865,53,2025-02-25,Cash on Delivery,Delivered
3866,218,2025-03-01,Credit Card,Delivered
3867,206,2025-05-18,Cash on Delivery,Delivered
3868,487,2025-02-08,Debit Card,Delivered
3869,312,2025-01-28,Debit Card,Delivered
3870,360,2025-02-18,UPI,Delivered
3871,385,2025-05-05,UPI,Delivered
3872,56,2025-01-13,UPI,Delivered
3873,118,2025-02-05,Debit Card,Delivered
3874,388,2025-04-11,UPI,Returned
3875,253,2025-10-09,Debit Card,Delivered
3876,286,2025-03-27,UPI,Delivered
3877,268,2025-01-04,Debit Card,Delivered
3878,291,2025-08-11,UPI,Delivered
3879,333,2025-12-04,UPI,Delivered
3880,180,2025-06-15,UPI,Delivered
3881,415,2025-12-10,UPI,Delivered
3882,358,2025-10-05,UPI,Cancelled
3883,235,2025-05-10,Debit Card,Delivered
3884,343,2025-01-31,UPI,Delivered
3885,196,2025-01-11,UPI,Delivered
3886,308,2025-10-29,Debit Card,Delivered
3887,80,2025-04-06,UPI,Delivered
3888,135,2025-07-09,Cash on Delivery,Delivered
3889,22,2025-07-11,Cash on Delivery,Delivered
3890,477,2025-09-23,UPI,Delivered
3891,331,2025-05-08,UPI,Delivered
3892,440,2025-08-26,UPI,Delivered
3893,225,2025-12-21,Debit Card,Cancelled
3894,58,2025-04-22,Credit Card,Delivered
3895,93,2025-11-12,Credit Card,Delivered
3896,192,2025-12-09,Debit Card,Delivered
3897,103,2025-05-25,UPI,Delivered
3898,396,2025-03-06,Debit Card,Delivered
3899,7,2025-09-04,Debit Card,Delivered
3900,128,2025-08-11,Credit Card,Delivered
3901,55,2025-11-09,Debit Card,Delivered
3902,231,2025-04-16,Debit Card,Cancelled
3903,362,2025-06-30,UPI,Delivered
3904,62,2025-07-03,UPI,Delivered
3905,240,2025-08-14,Credit Card,Delivered
3906,90,2025-09-22,UPI,Cancelled
3907,232,2025-10-05,Cash on Delivery,Delivered
3908,457,2025-03-30,UPI,Delivered
3909,233,2025-06-25,Credit Card,Delivered
3910,354,2025-01-18,Credit Card,Delivered
3911,493,2025-04-16,UPI,Delivered
3912,333,2025-09-28,Cash on Delivery,Delivered
3913,439,2025-11-15,Debit Card,Delivered
3914,375,2025-06-16,Credit Card,Delivered
3915,292,2025-01-13,UPI,Delivered
3916,345,2025-12-03,UPI,Delivered
3917,152,2025-02-01,UPI,Delivered
3918,428,2025-02-09,UPI,Delivered
3919,145,2025-05-28,Credit Card,Delivered
3920,130,2025-08-06,Cash on Delivery,Delivered
3921,141,2025-08-07,Credit Card,Cancelled
3922,415,2025-03-23,Debit Card,Delivered
3923,93,2025-11-29,Credit Card,Cancelled
3924,114,2025-07-27,Credit Card,Cancelled
3925,284,2025-07-20,Debit Card,Delivered
3926,444,2025-11-28,Credit Card,Cancelled
3927,411,2025-02-07,Debit Card,Delivered
3928,143,2025-07-30,UPI,Delivered
3929,223,2025-11-23,UPI,Delivered
3930,232,2025-09-06,Debit Card,Delivered
3931,463,2025-08-15,Credit Card,Delivered
3932,33,2025-02-17,Debit Card,Delivered
3933,276,2025-01-18,Cash on Delivery,Delivered
3934,170,2025-10-22,UPI,Delivered
3935,140,2025-07-15,Credit Card,Delivered
3936,357,2025-07-06,UPI,Delivered
3937,201,2025-12-11,Credit Card,Delivered
3938,23,2025-08-12,Debit Card,Cancelled
3939,456,2025-11-14,UPI,Delivered
3940,224,2025-12-31,Credit Card,Delivered
3941,368,2025-12-03,Debit Card,Delivered
3942,270,2025-08-17,UPI,Delivered
3943,347,2025-03-18,Debit Card,Delivered
3944,153,2025-07-07,Credit Card,Delivered
3945,333,2025-12-12,Cash on Delivery,Delivered
3946,85,2025-09-27,UPI,Returned
3947,109,2025-04-05,UPI,Delivered
3948,31,2025-11-06,Credit Card,Delivered
3949,229,2025-05-12,UPI,Delivered
3950,240,2025-02-08,Cash on Delivery,Delivered
3951,378,2025-03-13,UPI,Delivered
3952,363,2025-10-08,Debit Card,Cancelled
3953,310,2025-11-29,Credit Card,Cancelled
3954,389,2025-06-09,UPI,Delivered
3955,141,2025-07-06,UPI,Delivered
3956,156,2025-07-10,Credit Card,Delivered
3957,299,2025-04-30,Credit Card,Delivered
3958,345,2025-08-08,UPI,Delivered
3959,371,2025-02-22,Cash on Delivery,Delivered
3960,99,2025-08-10,UPI,Cancelled
3961,47,2025-05-11,UPI,Delivered
3962,487,2025-08-25,Credit Card,Delivered
3963,327,2025-09-03,UPI,Delivered
3964,422,2025-08-14,Cash on Delivery,Delivered
3965,480,2025-07-27,UPI,Delivered
3966,67,2025-04-06,UPI,Delivered
3967,62,2025-07-19,UPI,Delivered
3968,109,2025-09-04,Credit Card,Delivered
3969,167,2025-03-13,Credit Card,Delivered
3970,37,2025-11-14,Credit Card,Delivered
3971,119,2025-07-04,UPI,Delivered
3972,498,2025-01-06,UPI,Delivered
3973,86,2025-07-25,Debit Card,Delivered
3974,382,2025-02-01,UPI,Cancelled
3975,392,2025-04-09,Debit Card,Delivered
3976,465,2025-09-13,UPI,Delivered
3977,52,2025-07-06,Debit Card,Delivered
3978,91,2025-03-17,UPI,Delivered
3979,289,2025-06-26,Credit Card,Delivered
3980,494,2025-11-11,UPI,Delivered
3981,337,2025-10-14,UPI,Delivered
3982,298,2025-12-15,UPI,Cancelled
3983,204,2025-09-12,UPI,Delivered
3984,368,2025-11-21,UPI,Delivered
3985,238,2025-07-09,Credit Card,Delivered
3986,382,2025-11-04,Credit Card,Delivered
3987,155,2025-12-11,Debit Card,Delivered
3988,240,2025-05-07,Credit Card,Delivered
3989,136,2025-10-14,Credit Card,Delivered
3990,407,2025-09-11,UPI,Delivered
3991,362,2025-08-01,Credit Card,Cancelled
3992,381,2025-09-07,UPI,Delivered
3993,369,2025-03-25,Debit Card,Delivered
3994,64,2025-01-13,UPI,Delivered
3995,123,2025-02-14,UPI,Cancelled
3996,254,2025-05-07,Credit Card,Delivered
3997,477,2025-04-24,UPI,Delivered
3998,114,2025-10-03,Debit Card,Delivered
3999,20,2025-07-24,Debit Card,Delivered
4000,16,2025-12-03,UPI,Delivered
4001,145,2025-09-30,UPI,Delivered
4002,208,2025-02-27,Credit Card,Delivered
4003,19,2025-11-24,Credit Card,Delivered
4004,376,2025-08-07,UPI,Delivered
4005,392,2025-04-19,Debit Card,Cancelled
4006,166,2025-10-06,Credit Card,Cancelled
4007,38,2025-06-23,UPI,Delivered
4008,181,2025-11-24,UPI,Delivered
4009,349,2025-09-21,Debit Card,Delivered
4010,105,2025-11-11,UPI,Cancelled
4011,100,2025-04-21,Debit Card,Delivered
4012,90,2025-07-06,UPI,Cancelled
4013,415,2025-09-26,Credit Card,Delivered
4014,300,2025-08-17,Debit Card,Delivered
4015,444,2025-06-05,Debit Card,Delivered
4016,332,2025-07-08,UPI,Delivered
4017,401,2025-09-29,UPI,Cancelled
4018,79,2025-01-02,Debit Card,Delivered
4019,73,2025-09-03,UPI,Delivered
4020,423,2025-07-29,UPI,Delivered
4021,426,2025-10-13,Cash on Delivery,Delivered
4022,176,2025-12-25,UPI,Delivered
4023,396,2025-01-13,UPI,Delivered
4024,96,2025-04-06,UPI,Cancelled
4025,345,2025-08-09,Credit Card,Delivered
4026,103,2025-08-26,Credit Card,Delivered
4027,402,2025-04-04,UPI,Delivered
4028,463,2025-12-04,UPI,Delivered
4029,224,2025-09-26,UPI,Delivered
4030,6,2025-06-20,Credit Card,Delivered
4031,122,2025-04-04,UPI,Delivered
4032,236,2025-05-29,Cash on Delivery,Delivered
4033,427,2025-04-22,UPI,Delivered
4034,116,2025-02-24,Cash on Delivery,Delivered
4035,163,2025-12-03,UPI,Cancelled
4036,226,2025-04-26,Debit Card,Delivered
4037,230,2025-05-23,UPI,Delivered
4038,182,2025-07-20,UPI,Delivered
4039,249,2025-06-29,Debit Card,Delivered
4040,318,2025-07-21,Debit Card,Delivered
4041,453,2025-12-30,UPI,Delivered
4042,210,2025-02-22,Debit Card,Delivered
4043,144,2025-06-29,Credit Card,Delivered
4044,392,2025-11-09,Debit Card,Delivered
4045,345,2025-11-04,UPI,Delivered
4046,96,2025-05-17,Credit Card,Delivered
4047,382,2025-07-01,Credit Card,Delivered
4048,346,2025-01-01,UPI,Delivered
4049,244,2025-02-13,Debit Card,Delivered
4050,86,2025-08-15,UPI,Delivered
4051,415,2025-11-27,UPI,Delivered
4052,491,2025-04-08,Credit Card,Delivered
4053,394,2025-07-27,Credit Card,Delivered
4054,184,2025-09-22,UPI,Delivered
4055,121,2025-10-15,UPI,Cancelled
4056,332,2025-09-28,Cash on Delivery,Delivered
4057,92,2025-05-20,UPI,Cancelled
4058,70,2025-08-25,Credit Card,Delivered
4059,404,2025-03-13,Debit Card,Delivered
4060,133,2025-06-04,UPI,Delivered
4061,279,2025-07-09,Cash on Delivery,Delivered
4062,137,2025-09-25,Debit Card,Delivered
4063,314,2025-11-17,Credit Card,Delivered
4064,187,2025-04-17,Credit Card,Delivered
4065,221,2025-08-20,Credit Card,Delivered
4066,464,2025-02-11,Credit Card,Cancelled
4067,438,2025-07-09,Debit Card,Cancelled
4068,46,2025-05-19,UPI,Delivered
4069,278,2025-04-13,UPI,Delivered
4070,192,2025-06-20,UPI,Delivered
4071,8,2025-12-17,UPI,Returned
4072,379,2025-09-30,UPI,Delivered
4073,276,2025-08-09,Debit Card,Delivered
4074,179,2025-08-01,Credit Card,Delivered
4075,334,2025-12-07,Credit Card,Delivered
4076,39,2025-02-25,Credit Card,Delivered
4077,293,2025-12-08,Debit Card,Returned
4078,178,2025-04-12,Credit Card,Delivered
4079,162,2025-07-11,Debit Card,Cancelled
4080,331,2025-11-06,UPI,Delivered
4081,374,2025-07-19,Cash on Delivery,Delivered
4082,104,2025-08-21,Credit Card,Delivered
4083,161,2025-08-15,UPI,Delivered
4084,287,2025-05-19,Credit Card,Cancelled
4085,123,2025-12-10,Credit Card,Delivered
4086,54,2025-11-01,UPI,Delivered
4087,428,2025-05-29,Credit Card,Delivered
4088,34,2025-04-25,UPI,Delivered
4089,242,2025-03-04,UPI,Returned
4090,455,2025-04-14,Cash on Delivery,Delivered
4091,378,2025-12-05,Credit Card,Delivered
4092,113,2025-12-25,Debit Card,Delivered
4093,318,2025-06-05,Credit Card,Delivered
4094,23,2025-09-30,UPI,Delivered
4095,46,2025-01-06,Credit Card,Delivered
4096,312,2025-05-27,Credit Card,Delivered
4097,135,2025-07-03,Cash on Delivery,Delivered
4098,118,2025-01-28,UPI,Returned
4099,473,2025-02-07,Debit Card,Delivered
4100,189,2025-04-29,Cash on Delivery,Delivered
4101,131,2025-10-20,Credit Card,Returned
4102,422,2025-09-01,Cash on Delivery,Delivered
4103,212,2025-03-09,UPI,Returned
4104,418,2025-08-02,Cash on Delivery,Returned
4105,113,2025-08-06,Debit Card,Delivered
4106,44,2025-06-26,UPI,Delivered
4107,128,2025-10-26,Cash on Delivery,Delivered
4108,364,2025-06-13,Credit Card,Delivered
4109,158,2025-02-27,Credit Card,Delivered
4110,273,2025-09-26,Credit Card,Delivered
4111,315,2025-11-04,UPI,Delivered
4112,394,2025-02-27,Credit Card,Delivered
4113,355,2025-10-15,Debit Card,Delivered
4114,340,2025-04-15,UPI,Cancelled
4115,402,2025-08-16,UPI,Delivered
4116,45,2025-09-04,UPI,Delivered
4117,108,2025-07-07,UPI,Cancelled
4118,219,2025-03-24,Debit Card,Delivered
4119,443,2025-07-05,Debit Card,Delivered
4120,318,2025-09-09,Cash on Delivery,Delivered
4121,315,2025-12-21,Credit Card,Delivered
4122,177,2025-08-26,UPI,Delivered
4123,228,2025-12-26,Cash on Delivery,Delivered
4124,191,2025-07-03,Debit Card,Delivered
4125,471,2025-10-11,Credit Card,Delivered
4126,160,2025-07-29,Credit Card,Cancelled
4127,394,2025-10-31,Cash on Delivery,Delivered
4128,267,2025-10-23,Debit Card,Cancelled
4129,358,2025-04-07,UPI,Delivered
4130,326,2025-07-27,Debit Card,Delivered
4131,379,2025-05-17,UPI,Cancelled
4132,489,2025-07-03,UPI,Delivered
4133,190,2025-03-17,UPI,Delivered
4134,175,2025-10-14,UPI,Delivered
4135,290,2025-05-22,UPI,Delivered
4136,484,2025-08-25,UPI,Delivered
4137,357,2025-01-25,Credit Card,Delivered
4138,145,2025-10-17,Debit Card,Delivered
4139,232,2025-03-08,Cash on Delivery,Delivered
4140,360,2025-09-07,UPI,Delivered
4141,438,2025-04-28,Credit Card,Delivered
4142,204,2025-03-14,Cash on Delivery,Returned
4143,213,2025-10-09,UPI,Delivered
4144,40,2025-12-26,Debit Card,Delivered
4145,275,2025-01-10,Debit Card,Delivered
4146,323,2025-07-30,UPI,Delivered
4147,82,2025-11-19,Debit Card,Delivered
4148,181,2025-06-01,Debit Card,Delivered
4149,499,2025-01-05,UPI,Delivered
4150,320,2025-07-14,UPI,Delivered
4151,83,2025-10-10,UPI,Delivered
4152,303,2025-04-23,UPI,Delivered
4153,262,2025-09-28,Credit Card,Delivered
4154,272,2025-06-12,Credit Card,Delivered
4155,200,2025-04-15,UPI,Delivered
4156,240,2025-06-30,Cash on Delivery,Delivered
4157,402,2025-02-13,UPI,Returned
4158,180,2025-10-09,UPI,Cancelled
4159,432,2025-06-24,UPI,Cancelled
4160,171,2025-06-11,Credit Card,Delivered
4161,295,2025-12-17,UPI,Delivered
4162,177,2025-12-06,UPI,Delivered
4163,369,2025-05-20,UPI,Delivered
4164,396,2025-05-12,Debit Card,Delivered
4165,237,2025-03-28,Cash on Delivery,Delivered
4166,138,2025-06-25,UPI,Delivered
4167,327,2025-07-02,UPI,Delivered
4168,366,2025-05-09,Credit Card,Returned
4169,311,2025-09-03,Debit Card,Delivered
4170,129,2025-03-30,UPI,Delivered
4171,49,2025-03-07,Cash on Delivery,Delivered
4172,164,2025-06-07,Credit Card,Cancelled
4173,277,2025-05-29,Credit Card,Delivered
4174,293,2025-12-06,Credit Card,Cancelled
4175,116,2025-04-26,Cash on Delivery,Delivered
4176,24,2025-08-02,Debit Card,Delivered
4177,311,2025-10-21,UPI,Delivered
4178,25,2025-09-10,UPI,Delivered
4179,391,2025-05-23,Credit Card,Cancelled
4180,127,2025-09-07,UPI,Returned
4181,234,2025-10-29,Debit Card,Delivered
4182,209,2025-01-25,Debit Card,Delivered
4183,93,2025-10-04,Debit Card,Delivered
4184,94,2025-03-11,Cash on Delivery,Delivered
4185,327,2025-04-23,UPI,Delivered
4186,225,2025-12-29,Debit Card,Delivered
4187,455,2025-04-22,Debit Card,Delivered
4188,378,2025-12-30,UPI,Delivered
4189,280,2025-10-30,Debit Card,Delivered
4190,11,2025-04-01,UPI,Delivered
4191,329,2025-01-18,Debit Card,Delivered
4192,12,2025-05-29,Credit Card,Delivered
4193,35,2025-08-15,UPI,Delivered
4194,447,2025-08-02,Credit Card,Delivered
4195,452,2025-12-26,Credit Card,Delivered
4196,228,2025-05-31,UPI,Delivered
4197,220,2025-07-11,UPI,Delivered
4198,441,2025-02-09,UPI,Returned
4199,141,2025-08-30,Credit Card,Delivered
4200,23,2025-05-18,Debit Card,Cancelled
4201,83,2025-12-11,Cash on Delivery,Cancelled
4202,490,2025-06-29,Credit Card,Delivered
4203,229,2025-07-19,Debit Card,Delivered
4204,423,2025-07-22,UPI,Delivered
4205,344,2025-03-02,Debit Card,Delivered
4206,80,2025-07-11,UPI,Delivered
4207,353,2025-01-05,UPI,Delivered
4208,396,2025-08-25,Credit Card,Delivered
4209,290,2025-06-30,UPI,Delivered
4210,455,2025-11-07,Debit Card,Delivered
4211,331,2025-02-06,Debit Card,Cancelled
4212,159,2025-02-25,UPI,Delivered
4213,477,2025-08-25,UPI,Cancelled
4214,128,2025-12-24,Debit Card,Delivered
4215,190,2025-12-15,Debit Card,Delivered
4216,397,2025-07-16,UPI,Cancelled
4217,31,2025-03-14,UPI,Cancelled
4218,386,2025-02-28,Credit Card,Delivered
4219,359,2025-08-28,Credit Card,Delivered
4220,15,2025-01-02,UPI,Delivered
4221,313,2025-12-26,UPI,Delivered
4222,75,2025-07-07,Debit Card,Delivered
4223,34,2025-11-03,Credit Card,Cancelled
4224,359,2025-01-30,Cash on Delivery,Delivered
4225,196,2025-09-24,Debit Card,Delivered
4226,331,2025-04-18,Cash on Delivery,Delivered
4227,29,2025-11-28,UPI,Cancelled
4228,194,2025-03-31,Debit Card,Returned
4229,16,2025-07-24,UPI,Delivered
4230,423,2025-08-08,Credit Card,Delivered
4231,77,2025-04-04,Credit Card,Delivered
4232,293,2025-04-13,UPI,Delivered
4233,81,2025-08-11,Debit Card,Delivered
4234,405,2025-07-05,Debit Card,Cancelled
4235,428,2025-07-03,UPI,Returned
4236,124,2025-06-11,Credit Card,Delivered
4237,19,2025-09-04,UPI,Delivered
4238,455,2025-01-31,UPI,Delivered
4239,102,2025-02-21,Debit Card,Delivered
4240,392,2025-12-11,UPI,Delivered
4241,77,2025-03-17,Cash on Delivery,Delivered
4242,229,2025-10-05,UPI,Delivered
4243,450,2025-02-09,Credit Card,Delivered
4244,297,2025-04-11,Credit Card,Delivered
4245,203,2025-04-21,UPI,Delivered
4246,472,2025-11-17,UPI,Delivered
4247,454,2025-09-06,Debit Card,Delivered
4248,61,2025-07-10,Debit Card,Delivered
4249,26,2025-07-01,UPI,Delivered
4250,71,2025-12-01,Credit Card,Delivered
4251,103,2025-07-28,UPI,Delivered
4252,467,2025-01-22,UPI,Returned
4253,326,2025-06-15,Credit Card,Delivered
4254,363,2025-04-09,UPI,Delivered
4255,157,2025-07-27,Debit Card,Delivered
4256,363,2025-01-08,Debit Card,Delivered
4257,359,2025-07-09,Cash on Delivery,Delivered
4258,194,2025-06-24,Credit Card,Cancelled
4259,275,2025-09-30,Cash on Delivery,Returned
4260,324,2025-01-17,Credit Card,Delivered
4261,186,2025-03-31,Credit Card,Delivered
4262,326,2025-05-21,Cash on Delivery,Delivered
4263,113,2025-05-25,Credit Card,Delivered
4264,313,2025-06-15,UPI,Delivered
4265,165,2025-12-03,Debit Card,Delivered
4266,61,2025-03-19,Cash on Delivery,Cancelled
4267,92,2025-09-19,Debit Card,Delivered
4268,286,2025-06-12,Credit Card,Delivered
4269,455,2025-01-14,Credit Card,Delivered
4270,457,2025-08-27,Cash on Delivery,Delivered
4271,153,2025-03-13,UPI,Delivered
4272,225,2025-05-23,Credit Card,Cancelled
4273,127,2025-11-06,UPI,Delivered
4274,193,2025-10-10,Credit Card,Delivered
4275,115,2025-09-26,Credit Card,Delivered
4276,262,2025-08-29,UPI,Delivered
4277,18,2025-09-02,UPI,Cancelled
4278,10,2025-06-12,Credit Card,Delivered
4279,92,2025-03-01,UPI,Returned
4280,139,2025-01-06,UPI,Delivered
4281,481,2025-07-16,Debit Card,Delivered
4282,449,2025-02-27,UPI,Delivered
4283,333,2025-11-01,Credit Card,Delivered
4284,357,2025-08-05,Cash on Delivery,Delivered
4285,340,2025-01-26,UPI,Delivered
4286,449,2025-10-30,UPI,Delivered
4287,52,2025-01-05,Credit Card,Delivered
4288,195,2025-01-20,Debit Card,Returned
4289,466,2025-07-17,Cash on Delivery,Returned
4290,489,2025-02-28,Cash on Delivery,Delivered
4291,206,2025-08-30,Debit Card,Cancelled
4292,287,2025-05-26,UPI,Delivered
4293,475,2025-09-30,UPI,Delivered
4294,401,2025-09-06,UPI,Delivered
4295,439,2025-01-14,UPI,Returned
4296,366,2025-01-13,Debit Card,Delivered
4297,93,2025-02-13,Credit Card,Delivered
4298,420,2025-01-19,UPI,Delivered
4299,485,2025-03-04,Debit Card,Delivered
4300,410,2025-08-27,UPI,Delivered
4301,309,2025-12-03,UPI,Delivered
4302,145,2025-04-10,Credit Card,Delivered
4303,86,2025-06-12,UPI,Returned
4304,153,2025-05-02,UPI,Delivered
4305,2,2025-02-13,UPI,Cancelled
4306,342,2025-12-26,UPI,Delivered
4307,389,2025-11-13,Debit Card,Delivered
4308,260,2025-05-25,Cash on Delivery,Delivered
4309,164,2025-11-23,UPI,Delivered
4310,6,2025-12-29,UPI,Cancelled
4311,500,2025-02-19,Debit Card,Delivered
4312,149,2025-03-06,Cash on Delivery,Cancelled
4313,205,2025-12-21,UPI,Delivered
4314,118,2025-10-15,UPI,Delivered
4315,485,2025-06-13,Debit Card,Delivered
4316,89,2025-05-21,Credit Card,Delivered
4317,154,2025-11-10,UPI,Delivered
4318,439,2025-05-08,Credit Card,Delivered
4319,167,2025-08-27,UPI,Delivered
4320,468,2025-11-20,Credit Card,Delivered
4321,161,2025-10-23,Credit Card,Delivered
4322,270,2025-07-06,Debit Card,Cancelled
4323,56,2025-07-27,Credit Card,Delivered
4324,228,2025-08-08,UPI,Delivered
4325,337,2025-07-09,UPI,Delivered
4326,149,2025-12-12,Debit Card,Delivered
4327,46,2025-10-11,UPI,Delivered
4328,144,2025-12-18,UPI,Delivered
4329,238,2025-08-25,UPI,Delivered
4330,272,2025-07-13,Debit Card,Delivered
4331,120,2025-10-14,Credit Card,Delivered
4332,340,2025-09-16,UPI,Delivered
4333,413,2025-09-03,UPI,Delivered
4334,220,2025-05-16,Debit Card,Delivered
4335,8,2025-10-07,Credit Card,Delivered
4336,344,2025-09-28,Debit Card,Delivered
4337,387,2025-06-20,Debit Card,Delivered
4338,473,2025-06-08,Cash on Delivery,Delivered
4339,275,2025-07-20,UPI,Delivered
4340,353,2025-02-14,Cash on Delivery,Returned
4341,66,2025-09-21,UPI,Delivered
4342,79,2025-03-12,UPI,Delivered
4343,86,2025-12-30,Debit Card,Delivered
4344,124,2025-04-13,UPI,Delivered
4345,202,2025-05-05,UPI,Delivered
4346,466,2025-11-09,UPI,Delivered
4347,150,2025-10-13,Credit Card,Cancelled
4348,46,2025-08-18,UPI,Delivered
4349,113,2025-05-26,Debit Card,Delivered
4350,91,2025-07-16,Debit Card,Delivered
4351,141,2025-08-09,Credit Card,Returned
4352,289,2025-03-01,UPI,Delivered
4353,389,2025-04-08,Cash on Delivery,Delivered
4354,218,2025-06-20,UPI,Delivered
4355,77,2025-06-22,UPI,Delivered
4356,411,2025-05-31,UPI,Delivered
4357,377,2025-12-16,Credit Card,Cancelled
4358,384,2025-05-02,UPI,Delivered
4359,334,2025-04-18,UPI,Delivered
4360,152,2025-01-04,UPI,Delivered
4361,323,2025-04-03,UPI,Delivered
4362,239,2025-01-06,Credit Card,Delivered
4363,115,2025-10-15,Debit Card,Delivered
4364,319,2025-04-16,Debit Card,Delivered
4365,369,2025-05-26,UPI,Delivered
4366,94,2025-09-28,UPI,Delivered
4367,483,2025-04-06,Cash on Delivery,Delivered
4368,48,2025-08-17,UPI,Delivered
4369,191,2025-07-21,Debit Card,Delivered
4370,462,2025-07-31,UPI,Delivered
4371,12,2025-01-06,Cash on Delivery,Returned
4372,156,2025-04-22,UPI,Delivered
4373,172,2025-11-19,UPI,Delivered
4374,477,2025-04-16,Debit Card,Delivered
4375,427,2025-05-19,Credit Card,Delivered
4376,401,2025-10-26,UPI,Delivered
4377,296,2025-04-06,Credit Card,Delivered
4378,177,2025-12-03,Debit Card,Delivered
4379,341,2025-10-24,UPI,Delivered
4380,57,2025-08-02,UPI,Delivered
4381,343,2025-10-18,Credit Card,Delivered
4382,340,2025-01-22,UPI,Cancelled
4383,448,2025-07-12,Credit Card,Delivered
4384,203,2025-05-30,UPI,Delivered
4385,185,2025-09-04,UPI,Delivered
4386,121,2025-09-24,UPI,Delivered
4387,226,2025-09-08,Credit Card,Delivered
4388,202,2025-01-03,UPI,Delivered
4389,330,2025-11-12,UPI,Delivered
4390,363,2025-03-17,UPI,Delivered
4391,380,2025-03-28,Cash on Delivery,Delivered
4392,454,2025-09-27,UPI,Delivered
4393,356,2025-08-13,Debit Card,Delivered
4394,216,2025-01-18,UPI,Delivered
4395,460,2025-04-23,UPI,Delivered
4396,43,2025-09-08,Credit Card,Cancelled
4397,375,2025-08-21,Credit Card,Delivered
4398,23,2025-11-25,Cash on Delivery,Delivered
4399,155,2025-10-06,Cash on Delivery,Delivered
4400,186,2025-07-21,Debit Card,Delivered
4401,249,2025-03-24,Credit Card,Delivered
4402,237,2025-05-05,Credit Card,Delivered
4403,293,2025-06-24,UPI,Delivered
4404,134,2025-03-10,Cash on Delivery,Delivered
4405,321,2025-02-16,Credit Card,Cancelled
4406,390,2025-09-13,Credit Card,Cancelled
4407,434,2025-08-03,UPI,Returned
4408,22,2025-01-30,UPI,Delivered
4409,361,2025-10-08,Cash on Delivery,Cancelled
4410,88,2025-08-25,UPI,Delivered
4411,153,2025-09-05,UPI,Delivered
4412,125,2025-01-25,UPI,Delivered
4413,79,2025-03-15,Debit Card,Delivered
4414,346,2025-07-25,UPI,Cancelled
4415,456,2025-11-10,Debit Card,Delivered
4416,51,2025-04-04,UPI,Delivered
4417,216,2025-05-07,Debit Card,Delivered
4418,176,2025-01-25,Debit Card,Cancelled
4419,358,2025-11-30,UPI,Delivered
4420,253,2025-12-21,Credit Card,Returned
4421,454,2025-04-26,UPI,Delivered
4422,246,2025-02-17,UPI,Delivered
4423,227,2025-08-14,Debit Card,Delivered
4424,106,2025-09-23,UPI,Delivered
4425,193,2025-04-09,UPI,Delivered
4426,316,2025-01-11,UPI,Delivered
4427,302,2025-03-26,UPI,Delivered
4428,36,2025-08-02,Debit Card,Delivered
4429,442,2025-06-22,UPI,Delivered
4430,204,2025-07-28,Cash on Delivery,Delivered
4431,422,2025-03-05,Cash on Delivery,Delivered
4432,267,2025-09-15,UPI,Delivered
4433,268,2025-11-28,UPI,Delivered
4434,170,2025-05-01,Debit Card,Delivered
4435,498,2025-10-25,UPI,Delivered
4436,39,2025-02-23,UPI,Delivered
4437,455,2025-11-27,UPI,Delivered
4438,139,2025-09-29,Credit Card,Returned
4439,292,2025-08-29,Debit Card,Delivered
4440,52,2025-08-31,UPI,Returned
4441,287,2025-01-18,UPI,Delivered
4442,289,2025-07-06,Cash on Delivery,Delivered
4443,141,2025-12-12,Debit Card,Delivered
4444,146,2025-05-24,Credit Card,Delivered
4445,425,2025-09-19,Debit Card,Delivered
4446,314,2025-12-30,UPI,Delivered
4447,184,2025-08-27,Debit Card,Delivered
4448,152,2025-10-31,UPI,Delivered
4449,201,2025-10-25,UPI,Delivered
4450,128,2025-03-17,Debit Card,Delivered
4451,287,2025-07-07,UPI,Delivered
4452,311,2025-11-29,Cash on Delivery,Delivered
4453,253,2025-09-03,UPI,Delivered
4454,489,2025-05-10,Cash on Delivery,Delivered
4455,266,2025-11-11,Cash on Delivery,Delivered
4456,188,2025-10-10,UPI,Delivered
4457,386,2025-03-20,Debit Card,Delivered
4458,230,2025-03-13,UPI,Delivered
4459,271,2025-09-20,Cash on Delivery,Delivered
4460,259,2025-07-10,Credit Card,Delivered
4461,299,2025-03-04,Debit Card,Delivered
4462,415,2025-01-12,Credit Card,Delivered
4463,198,2025-05-21,UPI,Delivered
4464,323,2025-09-11,UPI,Cancelled
4465,56,2025-02-12,UPI,Delivered
4466,319,2025-01-17,Debit Card,Delivered
4467,203,2025-03-04,Credit Card,Delivered
4468,271,2025-09-10,Credit Card,Delivered
4469,109,2025-10-19,UPI,Cancelled
4470,116,2025-01-08,Credit Card,Delivered
4471,92,2025-11-21,UPI,Delivered
4472,138,2025-03-31,Debit Card,Delivered
4473,422,2025-07-27,Cash on Delivery,Delivered
4474,303,2025-10-19,UPI,Delivered
4475,57,2025-10-11,UPI,Delivered
4476,50,2025-04-28,UPI,Delivered
4477,498,2025-12-15,Credit Card,Delivered
4478,71,2025-06-24,Credit Card,Delivered
4479,399,2025-03-17,Debit Card,Delivered
4480,402,2025-04-11,UPI,Delivered
4481,82,2025-05-31,Debit Card,Delivered
4482,372,2025-09-27,Credit Card,Returned
4483,105,2025-03-12,UPI,Delivered
4484,88,2025-06-29,Credit Card,Returned
4485,2,2025-05-04,UPI,Delivered
4486,360,2025-10-20,Credit Card,Delivered
4487,84,2025-10-12,Debit Card,Delivered
4488,482,2025-07-14,UPI,Delivered
4489,43,2025-08-16,Debit Card,Cancelled
4490,154,2025-10-02,Credit Card,Cancelled
4491,327,2025-04-16,UPI,Delivered
4492,422,2025-01-21,Credit Card,Delivered
4493,94,2025-03-05,Credit Card,Delivered
4494,298,2025-06-14,UPI,Cancelled
4495,133,2025-01-27,UPI,Delivered
4496,395,2025-11-07,UPI,Delivered
4497,65,2025-10-12,UPI,Delivered
4498,290,2025-05-28,UPI,Delivered
4499,376,2025-10-08,UPI,Delivered
4500,257,2025-11-22,UPI,Delivered
4501,467,2025-11-15,Cash on Delivery,Returned
4502,386,2025-06-13,UPI,Delivered
4503,213,2025-08-12,Debit Card,Delivered
4504,148,2025-09-29,Credit Card,Delivered
4505,61,2025-05-26,Debit Card,Delivered
4506,471,2025-12-22,UPI,Delivered
4507,149,2025-01-30,Cash on Delivery,Delivered
4508,88,2025-02-14,Credit Card,Delivered
4509,324,2025-10-02,Debit Card,Delivered
4510,383,2025-02-03,UPI,Delivered
4511,396,2025-05-21,UPI,Delivered
4512,278,2025-11-14,Credit Card,Delivered
4513,404,2025-08-09,UPI,Delivered
4514,82,2025-12-22,Credit Card,Delivered
4515,129,2025-01-22,UPI,Delivered
4516,286,2025-06-29,Credit Card,Delivered
4517,382,2025-11-25,Cash on Delivery,Delivered
4518,353,2025-08-19,Credit Card,Delivered
4519,280,2025-02-07,Debit Card,Delivered
4520,270,2025-03-11,Credit Card,Delivered
4521,292,2025-04-26,Credit Card,Delivered
4522,453,2025-08-27,Cash on Delivery,Delivered
4523,203,2025-12-01,Debit Card,Delivered
4524,24,2025-05-28,Debit Card,Delivered
4525,444,2025-01-09,UPI,Delivered
4526,351,2025-10-15,Credit Card,Delivered
4527,311,2025-02-19,UPI,Delivered
4528,461,2025-12-04,UPI,Delivered
4529,208,2025-01-05,Credit Card,Delivered
4530,280,2025-12-09,Debit Card,Cancelled
4531,205,2025-05-06,Debit Card,Delivered
4532,152,2025-03-16,UPI,Delivered
4533,438,2025-06-14,UPI,Cancelled
4534,26,2025-10-05,Debit Card,Delivered
4535,194,2025-11-20,UPI,Delivered
4536,336,2025-10-27,Credit Card,Delivered
4537,422,2025-10-17,UPI,Delivered
4538,238,2025-03-18,UPI,Delivered
4539,321,2025-10-25,Cash on Delivery,Delivered
4540,497,2025-05-17,UPI,Returned
4541,75,2025-04-16,UPI,Delivered
4542,435,2025-04-05,UPI,Delivered
4543,163,2025-05-15,Cash on Delivery,Delivered
4544,299,2025-03-09,Debit Card,Delivered
4545,29,2025-05-27,UPI,Delivered
4546,165,2025-06-08,UPI,Delivered
4547,337,2025-06-12,Credit Card,Delivered
4548,186,2025-12-07,UPI,Delivered
4549,54,2025-07-08,Credit Card,Delivered
4550,295,2025-12-05,UPI,Delivered
4551,42,2025-04-05,UPI,Delivered
4552,412,2025-06-30,Credit Card,Delivered
4553,285,2025-10-15,UPI,Delivered
4554,427,2025-11-18,Debit Card,Delivered
4555,387,2025-07-06,UPI,Delivered
4556,500,2025-05-18,UPI,Delivered
4557,138,2025-05-10,Cash on Delivery,Delivered
4558,187,2025-07-13,UPI,Delivered
4559,490,2025-11-12,Debit Card,Delivered
4560,398,2025-09-30,UPI,Delivered
4561,204,2025-12-18,Credit Card,Delivered
4562,431,2025-05-24,Debit Card,Delivered
4563,42,2025-01-16,UPI,Delivered
4564,350,2025-10-29,Debit Card,Delivered
4565,416,2025-09-02,Credit Card,Delivered
4566,288,2025-04-17,UPI,Delivered
4567,426,2025-03-29,Credit Card,Delivered
4568,416,2025-05-09,Credit Card,Delivered
4569,26,2025-12-07,UPI,Delivered
4570,371,2025-01-04,UPI,Delivered
4571,385,2025-11-23,UPI,Returned
4572,56,2025-11-02,UPI,Delivered
4573,253,2025-04-05,Debit Card,Returned
4574,122,2025-07-28,Credit Card,Delivered
4575,106,2025-08-13,Cash on Delivery,Delivered
4576,130,2025-12-14,UPI,Delivered
4577,337,2025-11-17,UPI,Delivered
4578,158,2025-02-16,Debit Card,Delivered
4579,376,2025-06-30,Credit Card,Delivered
4580,231,2025-04-16,Credit Card,Delivered
4581,455,2025-07-18,UPI,Delivered
4582,308,2025-04-16,UPI,Delivered
4583,91,2025-10-07,UPI,Delivered
4584,393,2025-09-17,Cash on Delivery,Cancelled
4585,22,2025-04-18,UPI,Delivered
4586,290,2025-01-19,Debit Card,Delivered
4587,110,2025-10-23,Credit Card,Delivered
4588,49,2025-11-02,UPI,Delivered
4589,129,2025-06-20,Credit Card,Delivered
4590,73,2025-11-27,Debit Card,Delivered
4591,340,2025-07-14,Debit Card,Delivered
4592,53,2025-01-12,UPI,Delivered
4593,467,2025-07-14,UPI,Delivered
4594,356,2025-10-10,UPI,Delivered
4595,380,2025-07-01,UPI,Cancelled
4596,168,2025-11-01,Credit Card,Delivered
4597,45,2025-05-24,Debit Card,Delivered
4598,452,2025-11-12,UPI,Delivered
4599,393,2025-07-01,Debit Card,Cancelled
4600,105,2025-01-30,Credit Card,Delivered
4601,150,2025-03-25,UPI,Delivered
4602,146,2025-06-15,UPI,Cancelled
4603,204,2025-10-11,Debit Card,Delivered
4604,362,2025-10-08,Debit Card,Delivered
4605,299,2025-04-06,Credit Card,Delivered
4606,167,2025-09-23,UPI,Delivered
4607,201,2025-10-25,UPI,Delivered
4608,134,2025-10-23,UPI,Delivered
4609,211,2025-08-13,Credit Card,Delivered
4610,48,2025-11-29,Debit Card,Delivered
4611,126,2025-12-27,UPI,Delivered
4612,239,2025-02-11,Debit Card,Delivered
4613,7,2025-10-30,Credit Card,Delivered
4614,464,2025-09-03,Credit Card,Returned
4615,453,2025-07-27,Cash on Delivery,Delivered
4616,272,2025-08-25,UPI,Delivered
4617,385,2025-01-22,Cash on Delivery,Delivered
4618,371,2025-07-04,UPI,Delivered
4619,37,2025-08-30,UPI,Delivered
4620,487,2025-12-29,Debit Card,Delivered
4621,211,2025-10-10,Cash on Delivery,Delivered
4622,165,2025-02-10,Credit Card,Delivered
4623,125,2025-12-02,Credit Card,Delivered
4624,337,2025-06-11,Debit Card,Delivered
4625,192,2025-06-09,Debit Card,Delivered
4626,218,2025-03-30,UPI,Delivered
4627,214,2025-11-18,Debit Card,Delivered
4628,62,2025-01-12,Credit Card,Delivered
4629,328,2025-03-14,Credit Card,Delivered
4630,445,2025-03-17,UPI,Delivered
4631,381,2025-12-12,Credit Card,Returned
4632,161,2025-07-20,Cash on Delivery,Delivered
4633,66,2025-01-10,Credit Card,Delivered
4634,286,2025-12-18,Cash on Delivery,Delivered
4635,239,2025-08-14,UPI,Delivered
4636,20,2025-06-25,Debit Card,Delivered
4637,188,2025-10-03,Debit Card,Delivered
4638,82,2025-02-08,Credit Card,Returned
4639,363,2025-03-01,Credit Card,Cancelled
4640,202,2025-03-07,Credit Card,Delivered
4641,408,2025-11-17,Debit Card,Delivered
4642,132,2025-05-04,Debit Card,Delivered
4643,37,2025-06-13,UPI,Delivered
4644,132,2025-06-08,Debit Card,Delivered
4645,77,2025-02-26,UPI,Delivered
4646,89,2025-03-19,UPI,Delivered
4647,461,2025-07-13,Debit Card,Delivered
4648,402,2025-10-12,UPI,Delivered
4649,253,2025-01-15,Debit Card,Cancelled
4650,344,2025-01-12,UPI,Cancelled
4651,194,2025-04-11,UPI,Delivered
4652,176,2025-06-05,Credit Card,Delivered
4653,33,2025-12-06,UPI,Returned
4654,58,2025-05-05,Debit Card,Delivered
4655,467,2025-12-25,UPI,Delivered
4656,201,2025-10-07,UPI,Delivered
4657,28,2025-04-20,UPI,Cancelled
4658,35,2025-11-30,UPI,Delivered
4659,487,2025-12-23,Debit Card,Delivered
4660,125,2025-05-26,UPI,Returned
4661,394,2025-08-04,Credit Card,Delivered
4662,321,2025-06-11,Cash on Delivery,Delivered
4663,42,2025-05-08,Credit Card,Delivered
4664,85,2025-11-10,Debit Card,Delivered
4665,393,2025-11-28,UPI,Delivered
4666,188,2025-05-30,UPI,Delivered
4667,111,2025-02-05,Debit Card,Delivered
4668,271,2025-06-22,Debit Card,Delivered
4669,483,2025-01-22,Credit Card,Delivered
4670,441,2025-07-25,Credit Card,Delivered
4671,325,2025-05-07,UPI,Delivered
4672,105,2025-12-02,UPI,Delivered
4673,406,2025-12-22,Debit Card,Delivered
4674,320,2025-08-05,Credit Card,Delivered
4675,41,2025-04-06,Credit Card,Delivered
4676,215,2025-06-13,Debit Card,Delivered
4677,71,2025-05-28,UPI,Delivered
4678,56,2025-01-18,UPI,Delivered
4679,407,2025-10-21,Debit Card,Delivered
4680,236,2025-07-14,Debit Card,Delivered
4681,281,2025-05-31,Credit Card,Delivered
4682,475,2025-12-31,UPI,Delivered
4683,105,2025-05-03,UPI,Delivered
4684,390,2025-07-06,Credit Card,Delivered
4685,375,2025-05-29,UPI,Delivered
4686,162,2025-04-14,Debit Card,Delivered
4687,191,2025-08-31,Cash on Delivery,Delivered
4688,9,2025-08-19,Debit Card,Returned
4689,60,2025-07-25,UPI,Delivered
4690,381,2025-07-17,Debit Card,Delivered
4691,305,2025-12-03,UPI,Delivered
4692,225,2025-03-28,UPI,Returned
4693,307,2025-05-22,UPI,Delivered
4694,188,2025-11-13,UPI,Delivered
4695,70,2025-07-18,Cash on Delivery,Delivered
4696,293,2025-02-15,UPI,Delivered
4697,287,2025-10-15,UPI,Delivered
4698,482,2025-01-15,Cash on Delivery,Delivered
4699,169,2025-02-13,UPI,Delivered
4700,62,2025-06-18,Debit Card,Delivered
4701,349,2025-11-06,UPI,Delivered
4702,442,2025-02-13,UPI,Delivered
4703,14,2025-04-08,Cash on Delivery,Delivered
4704,164,2025-09-18,UPI,Returned
4705,420,2025-04-19,Credit Card,Delivered
4706,245,2025-10-10,UPI,Delivered
4707,335,2025-12-09,UPI,Delivered
4708,8,2025-04-14,UPI,Cancelled
4709,154,2025-09-13,UPI,Delivered
4710,36,2025-07-25,UPI,Delivered
4711,48,2025-12-01,Debit Card,Delivered
4712,85,2025-02-12,Credit Card,Delivered
4713,28,2025-12-19,UPI,Delivered
4714,196,2025-09-02,UPI,Delivered
4715,446,2025-10-14,Cash on Delivery,Delivered
4716,208,2025-12-21,Cash on Delivery,Delivered
4717,470,2025-09-30,Debit Card,Delivered
4718,204,2025-03-24,Debit Card,Delivered
4719,464,2025-04-20,UPI,Delivered
4720,307,2025-07-09,UPI,Delivered
4721,104,2025-10-15,Credit Card,Delivered
4722,230,2025-09-08,Credit Card,Delivered
4723,426,2025-07-31,Credit Card,Delivered
4724,101,2025-10-18,UPI,Delivered
4725,29,2025-05-13,Cash on Delivery,Delivered
4726,127,2025-07-20,Debit Card,Delivered
4727,338,2025-10-12,UPI,Delivered
4728,10,2025-11-22,Debit Card,Delivered
4729,106,2025-04-05,UPI,Delivered
4730,167,2025-10-05,UPI,Returned
4731,466,2025-11-21,UPI,Cancelled
4732,257,2025-08-07,UPI,Delivered
4733,295,2025-03-30,UPI,Delivered
4734,277,2025-03-13,Debit Card,Delivered
4735,65,2025-09-04,UPI,Delivered
4736,271,2025-05-09,Credit Card,Delivered
4737,388,2025-07-31,UPI,Delivered
4738,188,2025-12-09,UPI,Cancelled
4739,317,2025-04-06,Debit Card,Cancelled
4740,404,2025-03-16,Credit Card,Delivered
4741,138,2025-02-23,Cash on Delivery,Delivered
4742,343,2025-12-10,Cash on Delivery,Delivered
4743,105,2025-02-23,UPI,Delivered
4744,34,2025-08-06,UPI,Delivered
4745,380,2025-01-16,Debit Card,Delivered
4746,110,2025-04-09,Cash on Delivery,Delivered
4747,432,2025-01-20,Credit Card,Cancelled
4748,33,2025-02-15,Debit Card,Delivered
4749,354,2025-07-12,Debit Card,Delivered
4750,231,2025-02-27,UPI,Delivered
4751,317,2025-04-21,Credit Card,Delivered
4752,266,2025-05-09,Debit Card,Cancelled
4753,182,2025-12-03,Credit Card,Delivered
4754,340,2025-07-13,UPI,Delivered
4755,65,2025-12-06,UPI,Delivered
4756,333,2025-11-22,UPI,Delivered
4757,1,2025-01-08,UPI,Returned
4758,133,2025-01-29,Cash on Delivery,Delivered
4759,80,2025-04-22,UPI,Delivered
4760,271,2025-06-10,UPI,Delivered
4761,241,2025-05-11,UPI,Delivered
4762,28,2025-07-07,Credit Card,Delivered
4763,223,2025-06-12,Credit Card,Delivered
4764,23,2025-07-16,UPI,Delivered
4765,496,2025-12-30,UPI,Cancelled
4766,109,2025-07-23,UPI,Delivered
4767,107,2025-07-31,Credit Card,Delivered
4768,145,2025-04-19,UPI,Cancelled
4769,369,2025-10-03,Cash on Delivery,Delivered
4770,354,2025-03-14,Credit Card,Delivered
4771,397,2025-06-16,UPI,Delivered
4772,398,2025-09-17,Debit Card,Delivered
4773,139,2025-08-31,UPI,Delivered
4774,284,2025-10-02,Credit Card,Delivered
4775,298,2025-04-12,UPI,Delivered
4776,480,2025-06-22,Credit Card,Delivered
4777,99,2025-06-20,Debit Card,Delivered
4778,317,2025-05-21,Cash on Delivery,Delivered
4779,123,2025-07-07,UPI,Delivered
4780,320,2025-03-27,UPI,Delivered
4781,287,2025-02-21,Credit Card,Delivered
4782,81,2025-04-21,Cash on Delivery,Delivered
4783,495,2025-12-31,Cash on Delivery,Delivered
4784,457,2025-12-08,UPI,Delivered
4785,10,2025-02-12,UPI,Delivered
4786,8,2025-07-30,Credit Card,Delivered
4787,405,2025-07-19,UPI,Delivered
4788,205,2025-10-25,UPI,Delivered
4789,315,2025-12-12,UPI,Delivered
4790,434,2025-08-28,Credit Card,Delivered
4791,197,2025-04-25,Cash on Delivery,Cancelled
4792,198,2025-01-26,Cash on Delivery,Returned
4793,30,2025-10-26,UPI,Delivered
4794,479,2025-03-18,Credit Card,Delivered
4795,401,2025-05-17,Debit Card,Delivered
4796,459,2025-01-20,UPI,Delivered
4797,20,2025-07-30,Credit Card,Delivered
4798,48,2025-08-28,UPI,Cancelled
4799,457,2025-02-08,UPI,Returned
4800,130,2025-09-25,UPI,Cancelled
4801,293,2025-07-26,UPI,Delivered
4802,385,2025-09-24,Credit Card,Delivered
4803,132,2025-06-03,UPI,Delivered
4804,356,2025-02-11,UPI,Delivered
4805,54,2025-01-11,UPI,Delivered
4806,378,2025-10-21,Debit Card,Delivered
4807,281,2025-04-08,Credit Card,Delivered
4808,387,2025-10-02,Credit Card,Delivered
4809,265,2025-08-18,Credit Card,Delivered
4810,470,2025-08-08,UPI,Delivered
4811,215,2025-03-06,UPI,Delivered
4812,460,2025-12-21,Debit Card,Delivered
4813,458,2025-08-20,UPI,Delivered
4814,290,2025-11-24,UPI,Delivered
4815,43,2025-02-21,Debit Card,Delivered
4816,74,2025-09-20,UPI,Delivered
4817,350,2025-09-24,UPI,Delivered
4818,278,2025-12-25,Credit Card,Delivered
4819,326,2025-11-13,UPI,Delivered
4820,242,2025-11-20,Debit Card,Cancelled
4821,130,2025-06-03,Credit Card,Delivered
4822,350,2025-12-24,Credit Card,Delivered
4823,194,2025-05-20,Debit Card,Delivered
4824,32,2025-02-20,UPI,Delivered
4825,106,2025-04-27,UPI,Delivered
4826,400,2025-02-15,UPI,Cancelled
4827,204,2025-11-05,UPI,Delivered
4828,1,2025-03-29,Cash on Delivery,Cancelled
4829,245,2025-07-27,Debit Card,Delivered
4830,72,2025-09-26,UPI,Delivered
4831,432,2025-03-30,UPI,Delivered
4832,306,2025-04-28,UPI,Delivered
4833,397,2025-02-23,UPI,Delivered
4834,15,2025-04-26,UPI,Delivered
4835,53,2025-04-28,Credit Card,Delivered
4836,428,2025-09-17,Debit Card,Delivered
4837,8,2025-03-16,Debit Card,Delivered
4838,330,2025-11-01,UPI,Delivered
4839,46,2025-01-07,UPI,Delivered
4840,325,2025-05-02,Credit Card,Delivered
4841,114,2025-01-11,Debit Card,Delivered
4842,147,2025-12-14,Debit Card,Cancelled
4843,495,2025-08-03,Cash on Delivery,Delivered
4844,166,2025-10-06,Credit Card,Delivered
4845,379,2025-01-28,Credit Card,Delivered
4846,139,2025-08-23,UPI,Cancelled
4847,117,2025-11-09,Credit Card,Delivered
4848,299,2025-01-26,UPI,Delivered
4849,276,2025-02-23,UPI,Delivered
4850,404,2025-01-29,Credit Card,Delivered
4851,277,2025-12-19,UPI,Delivered
4852,338,2025-06-13,UPI,Delivered
4853,313,2025-09-27,UPI,Delivered
4854,178,2025-11-30,UPI,Delivered
4855,330,2025-02-04,UPI,Delivered
4856,354,2025-10-13,UPI,Cancelled
4857,154,2025-12-14,UPI,Delivered
4858,414,2025-09-30,UPI,Delivered
4859,201,2025-07-27,Cash on Delivery,Delivered
4860,366,2025-08-26,UPI,Delivered
4861,115,2025-04-03,UPI,Delivered
4862,159,2025-06-22,Credit Card,Cancelled
4863,42,2025-03-20,Debit Card,Delivered
4864,247,2025-04-20,Credit Card,Delivered
4865,68,2025-08-05,UPI,Delivered
4866,445,2025-12-24,Credit Card,Delivered
4867,445,2025-04-16,Debit Card,Delivered
4868,326,2025-02-16,Debit Card,Delivered
4869,334,2025-06-30,Credit Card,Delivered
4870,196,2025-03-05,Debit Card,Delivered
4871,90,2025-09-03,Debit Card,Delivered
4872,111,2025-09-01,Credit Card,Delivered
4873,368,2025-11-16,UPI,Cancelled
4874,359,2025-03-28,Credit Card,Returned
4875,145,2025-08-05,Debit Card,Delivered
4876,275,2025-01-07,UPI,Delivered
4877,179,2025-10-05,Cash on Delivery,Returned
4878,241,2025-12-03,UPI,Delivered
4879,326,2025-07-29,Credit Card,Delivered
4880,319,2025-06-18,Debit Card,Delivered
4881,477,2025-11-26,UPI,Delivered
4882,331,2025-05-18,Credit Card,Delivered
4883,464,2025-11-02,UPI,Delivered
4884,414,2025-08-18,UPI,Cancelled
4885,153,2025-11-04,UPI,Delivered
4886,104,2025-06-10,UPI,Delivered
4887,75,2025-01-01,UPI,Delivered
4888,128,2025-08-24,Cash on Delivery,Delivered
4889,199,2025-07-07,Cash on Delivery,Cancelled
4890,154,2025-01-04,UPI,Returned
4891,56,2025-05-12,Debit Card,Delivered
4892,278,2025-08-06,UPI,Returned
4893,345,2025-09-17,UPI,Delivered
4894,19,2025-01-01,UPI,Delivered
4895,159,2025-03-12,Cash on Delivery,Delivered
4896,26,2025-06-27,Cash on Delivery,Delivered
4897,426,2025-07-08,UPI,Cancelled
4898,169,2025-10-18,UPI,Delivered
4899,484,2025-01-08,UPI,Delivered
4900,23,2025-09-10,Credit Card,Delivered
4901,47,2025-10-19,Credit Card,Delivered
4902,13,2025-09-01,UPI,Delivered
4903,217,2025-05-03,Debit Card,Delivered
4904,322,2025-10-26,UPI,Delivered
4905,194,2025-10-10,Cash on Delivery,Delivered
4906,144,2025-02-01,Credit Card,Delivered
4907,73,2025-11-30,UPI,Delivered
4908,156,2025-05-26,Debit Card,Delivered
4909,77,2025-06-05,Debit Card,Delivered
4910,419,2025-01-16,UPI,Delivered
4911,169,2025-12-21,UPI,Delivered
4912,461,2025-02-16,Cash on Delivery,Delivered
4913,287,2025-09-08,UPI,Delivered
4914,85,2025-07-06,UPI,Delivered
4915,416,2025-01-31,Credit Card,Delivered
4916,182,2025-09-17,Debit Card,Delivered
4917,482,2025-01-17,Debit Card,Delivered
4918,456,2025-02-08,Cash on Delivery,Delivered
4919,315,2025-10-31,Credit Card,Delivered
4920,297,2025-02-08,UPI,Delivered
4921,112,2025-05-12,Credit Card,Delivered
4922,450,2025-01-30,Debit Card,Delivered
4923,230,2025-06-07,UPI,Delivered
4924,96,2025-10-05,UPI,Delivered
4925,438,2025-07-22,UPI,Cancelled
4926,168,2025-03-07,Credit Card,Delivered
4927,378,2025-04-18,Debit Card,Delivered
4928,156,2025-09-25,Credit Card,Delivered
4929,421,2025-08-10,Cash on Delivery,Delivered
4930,105,2025-10-19,UPI,Delivered
4931,193,2025-01-18,Cash on Delivery,Delivered
4932,489,2025-03-31,Debit Card,Delivered
4933,330,2025-06-30,UPI,Delivered
4934,439,2025-09-12,Cash on Delivery,Delivered
4935,132,2025-09-10,UPI,Cancelled
4936,355,2025-09-14,Debit Card,Delivered
4937,382,2025-12-12,Debit Card,Delivered
4938,138,2025-03-28,Debit Card,Returned
4939,431,2025-03-31,Credit Card,Delivered
4940,331,2025-08-25,UPI,Returned
4941,270,2025-03-11,Credit Card,Delivered
4942,38,2025-02-13,UPI,Delivered
4943,396,2025-07-19,Debit Card,Delivered
4944,45,2025-06-01,Debit Card,Delivered
4945,401,2025-03-27,Cash on Delivery,Delivered
4946,464,2025-01-19,UPI,Delivered
4947,163,2025-04-11,Debit Card,Delivered
4948,450,2025-04-05,Cash on Delivery,Delivered
4949,331,2025-09-11,Debit Card,Delivered
4950,253,2025-12-23,UPI,Delivered
4951,169,2025-01-30,UPI,Delivered
4952,451,2025-09-06,UPI,Delivered
4953,285,2025-02-02,Credit Card,Delivered
4954,274,2025-08-17,Credit Card,Delivered
4955,20,2025-01-12,Cash on Delivery,Delivered
4956,239,2025-04-28,UPI,Cancelled
4957,270,2025-12-16,UPI,Delivered
4958,418,2025-06-04,Credit Card,Delivered
4959,433,2025-09-03,Debit Card,Delivered
4960,310,2025-11-28,Cash on Delivery,Delivered
4961,31,2025-09-04,Debit Card,Delivered
4962,314,2025-01-29,UPI,Delivered
4963,104,2025-06-10,Credit Card,Delivered
4964,170,2025-08-23,Debit Card,Delivered
4965,186,2025-07-09,Credit Card,Delivered
4966,128,2025-04-27,UPI,Delivered
4967,210,2025-09-28,UPI,Delivered
4968,414,2025-09-15,UPI,Delivered
4969,281,2025-06-29,Debit Card,Delivered
4970,447,2025-06-21,UPI,Delivered
4971,253,2025-10-01,UPI,Returned
4972,19,2025-09-16,UPI,Delivered
4973,200,2025-05-15,Credit Card,Delivered
4974,220,2025-06-20,UPI,Delivered
4975,136,2025-07-29,Credit Card,Delivered
4976,223,2025-08-24,UPI,Delivered
4977,3,2025-07-05,UPI,Delivered
4978,451,2025-12-30,Credit Card,Delivered
4979,236,2025-04-05,UPI,Delivered
4980,342,2025-01-11,UPI,Delivered
4981,465,2025-03-09,UPI,Delivered
4982,228,2025-07-29,Debit Card,Delivered
4983,401,2025-07-15,Credit Card,Cancelled
4984,142,2025-04-08,UPI,Cancelled
4985,499,2025-04-03,UPI,Delivered
4986,9,2025-01-22,Cash on Delivery,Delivered
4987,190,2025-06-21,Credit Card,Delivered
4988,350,2025-05-14,UPI,Delivered
4989,405,2025-01-25,Debit Card,Delivered
4990,460,2025-07-04,Debit Card,Returned
4991,165,2025-03-26,Debit Card,Delivered
4992,480,2025-02-24,Credit Card,Delivered
4993,139,2025-09-08,UPI,Cancelled
4994,276,2025-05-24,UPI,Delivered
4995,291,2025-12-17,Cash on Delivery,Returned
4996,53,2025-06-16,Credit Card,Delivered
4997,175,2025-08-12,UPI,Cancelled
4998,110,2025-08-08,Cash on Delivery,Delivered
4999,203,2025-06-28,Cash on Delivery,Delivered
5000,436,2025-04-29,Cash on Delivery,Delivered
